timestamp,open,high,low,close,volume,close_timestamp,quote_asset_volume,number_of_trades,taker_buy_base_asset_volume,taker_buy_quote_asset_volume
1502928000000,4261.48,4485.39,3850.0,4139.98,2376,1503187199999,10091200.0,10813,1863.45,7925340.0
1503187200000,4120.98,4211.08,3400.0,4040.0,2126,1503446399999,8480100.0,12787,1358.15,5450250.0
1503446400000,4040.0,4453.91,4013.89,4280.68,2362,1503705599999,9929800.0,21430,616.337,2596520.0
1503705600000,4280.71,4400.0,4124.54,4386.69,1183,1503964799999,5091110.0,10279,300.629,1296170.0
1503964800000,4353.65,4745.42,4313.55,4724.89,1969,1504223999999,8946080.0,13871,471.452,2150940.0
1504224000000,4689.89,4939.19,4286.87,4509.08,2181,1504483199999,10043900.0,17497,756.794,3474230.0
1504483200000,4505.0,4662.87,3603.0,4619.77,3431,1504742399999,14619700.0,27357,1535.0,6577890.0
1504742400000,4619.77,4788.59,4028.93,4258.81,2291,1505001599999,9987710.0,11580,994.636,4349200.0
1505001600000,4258.81,4394.59,3801.0,4163.72,2240,1505260799999,9382400.0,14164,1065.77,4466770.0
1505260800000,4159.72,4165.38,2817.0,3700.0,4547,1505519999999,16073400.0,24530,2090.33,7373880.0
1505520000000,3674.01,4123.2,3470.66,4035.01,3010,1505779199999,11340400.0,23384,1316.46,4961240.0
1505779200000,4060.0,4089.97,3567.0,3609.99,2625,1506038399999,10154900.0,23287,1169.85,4525250.0
1506038400000,3592.84,3817.19,3505.55,3660.02,2253,1506297599999,8277270.0,25278,1233.95,4534750.0
1506297600000,3660.02,4249.94,3653.69,4193.0,1883,1506556799999,7400000.0,26084,872.493,3446540.0
1506556800000,4192.11,4380.0,3952.01,4378.51,3172,1506815999999,13213300.0,35584,1317.89,5490160.0
1506816000000,4378.49,4561.63,4180.8,4310.0,2465,1507075199999,10669800.0,30380,1074.25,4657720.0
1507075200000,4314.9,4417.0,4110.0,4369.0,2154,1507334399999,9183980.0,26710,870.119,3708700.0
1507334400000,4369.0,4889.98,4312.56,4786.95,1463,1507593599999,6690400.0,22756,776.164,3560080.0
1507593600000,4786.95,5439.99,4680.59,5430.0,3073,1507852799999,15313300.0,25892,2015.52,10026300.0
1507852800000,5439.99,5922.3,5379.84,5709.99,4194,1508111999999,23685000.0,25374,1913.86,10803300.0
1508112000000,5710.0,5788.91,5037.95,5512.06,5277,1508371199999,29200500.0,33732,2447.61,13553500.0
1508371200000,5513.0,6171.0,5490.26,6024.97,5519,1508630399999,32210700.0,33391,2495.23,14559500.0
1508630400000,6003.27,6080.0,5450.0,5477.03,5755,1508889599999,33207100.0,32657,2421.69,13960600.0
1508889600000,5506.92,5980.0,5286.98,5768.83,5659,1509148799999,32129000.0,31760,2505.92,14237000.0
1509148800000,5768.79,6248.68,5630.03,6120.5,4555,1509407999999,26959300.0,28234,2044.74,12084300.0
1509408000000,6120.52,7300.0,6100.0,7019.98,5691,1509667199999,37807800.0,49500,2500.57,16647600.0
1509667200000,7010.31,7590.25,6901.0,7345.01,4499,1509926399999,32679400.0,39860,1969.25,14313700.0
1509926400000,7345.1,7770.02,6651.0,7303.0,6026,1510185599999,43338100.0,51038,2612.54,18834100.0
1510185600000,7303.01,7392.0,6100.0,6245.05,7922,1510444799999,53563300.0,50547,3416.89,23076100.0
1510444800000,6245.05,6697.47,5325.01,6574.99,8844,1510703999999,54378400.0,57710,4179.54,25788800.0
1510704000000,6575.99,7989.0,6575.99,7699.19,8094,1510963199999,60969900.0,47286,4065.21,30572200.0
1510963200000,7680.01,8319.99,7422.0,8212.0,11708,1511222399999,92224300.0,53381,5805.32,45702900.0
1511222400000,8212.49,8400.0,7801.0,8019.99,12183,1511481599999,99599800.0,52175,6209.91,50789700.0
1511481600000,8019.97,9350.0,7850.0,9128.02,12852,1511740799999,109072000.0,57654,6496.64,55146700.0
1511740800000,9128.0,11300.0,8520.0,9687.88,22791,1511999999999,227173000.0,89623,13527.2,135420000.0
1512000000000,9687.88,11190.0,8850.8,10890.0,20290,1512259199999,205738000.0,103222,11020.7,111689000.0
1512259200000,10902.7,11853.0,10500.0,11700.0,15561,1512518399999,177887000.0,102884,8226.73,94173400.0
1512518400000,11700.0,17205.0,11665.6,15880.0,31784,1512777599999,465551000.0,182464,19711.4,289805000.0
1512777600000,15880.0,17470.0,12368.0,16588.0,42292,1513036799999,632186000.0,218780,22630.4,337872000.0
1513036800000,16588.0,16976.4,14666.6,16335.0,33470,1513295999999,538578000.0,246029,16522.1,265837000.0
1513296000000,16335.0,19798.7,16298.5,18860.0,22561,1513555199999,411971000.0,221836,11219.4,204380000.0
1513555200000,18860.0,19300.0,14777.7,16489.0,37286,1513814399999,650324000.0,338287,16163.5,282205000.0
1513814400000,16480.5,17309.5,10961.0,13300.0,69542,1514073599999,982446000.0,495997,35777.1,510072000.0
1514073600000,13300.0,16050.0,11640.0,15689.0,59340,1514332799999,803693000.0,423106,32635.9,442539000.0
1514332800000,15710.0,16498.1,13150.0,14378.9,54750,1514591999999,795543000.0,462334,29777.9,432816000.0
1514592000000,14379.0,14398.8,11750.0,13380.0,39600,1514851199999,517887000.0,434692,19578.0,256459000.0
1514851200000,13382.2,15473.5,12890.0,15059.5,57313,1515110399999,828616000.0,510825,33022.1,477784000.0
1515110400000,15059.6,17176.2,14600.0,16150.0,54316,1515369599999,884734000.0,471480,31133.1,507399000.0
1515369600000,16218.8,16322.3,12812.0,14907.1,58327,1515628799999,851212000.0,526774,29127.6,426318000.0
1515628800000,14940.0,14968.7,11400.0,14210.0,62193,1515887999999,842190000.0,497507,30113.5,407760000.0
1515888000000,14210.0,14339.5,9035.0,10900.0,95071,1516147199999,1149290000.0,715969,46072.8,558907000.0
1516147200000,10900.0,11878.8,9037.94,11475.0,154926,1516406399999,1668220000.0,1183676,76098.6,820399000.0
1516406400000,11475.0,13099.0,9900.24,10760.0,113901,1516665599999,1319570000.0,975118,56264.5,652016000.0
1516665600000,10760.0,11794.0,9905.0,11175.3,85472,1516924799999,934971000.0,869755,42036.6,459819000.0
1516924800000,11184.7,12244.0,10311.2,11880.0,68805,1517183999999,773357000.0,728445,31882.5,358276000.0
1517184000000,11880.0,11975.0,9700.0,10285.1,57741,1517443199999,612733000.0,629833,26187.2,277294000.0
1517443200000,10285.1,10335.0,8010.02,9199.96,112261,1517702399999,1008710000.0,1096950,52726.3,474492000.0
1517702400000,9199.96,9368.0,6000.01,7652.14,195619,1517961599999,1430440000.0,1675640,93227.7,680025000.0
1517961600000,7655.02,8738.0,7150.01,8683.92,82783,1518220799999,663054000.0,800401,41333.1,331788000.0
1518220800000,8683.93,9065.78,7726.53,8903.0,136395,1518479999999,1152820000.0,1539864,68604.0,579632000.0
1518480000000,8903.0,10219.5,8351.0,10000.1,128695,1518739199999,1187680000.0,1525139,62872.0,580683000.0
1518739200000,10000.9,11274.0,9666.0,10383.4,141181,1518998399999,1476540000.0,1356429,69054.5,722688000.0
1518998400000,10375.0,11786.0,10200.0,10437.6,157099,1519257599999,1726880000.0,1341419,77169.4,849111000.0
1519257600000,10439.0,10933.4,9352.0,9694.51,165151,1519516799999,1659430000.0,1311671,79707.2,801404000.0
1519516800000,9694.51,10870.0,9274.8,10569.0,93957,1519775999999,943141000.0,759385,46189.5,463912000.0
1519776000000,10584.3,11200.0,10240.0,11039.0,79804,1520035199999,859024000.0,720005,39091.6,421191000.0
1520035200000,11039.0,11710.0,11015.0,11454.0,53727,1520294399999,611466000.0,523121,26708.9,304169000.0
1520294400000,11455.0,11455.0,9060.0,9271.64,121273,1520553599999,1233290000.0,983541,57762.2,586648000.0
1520553600000,9267.07,9740.0,8329.0,9533.57,145618,1520812799999,1311780000.0,1084145,69956.4,630625000.0
1520812800000,9533.57,9888.88,7900.28,8170.0,132130,1521071999999,1188970000.0,1078503,62109.5,559333000.0
1521072000000,8184.01,8611.64,7650.0,7824.8,124217,1521331199999,1010460000.0,948377,62140.9,505910000.0
1521331200000,7824.01,9050.0,7322.0,8909.98,159650,1521590399999,1308850000.0,1082011,78328.9,643162000.0
1521590400000,8909.96,9177.01,8269.0,8898.03,120581,1521849599999,1053720000.0,848716,58721.8,513297000.0
1521849600000,8898.04,8999.95,7831.0,8134.23,108502,1522108799999,918708000.0,796422,52638.6,446219000.0
1522108800000,8134.22,8215.94,6941.11,7090.14,118450,1522367999999,912387000.0,809697,56732.6,437748000.0
1522368000000,7090.16,7292.43,6430.0,6813.01,146246,1522627199999,1006160000.0,901292,72929.7,502169000.0
1522627200000,6813.01,7520.0,6707.0,6796.1,112138,1522886399999,798846000.0,732172,55883.9,398076000.0
1522886400000,6796.1,7070.0,6500.0,6895.8,98754,1523145599999,667911000.0,579509,49229.9,333029000.0
1523145600000,6895.81,7185.0,6611.0,6843.9,77833,1523404799999,535695000.0,512885,39714.5,273462000.0
1523404800000,6839.56,8233.39,6743.2,7877.41,143904,1523663999999,1090320000.0,912100,73214.6,554168000.0
1523664000000,7877.48,8429.54,7810.0,8064.92,96232,1523923199999,778973000.0,603026,48815.9,395208000.0
1523923200000,8064.92,8296.0,7825.4,8278.0,86235,1524182399999,698546000.0,601521,43969.5,356350000.0
1524182400000,8273.84,9035.0,8177.09,8787.02,110126,1524441599999,958009000.0,814932,57171.6,497386000.0
1524441600000,8785.7,9759.82,8730.0,8869.99,153217,1524700799999,1406100000.0,994915,76855.3,705736000.0
1524700800000,8869.99,9427.48,8651.62,9348.0,115301,1524959999999,1049510000.0,811609,59409.9,541032000.0
1524960000000,9348.0,9570.51,8800.49,9071.48,114170,1525219199999,1050710000.0,866186,56876.3,523746000.0
1525219200000,9071.48,9844.0,8970.2,9713.99,93574,1525478399999,882016000.0,681004,49833.1,469744000.0
1525478400000,9714.0,10020.0,9181.0,9365.0,86468,1525737599999,830183000.0,672139,42127.4,404941000.0
1525737600000,9365.0,9475.7,8965.0,9002.2,76262,1525996799999,703750000.0,602571,39232.0,362092000.0
1525996800000,9002.21,9016.8,8153.0,8679.71,114101,1526255999999,976215000.0,891433,55110.5,471635000.0
1526256000000,8679.71,8879.99,8083.01,8330.0,96647,1526515199999,819981000.0,953952,48012.7,407447000.0
1526515200000,8330.0,8464.0,7911.9,8233.49,66109,1526774399999,541238000.0,628878,33574.2,275076000.0
1526774400000,8233.49,8609.0,7935.11,7977.11,65185,1527033599999,543527000.0,537577,33172.7,276697000.0
1527033600000,7977.12,8031.9,7266.99,7457.0,107496,1527292799999,815274000.0,799531,53734.7,407675000.0
1527292800000,7456.99,7620.0,7058.02,7099.0,65390,1527551999999,479136000.0,644077,35045.7,256950000.0
1527552000000,7099.0,7699.0,7032.95,7485.01,102225,1527811199999,757045000.0,753837,56070.9,415118000.0
1527811200000,7485.01,7786.69,7355.54,7714.26,82485,1528070399999,626566000.0,942836,47002.2,357153000.0
1528070400000,7714.26,7760.52,7358.0,7658.84,91212,1528329599999,688896000.0,801441,50117.6,378655000.0
1528329600000,7658.79,7765.0,7450.0,7491.73,67799,1528588799999,518324000.0,844891,38108.0,291368000.0
1528588800000,7491.73,7491.73,6435.0,6530.0,123616,1528847999999,846183000.0,899188,63992.6,438216000.0
1528848000000,6530.0,6720.0,6118.68,6388.9,120682,1529107199999,780663000.0,707839,65397.9,423160000.0
1529107200000,6380.01,6794.38,6320.86,6712.46,73946,1529366399999,481451000.0,451002,41633.9,271084000.0
1529366400000,6711.39,6841.74,6551.81,6718.84,76100,1529625599999,510505000.0,486347,41650.2,279524000.0
1529625600000,6717.69,6733.97,5750.0,6136.97,126226,1529884799999,774312000.0,746675,66413.9,406966000.0
1529884800000,6137.95,6350.0,5971.0,6133.73,77767,1530143999999,479639000.0,431296,42191.7,260252000.0
1530144000000,6134.73,6528.99,5780.0,6390.07,102416,1530403199999,628225000.0,599698,55185.6,338557000.0
1530403200000,6391.08,6685.0,6251.0,6513.86,102451,1530662399999,665171000.0,658563,55050.6,357226000.0
1530662400000,6511.01,6784.92,6425.0,6609.78,88041,1530921599999,579318000.0,556590,47751.8,314305000.0
1530921600000,6609.79,6818.16,6508.88,6662.12,75329,1531180799999,503226000.0,438113,40425.6,270108000.0
1531180800000,6662.78,6681.0,6070.0,6250.57,98583,1531439999999,625783000.0,492767,50996.8,323769000.0
1531440000000,6251.4,6395.0,6110.0,6353.01,67138,1531699199999,420837000.0,367806,36614.7,229609000.0
1531699200000,6354.15,7588.08,6330.4,7381.9,147798,1531958399999,1042440000.0,805860,79395.1,559032000.0
1531958400000,7381.88,7700.0,7211.0,7398.78,116245,1532217599999,860187000.0,651889,63116.9,467044000.0
1532217600000,7399.25,8486.0,7335.5,8397.24,132038,1532476799999,1032890000.0,690816,72823.7,569337000.0
1532476800000,8397.24,8491.77,7805.0,8188.57,135152,1532735999999,1101100000.0,741013,70983.7,578442000.0
1532736000000,8188.57,8294.51,7866.0,8173.92,91439,1532995199999,745522000.0,495412,48879.5,398878000.0
1532995200000,8171.4,8180.0,7430.0,7525.71,128545,1533254399999,987750000.0,622767,67649.8,519592000.0
1533254400000,7525.71,7540.0,6882.29,7024.19,113853,1533513599999,822875000.0,574720,59503.6,429963000.0
1533513600000,7024.19,7160.0,6123.0,6285.0,137749,1533772799999,927898000.0,730183,71703.3,483740000.0
1533772800000,6283.27,6622.81,5971.0,6232.35,158110,1534031999999,998637000.0,774407,85409.4,539575000.0
1534032000000,6222.55,6545.0,5880.0,6188.08,142650,1534291199999,887959000.0,682005,76002.7,473654000.0
1534291200000,6188.08,6609.0,6172.11,6584.49,175174,1534550399999,1121340000.0,855085,95575.5,612033000.0
1534550400000,6579.04,6620.0,6220.0,6254.84,148369,1534809599999,952854000.0,703934,81306.4,522400000.0
1534809600000,6251.0,6882.54,6235.08,6525.01,159838,1535068799999,1037750000.0,694777,85785.4,557041000.0
1535068800000,6525.0,6789.0,6440.5,6700.0,77633,1535327999999,514715000.0,433419,41008.0,271830000.0
1535328000000,6700.0,7135.0,6646.5,7031.22,129352,1535587199999,897000000.0,681246,71669.9,496943000.0
1535587200000,7033.21,7275.0,6784.81,7200.01,125508,1535846399999,879379000.0,651276,68674.2,481280000.0
1535846400000,7201.57,7410.0,7127.0,7359.06,107511,1536105599999,782898000.0,567306,59320.6,432061000.0
1536105600000,7359.05,7397.3,6265.0,6395.54,163266,1536364799999,1090570000.0,784109,85327.2,569202000.0
1536364800000,6395.54,6478.0,6111.0,6312.0,107708,1536623999999,679473000.0,522826,58874.6,371517000.0
1536624000000,6311.99,6535.0,6169.68,6487.38,105004,1536883199999,666730000.0,554562,57315.3,363936000.0
1536883200000,6487.39,6584.99,6370.0,6505.0,89985,1537142399999,584639000.0,485658,48834.8,317333000.0
1537142400000,6500.08,6533.84,6123.0,6391.89,107652,1537401599999,682162000.0,564194,57465.7,364276000.0
1537401600000,6392.0,6839.03,6325.0,6723.05,106318,1537660799999,704802000.0,591900,58518.9,388170000.0
1537660800000,6723.05,6788.23,6325.02,6447.54,105893,1537919999999,696762000.0,573616,57031.2,375448000.0
1537920000000,6445.11,6814.8,6379.7,6634.58,108971,1538179199999,716919000.0,578677,60917.4,400890000.0
1538179200000,6634.58,6667.09,6464.57,6611.61,78642,1538438399999,517979000.0,454207,42301.8,278722000.0
1538438400000,6610.0,6643.46,6430.0,6593.79,76772,1538697599999,502697000.0,394705,41490.4,271739000.0
1538697600000,6591.69,6697.0,6525.0,6615.26,44443,1538956799999,293002000.0,231610,22574.8,148855000.0
1538956800000,6615.26,6715.6,6530.0,6631.0,53869,1539215999999,357429000.0,336901,26761.5,177609000.0
1539216000000,6630.21,6633.92,6205.0,6332.93,96815,1539475199999,611912000.0,510282,49748.8,314324000.0
1539475200000,6332.92,7680.0,6300.0,6759.27,133933,1539734399999,913635000.0,728101,68546.2,467773000.0
1539734400000,6762.76,6811.12,6523.0,6528.88,67531,1539993599999,451105000.0,409085,35190.7,234983000.0
1539993600000,6528.88,6663.9,6505.55,6581.2,41970,1540252799999,276287000.0,280500,22241.5,146395000.0
1540252800000,6581.2,6630.0,6502.8,6528.09,36151,1540511999999,237457000.0,253263,18205.8,119564000.0
1540512000000,6528.13,6600.0,6453.0,6489.93,22964,1540771199999,149758000.0,236480,11234.8,73268100.0
1540771200000,6489.93,6505.01,6245.02,6371.93,34853,1541030399999,221849000.0,342254,17121.3,109005000.0
1541030400000,6369.52,6460.34,6345.0,6387.09,26500,1541289599999,169555000.0,282919,13158.2,84202700.0
1541289600000,6388.0,6531.31,6359.0,6519.11,31507,1541548799999,203633000.0,390910,16006.1,103447000.0
1541548800000,6522.73,6615.15,6391.01,6419.99,39319,1541807999999,256269000.0,413508,19423.4,126612000.0
1541808000000,6419.99,6497.0,6355.0,6453.07,26061,1542067199999,167845000.0,319325,12676.5,81659700.0
1542067200000,6451.68,6498.0,5403.42,5753.4,105970,1542326399999,625909000.0,773776,51030.6,301038000.0
1542326400000,5757.09,5782.89,5549.25,5662.0,88978,1542585599999,502063000.0,547713,48398.1,273102000.0
1542585600000,5661.94,5664.0,4326.0,4661.07,249034,1542844799999,1197990000.0,1277184,126387.0,607442000.0
1542844800000,4661.08,4721.77,3824.69,3932.44,145596,1543103999999,631446000.0,683340,73171.9,318014000.0
1543104000000,3933.68,4233.0,3652.66,3875.21,263679,1543363199999,1029080000.0,1130241,137767.0,537860000.0
1543363200000,3875.63,4450.38,3874.27,4041.32,233722,1543622399999,978317000.0,991413,118086.0,494305000.0
1543622400000,4041.27,4312.99,3827.0,3884.01,132847,1543881599999,544131000.0,590693,65277.5,267611000.0
1543881600000,3884.76,4085.0,3500.0,3508.75,160873,1544140799999,615800000.0,713338,77093.7,295552000.0
1544140800000,3508.75,3658.0,3222.0,3545.37,196468,1544399999999,671893000.0,861738,100542.0,343857000.0
1544400000000,3548.49,3610.0,3324.32,3445.0,110833,1544659199999,380577000.0,506932,57185.9,196397000.0
1544659200000,3446.38,3460.0,3156.26,3211.72,114330,1544918399999,375507000.0,484802,58262.6,191302000.0
1544918400000,3211.71,3678.59,3186.0,3652.98,152761,1545177599999,525390000.0,705813,79752.6,274190000.0
1545177600000,3653.0,4139.99,3622.55,3838.66,278025,1545436799999,1078410000.0,1370719,142246.0,551724000.0
1545436800000,3840.25,4198.0,3785.0,4008.01,147588,1545695999999,588471000.0,907968,75943.7,302838000.0
1545696000000,4010.11,4020.0,3535.0,3567.91,149452,1545955199999,557205000.0,886856,76083.7,283747000.0
1545955200000,3567.89,3903.5,3540.04,3801.91,118061,1546214399999,443810000.0,714813,61399.5,230836000.0
1546214400000,3803.12,3882.14,3630.33,3858.56,88890,1546473599999,333873000.0,563073,46364.6,174164000.0
1546473600000,3857.57,3862.74,3703.57,3770.96,89417,1546732799999,338585000.0,595717,45281.3,171456000.0
1546732800000,3771.12,4069.8,3740.0,3955.13,107325,1546991999999,423808000.0,704613,56225.2,221972000.0
1546992000000,3955.45,4006.81,3465.0,3601.31,126730,1547251199999,474569000.0,848996,63180.0,236605000.0
1547251200000,3601.31,3671.87,3441.3,3626.09,83621,1547510399999,297423000.0,588244,43754.4,155677000.0
1547510400000,3626.08,3648.42,3516.62,3616.21,91374,1547769599999,327999000.0,654640,47419.8,170242000.0
1547769600000,3613.32,3720.0,3475.0,3539.28,72787,1548028799999,262821000.0,557562,38123.5,137687000.0
1548028800000,3539.26,3608.5,3434.85,3552.82,73920,1548287999999,261937000.0,549201,39260.0,139169000.0
1548288000000,3552.97,3662.94,3522.51,3565.25,57911,1548547199999,206514000.0,450941,30869.8,110076000.0
1548547200000,3565.62,3579.0,3349.92,3411.04,92686,1548806399999,320545000.0,614304,47529.1,164381000.0
1548806400000,3410.04,3489.2,3387.1,3462.07,78836,1549065599999,271525000.0,546440,42183.5,145306000.0
1549065600000,3462.2,3526.4,3426.0,3463.22,60920,1549324799999,210960000.0,447512,32151.2,111345000.0
1549324800000,3463.22,3482.72,3380.0,3398.4,79240,1549583999999,271604000.0,517299,41668.7,142844000.0
1549584000000,3398.4,3733.58,3373.1,3680.06,95978,1549843199999,345303000.0,640550,51154.3,184066000.0
1549843200000,3679.75,3684.9,3582.34,3609.4,80208,1550102399999,290849000.0,539312,41252.2,149606000.0
1550102400000,3608.34,3653.23,3568.11,3618.41,62097,1550361599999,224201000.0,455864,32563.7,117582000.0
1550361600000,3617.22,3994.52,3604.4,3907.79,139940,1550620799999,533416000.0,905307,73947.7,282135000.0
1550620800000,3907.35,4016.48,3870.66,3962.0,91252,1550879999999,360025000.0,639335,49563.5,195582000.0
1550880000000,3962.0,4198.0,3712.66,3827.92,133985,1551139199999,525215000.0,904857,68489.5,268518000.0
1551139200000,3828.44,3888.0,3677.17,3813.69,92902,1551398399999,354200000.0,649372,47911.5,182699000.0
1551398400000,3814.26,3857.0,3772.25,3807.75,59339,1551657599999,226819000.0,457395,31877.1,121874000.0
1551657600000,3807.32,3907.0,3670.69,3861.84,92480,1551916799999,350103000.0,586160,49142.9,186069000.0
1551916800000,3861.84,3971.75,3800.0,3943.04,92165,1552175999999,358940000.0,598923,47761.2,186048000.0
1552176000000,3943.43,3943.43,3826.06,3882.73,88175,1552435199999,342810000.0,560721,45762.1,177922000.0
1552435200000,3882.69,3939.22,3810.43,3923.76,73250,1552694399999,284273000.0,547089,39109.3,151820000.0
1552694400000,3924.46,4056.98,3921.98,3987.81,69837,1552953599999,278648000.0,521027,37471.9,149537000.0
1552953600000,3987.83,4069.32,3880.01,3980.64,79324,1553212799999,317534000.0,558530,41651.1,166747000.0
1553212800000,3980.85,4018.83,3950.0,3992.18,54505,1553471999999,217556000.0,427945,28670.2,114449000.0
1553472000000,3991.35,4048.0,3888.71,4038.05,94907,1553731199999,376519000.0,644466,50979.1,202295000.0
1553731200000,4039.58,4140.0,4002.0,4106.97,69683,1553990399999,283262000.0,523349,37234.5,151399000.0
1553990400000,4106.99,4897.99,4067.0,4857.29,144416,1554249599999,649879000.0,917447,75466.1,339666000.0
1554249600000,4857.19,5275.01,4753.5,5004.95,210713,1554508799999,1047970000.0,1403535,108415.0,539331000.0
1554508800000,5004.96,5305.0,4928.59,5236.9,129565,1554767999999,664367000.0,906149,66602.8,341585000.0
1554768000000,5238.38,5422.0,4927.0,5017.37,128837,1555027199999,664241000.0,883652,64867.7,334623000.0
1555027200000,5017.37,5152.99,4861.22,5131.3,68851,1555286399999,346457000.0,496410,35635.6,179381000.0
1555286400000,5131.28,5230.4,4950.0,5202.82,76607,1555545599999,392242000.0,552984,39147.4,200551000.0
1555545600000,5202.41,5333.42,5175.0,5291.73,66399,1555804799999,348854000.0,502338,35023.8,184043000.0
1555804800000,5292.91,5600.0,5165.0,5493.31,96376,1556063999999,517716000.0,703418,50235.8,269844000.0
1556064000000,5490.91,5582.2,5102.0,5314.1,146773,1556323199999,787245000.0,1003871,69879.1,374807000.0
1556323200000,5315.0,5342.5,5178.8,5238.14,49712,1556582399999,262849000.0,451935,25062.6,132520000.0
1556582400000,5238.14,5538.0,5192.15,5492.87,62251,1556841599999,334003000.0,524373,33809.7,181355000.0
1556841600000,5494.81,5900.0,5477.57,5775.62,109802,1557100799999,631032000.0,806808,57854.1,332614000.0
1557100800000,5773.18,6028.41,5619.14,5987.29,88236,1557359999999,516781000.0,722788,46186.6,270605000.0
1557360000000,5986.66,7343.99,5983.71,7076.22,138099,1557619199999,906507000.0,1073455,72516.1,476731000.0
1557619200000,7076.24,8366.0,6750.0,7947.56,249337,1557878399999,1879060000.0,1891268,127024.0,957859000.0
1557878400000,7945.26,8320.0,6913.0,7355.26,196267,1558137599999,1508000000.0,1817964,99879.5,767671000.0
1558137600000,7355.28,8275.09,7156.61,7938.15,168492,1558396799999,1306840000.0,1573296,89599.0,695379000.0
1558396800000,7937.16,8042.32,7461.0,7851.51,151087,1558655999999,1179900000.0,1464595,77643.2,606635000.0
1558656000000,7849.95,8740.0,7766.0,8614.43,124731,1558915199999,1008370000.0,1070430,66521.8,537593000.0
1558915200000,8612.54,8908.32,8406.6,8645.68,117238,1559174399999,1018540000.0,1180213,61859.8,537569000.0
1559174400000,8646.5,9074.26,8005.0,8544.07,146976,1559433599999,1249040000.0,1382241,74891.7,636518000.0
1559433600000,8545.1,8814.78,7481.02,7687.03,147672,1559692799999,1210740000.0,1376518,73876.8,606235000.0
1559692800000,7687.04,8100.0,7444.58,7980.53,119246,1559951999999,928918000.0,1120701,62368.1,485963000.0
1559952000000,7978.94,8044.65,7506.66,7982.75,90982,1560211199999,710144000.0,960218,47920.6,374290000.0
1560211200000,7981.0,8309.82,7692.23,8218.54,102400,1560470399999,819742000.0,1012285,54720.8,438220000.0
1560470400000,8216.44,9333.0,8144.32,8953.33,134916,1560729599999,1184110000.0,1298231,71573.2,628434000.0
1560729600000,8953.0,9444.0,8950.0,9255.49,131598,1560988799999,1205590000.0,1218092,70417.3,645238000.0
1560988800000,9253.76,11160.0,9175.2,10729.5,189210,1561247999999,1930480000.0,1748340,101675.0,1037180000.0
1561248000000,10729.0,11850.0,10555.2,11820.9,161823,1561507199999,1792850000.0,1596068,85642.5,949028000.0
1561507200000,11821.3,13970.0,10525.1,12400.6,425620,1561766399999,5184510000.0,3595423,205335.0,2501730000.0
1561766400000,12407.1,12441.5,10030.0,10624.9,245117,1562025599999,2772510000.0,2200798,122970.0,1394800000.0
1562025600000,10624.9,12000.0,9727.0,11145.7,272889,1562284799999,3001980000.0,2328769,138239.0,1520860000.0
1562284800000,11145.7,11665.0,10796.4,11406.2,153889,1562543999999,1730290000.0,1402318,80358.2,904060000.0
1562544000000,11410.0,13147.1,11220.0,12108.4,239871,1562803199999,2964270000.0,2067524,115699.0,1425900000.0
1562803200000,12108.1,12111.7,10830.0,11355.8,198074,1563062399999,2271230000.0,1807923,100465.0,1152570000.0
1563062400000,11355.8,11452.0,9350.01,9439.59,251659,1563321599999,2611140000.0,2177895,124864.0,1297260000.0
1563321600000,9430.17,10788.0,9060.0,10504.3,221773,1563580799999,2207310000.0,2060298,114247.0,1138010000.0
1563580800000,10505.8,11069.0,10100.0,10340.3,126634,1563839999999,1336250000.0,1246677,64684.6,683123000.0
1563840000000,10343.1,10344.0,9525.0,9879.87,128973,1564099199999,1279910000.0,1241085,65354.1,648734000.0
1564099200000,9882.15,10188.7,9165.0,9541.54,100378,1564358399999,968578000.0,972680,52551.1,507046000.0
1564358400000,9541.54,10109.8,9395.0,10080.5,101074,1564617599999,978056000.0,942641,54521.8,527920000.0
1564617600000,10080.5,10904.8,9863.46,10816.9,118520,1564876799999,1236330000.0,1158277,62583.6,652971000.0
1564876800000,10816.9,12330.7,10552.0,11481.7,181784,1565135999999,2093890000.0,1602158,93118.6,1071870000.0
1565136000000,11481.7,12141.2,11382.8,11880.0,159808,1565395199999,1886000000.0,1477402,83894.9,991292000.0
1565395200000,11880.0,11985.0,11112.1,11396.1,86974,1565654399999,997406000.0,961437,41319.0,473979000.0
1565654400000,11398.3,11456.2,9911.0,10293.9,125861,1565913599999,1324430000.0,1245709,59152.3,620724000.0
1565913600000,10296.8,10536.0,9750.0,10306.8,104844,1566172799999,1073540000.0,1103240,53452.5,547869000.0
1566172800000,10306.2,10950.0,9858.0,10142.6,116898,1566431999999,1225790000.0,1100901,58174.8,610702000.0
1566432000000,10140.8,10445.0,9762.0,10134.3,89302,1566691199999,904066000.0,1041241,46344.3,469400000.0
1566691200000,10134.6,10604.0,9906.97,10185.0,96362,1566950399999,986723000.0,988160,49404.8,506613000.0
1566950400000,10185.7,10299.0,9320.0,9584.54,104478,1567209599999,1013730000.0,984450,51195.0,496563000.0
1567209600000,9582.76,10450.0,9420.75,10340.0,81416,1567468799999,801092000.0,744667,45244.1,445409000.0
1567468800000,10340.0,10900.0,10272.0,10564.5,125913,1567727999999,1328010000.0,1109379,63513.5,670121000.0
1567728000000,10563.1,10905.9,10150.0,10381.2,110422,1567987199999,1161420000.0,965097,55215.0,581472000.0
1567987200000,10381.2,10480.0,9880.0,10158.3,100705,1568246399999,1025690000.0,926342,48745.5,496777000.0
1568246400000,10158.8,10448.8,10040.0,10335.0,88413,1568505599999,909085000.0,876757,48810.7,502120000.0
1568505600000,10332.8,10360.0,10078.0,10187.8,69933,1568764799999,716123000.0,756584,32802.5,336014000.0
1568764800000,10187.5,10325.0,9653.0,10168.6,94165,1569023999999,949906000.0,996225,46430.8,468869000.0
1569024000000,10167.9,10176.7,9615.77,9702.25,74531,1569283199999,740558000.0,831969,35426.6,352126000.0
1569283200000,9702.2,9794.99,7750.0,8063.73,222722,1569542399999,1904230000.0,1815580,106839.0,912455000.0
1569542400000,8063.49,8315.0,7852.15,8043.82,109901,1569801599999,887134000.0,1011132,56947.3,459881000.0
1569801600000,8043.04,8500.0,7710.0,8359.94,125588,1570060799999,1028490000.0,1104698,65224.5,534427000.0
1570060800000,8360.0,8393.0,8005.0,8126.19,78872,1570319999999,642870000.0,778088,39178.3,319479000.0
1570320000000,8127.55,8325.0,7762.0,8168.39,122331,1570579199999,987045000.0,1204085,61419.7,495763000.0
1570579200000,8170.79,8779.51,8115.0,8258.5,144582,1570838399999,1221180000.0,1416555,74417.6,628709000.0
1570838400000,8257.95,8451.37,8160.0,8348.2,78991,1571097599999,657388000.0,946363,40953.3,340913000.0
1571097600000,8346.86,8403.0,7917.0,8070.58,97164,1571356799999,788658000.0,1176963,49943.8,405502000.0
1571356800000,8070.71,8297.0,7816.01,8223.35,92268,1571615999999,736741000.0,1145620,47621.9,380416000.0
1571616000000,8223.35,8333.0,7300.0,7466.62,128998,1571875199999,1021870000.0,1362109,61824.8,491003000.0
1571875200000,7468.47,10370.0,7337.99,9230.0,286051,1572134399999,2502820000.0,2364565,147885.0,1291010000.0
1572134400000,9230.0,9902.1,9072.0,9407.62,238166,1572393599999,2247230000.0,2040695,119862.0,1131280000.0
1572393600000,9407.62,9409.84,8913.0,9231.61,153213,1572652799999,1403540000.0,1492220,77512.4,710300000.0
1572652800000,9231.4,9513.68,9066.14,9393.35,102712,1572911999999,951576000.0,1105194,53669.8,497462000.0
1572912000000,9392.4,9454.95,9101.0,9216.2,122390,1573171199999,1137980000.0,1297866,61359.8,570691000.0
1573171200000,9214.0,9261.0,8696.0,9039.47,125999,1573430399999,1122640000.0,1270007,62758.8,559256000.0
1573430400000,9040.16,9072.32,8567.6,8777.12,112065,1573689599999,982322000.0,1104340,55862.0,489668000.0
1573689600000,8777.54,8800.0,8400.0,8491.02,100458,1573948799999,862036000.0,992411,49544.7,425211000.0
1573948800000,8490.74,8635.0,8003.0,8133.64,113583,1574207999999,942166000.0,983239,55949.4,464196000.0
1574208000000,8133.83,8264.29,6790.0,7268.23,217488,1574467199999,1636440000.0,1536509,104521.0,786952000.0
1574467200000,7268.23,7377.69,6515.0,7109.57,237986,1574726399999,1678000000.0,1539780,119804.0,845683000.0
1574726400000,7109.99,7655.0,6840.0,7419.49,215109,1574985599999,1568820000.0,1404941,109236.0,797104000.0
1574985600000,7418.52,7850.0,7210.0,7390.89,168504,1575244799999,1268280000.0,1180008,86440.5,650779000.0
1575244800000,7391.5,7750.0,7067.0,7194.32,162633,1575503999999,1188940000.0,1108522,82553.6,603759000.0
1575504000000,7194.59,7619.62,7150.0,7488.21,138994,1575763199999,1028650000.0,1061805,72875.1,539411000.0
1575763200000,7487.31,7650.0,7157.1,7224.13,126203,1576022399999,933913000.0,1056799,63767.8,472048000.0
1576022400000,7224.15,7309.05,7080.3,7258.48,99992,1576281599999,720589000.0,851818,50622.0,364890000.0
1576281600000,7257.37,7271.77,6836.0,6891.72,99822,1576540799999,705916000.0,910672,49688.8,351530000.0
1576540800000,6891.44,7440.0,6435.0,7150.3,205011,1576799999999,1415550000.0,1607931,103811.0,717534000.0
1576800000000,7151.31,7518.54,7079.5,7501.44,90737,1577059199999,654489000.0,881540,47386.2,341896000.0
1577059200000,7500.71,7695.38,7128.86,7204.63,139174,1577318399999,1027410000.0,1205271,69430.0,512559000.0
1577318400000,7205.01,7435.0,7076.42,7316.14,96751,1577577599999,701827000.0,907564,49664.7,360371000.0
1577577600000,7315.36,7528.45,7145.01,7195.23,86947,1577836799999,635759000.0,814222,42364.0,309853000.0
1577836800000,7195.24,7405.0,6871.04,7344.96,117172,1578095999999,842295000.0,1016531,59684.1,429372000.0
1578096000000,7345.0,7795.34,7272.21,7758.0,122955,1578355199999,918053000.0,1058516,64678.5,483047000.0
1578355200000,7758.9,8455.0,7723.71,7817.76,268034,1578614399999,2157870000.0,1994490,132909.0,1070050000.0
1578614400000,7817.74,8286.34,7672.0,8184.98,175348,1578873599999,1407160000.0,1425894,89996.4,722534000.0
1578873600000,8184.97,8916.48,8055.89,8821.41,236375,1579132799999,2029100000.0,1968520,120201.0,1032260000.0
1579132800000,8820.01,9041.65,8586.0,8915.96,161184,1579391999999,1422170000.0,1677649,81557.4,719807000.0
1579392000000,8915.09,9198.98,8466.0,8736.03,146068,1579651199999,1276460000.0,1366292,71841.7,627879000.0
1579651200000,8736.04,8818.0,8238.0,8439.0,118934,1579910399999,1009940000.0,1189500,59058.4,501512000.0
1579910400000,8438.99,9000.0,8254.9,8907.57,110625,1580169599999,950006000.0,1129926,57467.0,493829000.0
1580169600000,8907.57,9578.0,8862.4,9513.21,189076,1580428799999,1749430000.0,1638793,96320.6,891291000.0
1580428800000,9511.52,9530.22,9120.0,9331.51,119821,1580687999999,1121980000.0,1210077,59750.0,559723000.0
1580688000000,9331.59,9744.45,9093.01,9612.04,169071,1580947199999,1581060000.0,1682812,86260.4,807258000.0
1580947200000,9612.03,9940.0,9526.35,9895.05,152517,1581206399999,1489770000.0,1779001,77541.8,757706000.0
1581206400000,9895.04,10323.6,9700.0,10223.1,165404,1581465599999,1652500000.0,1937326,82932.5,828682000.0
1581465600000,10223.1,10500.0,10080.0,10344.4,187391,1581724799999,1927720000.0,2412767,93314.1,960234000.0
1581724800000,10344.4,10375.0,9452.67,9706.0,187942,1581983999999,1853440000.0,2225909,89386.6,881939000.0
1581984000000,9706.0,10250.0,9350.0,9596.42,185919,1582243199999,1820570000.0,1979560,92605.1,907385000.0
1582243200000,9597.21,9990.0,9550.21,9936.4,104520,1582502399999,1017650000.0,1232495,54947.8,535055000.0
1582502400000,9936.4,9990.0,8633.63,8785.25,202306,1582761599999,1887750000.0,2039481,94674.7,884416000.0
1582761600000,8786.0,8971.77,8445.0,8523.61,180387,1583020799999,1571210000.0,1766548,89622.5,780807000.0
1583020800000,8523.61,8965.75,8411.0,8760.07,159449,1583279999999,1388820000.0,1549316,80005.7,697013000.0
1583280000000,8760.07,9170.0,8660.0,9131.88,140681,1583539199999,1260550000.0,1567585,72058.0,645704000.0
1583539200000,9130.89,9188.0,7632.01,7929.87,239928,1583798399999,1985700000.0,2155375,115146.0,952380000.0
1583798400000,7929.87,8149.0,4410.0,4800.0,428231,1584057599999,2942760000.0,3207741,203469.0,1407040000.0
1584057600000,4800.01,5955.0,3782.13,5361.3,679028,1584316799999,3554230000.0,4453669,334157.0,1753940000.0
1584316800000,5360.33,5525.0,4442.12,5393.04,514494,1584575999999,2626590000.0,3640236,248706.0,1270730000.0
1584576000000,5393.26,6900.0,5252.53,6186.98,547233,1584835199999,3361440000.0,3974651,267058.0,1640390000.0
1584835200000,6187.04,6833.0,5688.0,6744.72,434928,1585094399999,2740310000.0,3064334,214108.0,1349270000.0
1585094400000,6744.69,6957.96,6261.0,6359.11,298097,1585353599999,1984110000.0,2224277,143078.0,953185000.0
1585353600000,6359.11,6599.0,5857.76,6394.38,275361,1585612799999,1709260000.0,2006331,132905.0,825429000.0
1585612800000,6394.45,7198.0,6150.11,6794.09,319138,1585871999999,2098800000.0,2397335,158614.0,1043930000.0
1585872000000,6793.86,7048.0,6602.1,6772.78,226756,1586131199999,1542390000.0,2005940,111373.0,757945000.0
1586131200000,6772.78,7459.69,6765.0,7361.28,297696,1586390399999,2149680000.0,2631538,147134.0,1062400000.0
1586390400000,7360.26,7371.92,6739.98,6876.83,211240,1586649599999,1483720000.0,2119875,97918.0,687977000.0
1586649600000,6876.84,7177.0,6575.0,6868.7,239353,1586908799999,1640420000.0,2061167,112306.0,770111000.0
1586908800000,6868.57,7190.0,6468.27,7027.55,240708,1587167999999,1664560000.0,2090091,119092.0,824289000.0
1587168000000,7026.78,7293.08,6751.0,6826.83,185303,1587427199999,1310940000.0,1763418,85927.2,608336000.0
1587427200000,6828.98,7738.0,6762.0,7482.39,224370,1587686399999,1599390000.0,1945555,108467.0,774287000.0
1587686400000,7483.96,7705.0,7388.0,7693.1,154579,1587945599999,1167610000.0,1677516,75231.1,568352000.0
1587945600000,7693.1,8952.89,7606.0,8778.57,295291,1588204799999,2397810000.0,2570342,144362.0,1173140000.0
1588204800000,8778.58,9460.0,8401.0,8972.05,356748,1588463999999,3168760000.0,3165398,174648.0,1551810000.0
1588464000000,8972.58,9200.0,8522.0,9021.83,251025,1588723199999,2229850000.0,2538805,120894.0,1074710000.0
1588723200000,9021.36,10067.0,8906.21,9800.01,353764,1588982399999,3379580000.0,3230312,172000.0,1643280000.0
1588982400000,9800.02,9914.25,8117.0,8561.52,434623,1589241599999,3858390000.0,3772537,202590.0,1796850000.0
1589241600000,8562.04,9939.0,8528.78,9791.98,308554,1589500799999,2847380000.0,2853605,147657.0,1364540000.0
1589500800000,9791.97,9888.0,9150.0,9680.04,244126,1589759999999,2323360000.0,2470376,118993.0,1132830000.0
1589760000000,9681.11,9950.0,9326.0,9511.43,235470,1590019199999,2279530000.0,2299062,111546.0,1081120000.0
1590019200000,9511.43,9578.47,8815.0,9179.15,211398,1590278399999,1940300000.0,2158125,100279.0,920311000.0
1590278400000,9179.01,9298.0,8642.72,8841.18,191514,1590537599999,1706790000.0,2185949,91060.5,811808000.0
1590537600000,8841.0,9625.47,8811.73,9427.07,200396,1590796799999,1861350000.0,1995280,98326.7,913474000.0
1590796800000,9426.6,10380.0,9331.23,10200.8,180648,1591055999999,1741580000.0,2129727,93561.1,903243000.0
1591056000000,10202.7,10229.0,9266.0,9789.06,212680,1591315199999,2069220000.0,2232977,100789.0,981775000.0
1591315200000,9788.14,9854.75,9372.46,9746.99,138494,1591574399999,1337730000.0,1639624,66588.4,643298000.0
1591574400000,9746.99,9992.72,9570.0,9885.0,133819,1591833599999,1305050000.0,1597911,64773.4,631986000.0
1591833600000,9885.22,9964.0,9113.0,9473.34,172298,1592092799999,1635760000.0,1912468,78847.9,748593000.0
1592092800000,9473.34,9589.0,8910.45,9525.59,168216,1592351999999,1570110000.0,1798570,81789.0,763940000.0
1592352000000,9526.97,9565.0,9215.79,9310.23,130759,1592611199999,1227950000.0,1514716,62839.2,590233000.0
1592611200000,9310.23,9780.0,9170.95,9685.69,112541,1592870399999,1060580000.0,1292497,57643.1,543670000.0
1592870400000,9685.69,9720.0,9009.69,9249.49,158434,1593129599999,1489310000.0,1582886,72562.5,682038000.0
1593129600000,9249.49,9298.0,8833.0,9116.35,127271,1593388799999,1159680000.0,1384766,59347.6,540974000.0
1593388800000,9116.16,9292.0,9024.67,9232.0,112072,1593647999999,1026080000.0,1137214,54785.7,501647000.0
1593648000000,9231.99,9261.96,8940.0,9135.46,101111,1593907199999,921424000.0,1148706,48946.0,446098000.0
1593907200000,9135.0,9379.42,8893.03,9257.39,123124,1594166399999,1131540000.0,1351521,60694.0,557908000.0
1594166400000,9257.4,9470.0,9125.0,9288.34,142480,1594425599999,1325220000.0,1753580,69073.2,642619000.0
1594425600000,9288.34,9345.0,9157.5,9242.62,96174,1594684799999,890616000.0,1540879,45485.1,421240000.0
1594684800000,9242.61,9279.54,9047.25,9133.72,128202,1594943999999,1177870000.0,1849726,60054.3,551768000.0
1594944000000,9133.72,9232.27,9089.81,9208.99,76661,1595203199999,701510000.0,1341817,37773.6,345693000.0
1595203200000,9208.99,9544.0,9131.0,9518.16,144687,1595462399999,1346430000.0,2003084,69360.4,645591000.0
1595462400000,9518.16,9732.9,9440.33,9700.42,136467,1595721599999,1304950000.0,2088318,64504.2,617004000.0
1595721600000,9700.42,11394.9,9650.0,10906.3,312736,1595980799999,3290340000.0,4322335,156974.0,1649980000.0
1595980800000,10906.3,11444.0,10812.0,11335.5,207697,1596239999999,2309370000.0,2978846,98559.3,1096710000.0
1596240000000,11335.5,12123.5,10518.5,11219.8,239572,1596499199999,2734700000.0,3553337,113632.0,1298200000.0
1596499200000,11219.7,11900.0,11000.0,11762.5,197128,1596758399999,2266000000.0,2748247,94036.2,1080930000.0
1596758400000,11762.5,11909.9,11322.0,11681.7,149107,1597017599999,1739800000.0,2572749,69472.6,810736000.0
1597017600000,11681.7,12067.3,11125.0,11564.3,240610,1597276799999,2802090000.0,3788910,114224.0,1331210000.0
1597276800000,11564.3,11980.0,11270.4,11852.4,186189,1597535999999,2179330000.0,3274084,90610.4,1060710000.0
1597536000000,11852.4,12468.0,11686.0,11945.0,202026,1597795199999,2437020000.0,3189858,97587.5,1177460000.0
1597795200000,11945.1,12020.1,11485.8,11531.3,184474,1598054399999,2169640000.0,3245755,87385.8,1027920000.0
1598054400000,11531.2,11824.9,11376.8,11748.2,127791,1598313599999,1487010000.0,2093264,62900.1,731943000.0
1598313600000,11748.2,11767.8,11117.6,11330.4,186835,1598572799999,2129960000.0,2818592,89542.2,1020920000.0
1598572800000,11330.4,11719.0,11276.9,11711.2,122106,1598831999999,1406210000.0,2088360,59681.6,687481000.0
1598832000000,11711.2,12050.8,11160.1,11388.5,220724,1599091199999,2580160000.0,3517078,104028.0,1216470000.0
1599091200000,11388.5,11462.6,9825.0,10166.7,304685,1599350399999,3202610000.0,4523252,140453.0,1475740000.0
1599350400000,10166.7,10438.0,9850.0,10126.7,192481,1599609599999,1952130000.0,3028680,93021.0,943750000.0
1599609600000,10126.7,10483.3,9981.01,10387.9,151431,1599868799999,1556710000.0,2245306,72737.1,747714000.0
1599868800000,10387.9,10750.0,10200.0,10671.8,146276,1600127999999,1528430000.0,2099120,70226.6,733833000.0
1600128000000,10671.8,11093.0,10606.5,10940.0,182416,1600387199999,1980110000.0,2607142,88514.5,960905000.0
1600387200000,10940.0,11179.8,10723.0,10920.3,124865,1600646399999,1366620000.0,1983827,62405.7,683124000.0
1600646400000,10920.3,10988.9,10136.8,10241.5,166551,1600905599999,1750750000.0,2541498,80139.1,842373000.0
1600905600000,10241.5,10820.9,10190.9,10728.6,134199,1601164799999,1421680000.0,2025382,65827.7,697496000.0
1601164800000,10728.6,10950.0,10594.8,10840.5,122520,1601423999999,1320980000.0,1790244,60216.2,649394000.0
1601424000000,10840.6,10920.0,10374.0,10570.4,150593,1601683199999,1604310000.0,2167431,71285.9,759264000.0
1601683200000,10570.4,10798.0,10496.5,10792.2,79536,1601942399999,845571000.0,1242222,38427.3,408470000.0
1601942400000,10792.2,10950.0,10525.0,10925.6,133446,1602201599999,1427660000.0,1897257,65455.6,700529000.0
1602201600000,10925.4,11491.0,10829.0,11369.0,120932,1602460799999,1355540000.0,1843956,62936.3,705227000.0
1602460800000,11369.0,11720.0,11172.0,11417.9,136446,1602719999999,1559450000.0,1949110,65282.1,746299000.0
1602720000000,11417.9,11617.3,11200.0,11360.2,119927,1602979199999,1363230000.0,1721569,57158.9,649920000.0
1602979200000,11360.3,12038.4,11346.2,11910.0,132833,1603238399999,1554310000.0,1904017,69024.2,807886000.0
1603238400000,11910.0,13217.7,11887.0,12923.1,235010,1603497599999,2993580000.0,3188744,116979.0,1489310000.0
1603497600000,12923.1,13350.0,12765.0,13052.2,135385,1603756799999,1765370000.0,1965463,65981.5,860558000.0
1603756800000,13052.2,13859.5,12888.0,13455.7,250124,1604015999999,3346760000.0,3246559,120425.0,1611170000.0
1604016000000,13455.7,14100.0,13115.0,13761.5,174283,1604275199999,2372990000.0,2688837,88101.4,1200410000.0
1604275200000,13761.5,14259.0,13195.0,14144.0,231699,1604534399999,3176900000.0,3135378,112910.0,1548960000.0
1604534400000,14144.0,15960.0,14093.6,14818.3,367791,1604793599999,5578040000.0,4948044,176930.0,2683020000.0
1604793600000,14818.3,15840.0,14703.9,15297.2,236205,1605052799999,3612090000.0,3597680,111472.0,1705190000.0
1605052800000,15297.2,16480.0,15272.7,16320.7,256358,1605311999999,4085540000.0,3927989,125777.0,2004120000.0
1605312000000,16320.0,16880.0,15670.0,16713.6,184014,1605571199999,2977150000.0,2988251,89948.2,1455830000.0
1605571200000,16713.1,18476.9,16538.0,17802.8,357251,1605830399999,6302880000.0,5251788,177051.0,3123760000.0
1605830400000,17802.8,18965.9,17610.9,18414.4,245646,1606089599999,4534440000.0,4424568,119502.0,2206640000.0
1606089600000,18413.9,19484.2,18000.0,18719.1,289810,1606348799999,5449240000.0,5594649,142366.0,2678050000.0
1606348800000,18718.8,18915.0,16188.0,17719.8,331213,1606607999999,5702050000.0,5552167,158772.0,2732190000.0
1606608000000,17719.8,19888.0,17517.0,18765.0,298491,1606867199999,5648740000.0,4909240,152723.0,2892510000.0
1606867200000,18765.0,19598.0,18330.0,18650.5,213884,1607126399999,4081520000.0,4095521,102653.0,1960430000.0
1607126400000,18650.5,19420.9,18500.0,19166.9,121338,1607385599999,2316520000.0,2593460,59251.5,1131560000.0
1607385600000,19166.9,19294.8,17650.0,18254.6,194103,1607644799999,3576940000.0,3336808,90225.0,1662950000.0
1607644800000,18254.8,19411.0,17572.3,19175.0,178692,1607903999999,3300160000.0,2947642,89844.8,1661550000.0
1607904000000,19175.0,21560.0,19000.0,21335.5,223398,1608163199999,4427600000.0,3547940,115097.0,2284250000.0
1608163200000,21335.5,24171.5,21230.0,23821.6,350574,1608422399999,8036490000.0,6087470,173478.0,3976420000.0
1608422400000,23821.6,24295.0,21815.0,23810.8,251754,1608681599999,5857070000.0,4833451,121788.0,2835010000.0
1608681600000,23810.8,24789.9,22600.0,24712.5,267581,1608940799999,6319850000.0,5120294,133668.0,3159060000.0
1608940800000,24712.5,28422.0,24500.0,27079.4,325984,1609199999999,8677270000.0,5682271,160384.0,4267980000.0
1609200000000,27079.4,29300.0,25880.0,28923.6,240276,1609459199999,6709170000.0,5074054,118766.0,3317220000.0
1609459200000,28923.6,34778.1,28624.6,33000.1,305134,1609718399999,9713970000.0,5930530,154652.0,4917010000.0
1609718400000,33000.1,36939.2,28130.0,36769.4,384089,1609977599999,12604600000.0,7761042,191833.0,6300260000.0
1609977600000,36769.4,41950.0,36300.0,40088.2,348402,1610236799999,13685800000.0,7738474,169363.0,6659550000.0
1610236800000,40088.2,41350.0,30420.0,34051.2,503314,1610495999999,17753100000.0,9775152,243791.0,8594600000.0
1610496000000,34049.1,40100.0,32380.0,36742.2,345729,1610755199999,12669300000.0,7372556,172984.0,6336040000.0
1610755200000,36737.4,37950.0,33850.0,36631.3,237204,1611014399999,8576790000.0,5634771,117556.0,4255160000.0
1611014400000,36622.5,37850.0,30071.0,30850.1,303984,1611273599999,10448900000.0,7055415,144508.0,4974770000.0
1611273600000,30852.0,33826.5,28850.0,32259.9,265545,1611532799999,8437000000.0,5936153,130657.0,4154000000.0
1611532800000,32259.4,34875.0,29241.7,30366.2,269383,1611791999999,8625390000.0,6182893,133556.0,4281190000.0
1611792000000,30362.2,38531.9,29842.1,34262.9,409338,1612051199999,14033600000.0,8665049,205024.0,7032880000.0
1612051200000,34262.9,35984.3,32171.7,35466.2,229517,1612310399999,7797740000.0,5307228,113553.0,3860450000.0
1612310400000,35472.7,38708.3,35362.4,38290.2,239546,1612569599999,8913180000.0,5946859,118136.0,4396670000.0
1612569600000,38289.3,46794.4,37351.0,46374.9,321719,1612828799999,13060200000.0,7498964,165126.0,6708980000.0
1612828800000,46374.9,48678.9,43727.0,47969.5,302215,1613087999999,14003500000.0,8581575,151540.0,7028020000.0
1613088000000,47968.7,49707.4,46125.0,48577.8,223374,1613347199999,10673100000.0,6567734,111590.0,5336980000.0
1613347200000,48580.5,52618.7,45570.8,52119.7,253955,1613606399999,12498000000.0,7027378,128840.0,6349880000.0
1613606400000,52117.7,57700.5,50710.2,55841.2,221366,1613865599999,11953000000.0,6873653,108085.0,5835940000.0
1613865600000,55841.2,58352.8,44892.6,48891.0,361561,1614124799999,18747200000.0,9088812,175648.0,9112520000.0
1614124800000,48891.0,52041.7,44106.8,46276.9,284615,1614383999999,13812600000.0,6871977,139988.0,6798830000.0
1614384000000,46276.9,49790.0,43000.0,49587.0,234202,1614643199999,10871800000.0,5743288,115292.0,5355380000.0
1614643200000,49595.8,52640.0,47047.6,48374.1,227907,1614902399999,11309800000.0,6389650,112602.0,5590690000.0
1614902400000,48374.1,51450.0,46300.0,50971.8,177827,1615161599999,8649920000.0,5288791,87704.5,4268170000.0
1615161600000,50959.1,57387.7,49274.7,55851.6,223393,1615420799999,11962500000.0,6841083,111259.0,5959820000.0
1615420800000,55851.6,61844.0,54272.8,61188.4,238565,1615679999999,13707800000.0,7558903,120794.0,6950710000.0
1615680000000,61188.4,61724.8,53271.3,56900.8,233359,1615939199999,13354900000.0,6754792,112976.0,6467070000.0
1615939200000,56900.7,60130.0,54123.7,58030.0,189395,1616198399999,10914600000.0,6131073,92618.6,5339430000.0
1616198400000,58030.0,59880.0,53650.0,54083.2,155623,1616457599999,8918240000.0,5425022,76610.4,4391590000.0
1616457600000,54083.2,57200.0,50427.6,51293.8,230727,1616716799999,12384100000.0,6241762,111834.0,6005460000.0
1616716800000,51293.8,56700.4,51214.6,55777.6,152970,1616975999999,8342880000.0,4853209,75825.2,4135250000.0
1616976000000,55777.6,59800.0,54800.0,58740.6,183956,1617235199999,10675100000.0,5524405,92990.1,5398440000.0
1617235200000,58739.5,60200.0,56880.0,57051.9,142208,1617494399999,8383550000.0,4867592,69719.9,4111510000.0
1617494400000,57051.9,59495.2,56388.0,57991.1,149773,1617753599999,8702270000.0,5495503,74577.8,4334010000.0
1617753600000,57990.0,58894.9,55473.0,58142.5,156343,1618012799999,8963410000.0,5483475,77253.5,4430240000.0
1618012800000,58142.6,61500.0,57900.0,59860.0,167438,1618271999999,10052200000.0,6022798,84461.9,5071800000.0
1618272000000,59860.0,64854.0,59805.1,63160.0,217115,1618531199999,13642900000.0,7287388,107361.0,6747200000.0
1618531200000,63158.7,63520.6,50931.3,56150.0,275559,1618790399999,16202400000.0,8352845,131361.0,7722430000.0
1618790400000,56150.0,57526.8,53330.0,53787.6,217958,1619049599999,12140900000.0,6674293,106071.0,5908600000.0
1619049600000,53787.6,55521.5,47500.0,50047.8,292249,1619308799999,14928200000.0,6797843,141103.0,7210750000.0
1619308800000,50047.8,55460.0,46930.0,55012.0,198630,1619567999999,10373300000.0,5218689,96582.3,5044030000.0
1619568000000,55012.0,57963.0,52330.9,57694.3,176195,1619827199999,9651650000.0,5861366,87735.9,4807970000.0
1619827200000,57697.2,58981.4,56035.2,57169.4,137063,1620086399999,7887710000.0,5216779,67283.8,3872210000.0
1620086400000,57169.4,58360.0,52900.0,56393.7,232770,1620345599999,13025700000.0,7330629,114008.0,6382540000.0
1620345600000,56393.7,59500.0,55241.6,58240.8,214059,1620604799999,12362500000.0,6843209,105508.0,6095010000.0
1620604800000,58240.8,59500.0,48600.0,49631.3,253759,1620863999999,14190900000.0,7163725,122239.0,6843170000.0
1620864000000,49537.1,51483.0,46000.0,46763.0,316852,1621123199999,15670400000.0,7953157,151184.0,7479200000.0
1621123200000,46763.0,49795.9,42001.0,42849.8,397907,1621382399999,17860900000.0,8439281,190111.0,8535280000.0
1621382400000,42849.8,43584.9,30000.0,37252.0,759466,1621641599999,29210900000.0,14594296,362441.0,13961400000.0
1621641600000,37263.4,39920.0,31111.0,38796.3,505309,1621900799999,18158600000.0,10309273,249533.0,8982370000.0
1621900800000,38811.0,40841.0,36419.6,38530.0,303324,1622159999999,11728700000.0,7042811,146895.0,5682570000.0
1622160000000,38530.0,38877.8,33379.0,35641.3,321576,1622419199999,11478100000.0,6388713,156018.0,5570020000.0
1622419200000,35641.3,38225.0,34153.8,37568.7,242983,1622678399999,8903440000.0,5187691,120958.0,4434660000.0
1622678400000,37568.7,39476.0,34800.0,35513.2,237667,1622937599999,8870890000.0,5339723,116168.0,4338310000.0
1622937600000,35516.1,36900.0,31000.0,33380.8,248476,1623196799999,8498310000.0,4600575,120189.0,4112320000.0
1623196800000,33380.8,38491.0,32396.8,37332.0,324601,1623455999999,11760700000.0,6560554,161836.0,5864890000.0
1623456000000,37332.0,41064.1,34600.4,40516.3,283161,1623715199999,10661700000.0,5798842,141892.0,5344330000.0
1623715200000,40516.3,41330.0,37365.0,38093.0,247993,1623974399999,9763920000.0,5686997,119503.0,4707250000.0
1623974400000,38093.0,38202.8,33336.0,35600.2,253819,1624233599999,9086320000.0,4713402,122807.0,4396080000.0
1624233600000,35600.2,35750.0,28805.0,33678.1,499953,1624492799999,16234300000.0,7829198,243787.0,7922960000.0
1624492800000,33675.1,35500.0,30151.0,32283.7,310507,1624751999999,10147900000.0,5440213,152629.0,4992960000.0
1624752000000,32283.7,36600.0,31973.4,35911.7,269624,1625011199999,9271050000.0,5342304,134701.0,4632300000.0
1625011200000,35911.7,36100.0,32699.0,33786.6,205033,1625270399999,6969940000.0,3718174,99293.5,3375080000.0
1625270400000,33786.5,35967.9,33125.6,33690.1,150872,1625529599999,5206290000.0,3352615,74002.1,2552740000.0
1625529600000,33690.1,35118.9,32077.0,32875.7,182155,1625788799999,6154320000.0,3483995,90201.5,3046180000.0
1625788800000,32875.7,34666.0,32261.1,34259.0,113488,1626047999999,3804780000.0,3054750,57107.4,1915260000.0
1626048000000,34259.0,34678.4,31550.0,32820.0,136086,1626307199999,4484920000.0,3256029,64707.7,2132460000.0
1626307200000,32820.0,33185.2,31020.0,31520.1,134152,1626566399999,4263240000.0,3050400,65479.2,2081350000.0
1626566400000,31520.1,32435.0,29278.0,29790.3,144298,1626825599999,4432760000.0,2669147,68688.5,2111050000.0
1626825600000,29790.3,33650.0,29482.6,33634.1,179057,1627084799999,5717850000.0,3810586,90878.2,2901600000.0
1627084800000,33634.1,40550.0,33401.1,37237.6,248283,1627343999999,9104460000.0,5772791,125761.0,4612600000.0
1627344000000,37241.3,40900.0,36383.0,40016.5,243740,1627603199999,9530740000.0,5998264,120857.0,4724310000.0
1627603200000,40018.5,42599.0,38313.2,39845.4,172406,1627862399999,7035690000.0,4966356,86371.4,3527640000.0
1627862400000,39850.3,40480.0,37508.6,39723.2,160284,1628121599999,6235080000.0,3763304,79045.7,3075060000.0
1628121600000,39723.2,44700.0,37332.7,44572.5,233494,1628380799999,9659960000.0,6394850,117307.0,4857860000.0
1628380800000,44572.5,46700.0,42779.0,45585.0,197732,1628639999999,8890280000.0,5939037,99156.1,4460410000.0
1628640000000,45585.0,47886.0,43770.0,47800.0,156240,1628899199999,7150980000.0,5290970,79197.5,3626650000.0
1628899200000,47800.0,48144.0,45500.0,45901.3,140706,1629158399999,6579340000.0,5085056,69977.3,3273020000.0
1629158400000,45901.3,47160.0,43927.7,46760.6,164551,1629417599999,7472330000.0,5212408,83052.0,3771450000.0
1629417600000,46760.6,49757.0,46623.0,49239.2,140603,1629676799999,6819270000.0,5630321,71433.4,3464000000.0
1629676800000,49239.2,50500.0,47126.3,48973.3,148133,1629935999999,7252240000.0,5395391,72718.8,3561430000.0
1629936000000,48973.3,49352.8,46250.0,48895.4,118120,1630195199999,5644940000.0,3646268,59309.4,2835970000.0
1630195200000,48895.4,49632.3,46700.0,47100.9,121586,1630454399999,5824810000.0,3697458,60221.1,2885700000.0
1630454400000,47100.9,51000.0,46512.0,49999.1,163341,1630713599999,8039840000.0,4475396,83079.6,4091130000.0
1630713600000,49998.0,52780.0,49370.0,52663.9,124459,1630972799999,6332030000.0,4321505,62917.3,3202110000.0
1630972800000,52666.2,52920.0,42843.1,46395.1,238770,1631231999999,11356600000.0,6685398,113916.0,5421810000.0
1631232000000,46395.1,47033.0,44132.3,46025.2,111583,1631491199999,5088850000.0,3810639,54898.4,2504050000.0
1631491200000,46025.2,48500.0,43370.0,48121.4,153490,1631750399999,7059920000.0,4089820,75127.1,3455940000.0
1631750400000,48121.4,48843.2,46699.6,48292.7,106093,1632009599999,5077030000.0,3186443,51727.2,2475540000.0
1632009600000,48292.8,48372.8,39600.0,40734.4,192385,1632268799999,8430780000.0,4572737,89397.9,3921160000.0
1632268800000,40734.1,45200.0,40565.4,42810.6,191162,1632527999999,8226570000.0,4319861,95777.3,4122940000.0
1632528000000,42810.6,44350.0,40750.0,42147.4,123251,1632787199999,5281810000.0,3325419,60626.3,2598760000.0
1632787200000,42147.4,44141.4,40753.9,43824.1,123265,1633046399999,5221420000.0,3128113,60397.5,2559460000.0
1633046400000,43820.0,49228.1,43283.0,48200.0,127579,1633305599999,6017920000.0,3881647,64764.2,3053860000.0
1633305600000,48200.0,55750.0,46891.0,55315.0,178800,1633564799999,9113490000.0,5522469,90383.9,4611600000.0
1633564800000,55315.0,56100.0,53357.0,54949.7,156255,1633823999999,8530090000.0,4861462,76815.8,4194670000.0
1633824000000,54949.7,57839.0,53879.0,55996.9,195642,1634083199999,10935800000.0,5671997,97673.2,5461330000.0
1634083200000,55996.9,62933.0,54167.2,61672.4,181375,1634342399999,10564600000.0,5631674,93839.1,5470920000.0
1634342400000,61672.4,62695.8,58963.0,62009.8,126366,1634601599999,7740160000.0,4321218,62435.5,3825510000.0
1634601600000,62005.6,67000.0,61322.2,62193.1,173596,1634860799999,11141500000.0,5760659,87069.0,5591430000.0
1634860800000,62193.1,63732.4,59510.6,60852.2,110973,1635119999999,6805190000.0,3589468,54475.4,3341270000.0
1635120000000,60852.2,63710.6,58000.0,58413.4,139196,1635379199999,8490250000.0,4517996,67260.0,4104930000.0
1635379200000,58413.4,62980.0,57820.0,61859.2,136508,1635638399999,8321580000.0,4493367,68293.8,4165030000.0
1635638400000,61859.2,64270.0,59405.0,63220.0,130324,1635897599999,8043060000.0,4894415,65354.2,4034570000.0
1635897600000,63220.6,63500.0,60382.8,60937.1,110872,1636156799999,6874870000.0,4191080,54274.9,3365840000.0
1636156800000,60940.2,67789.0,60050.0,67525.8,105548,1636415999999,6718240000.0,4383519,54957.8,3502000000.0
1636416000000,67525.8,69000.0,62822.9,64774.3,147071,1636675199999,9765440000.0,5523416,72177.5,4795740000.0
1636675200000,64774.2,65550.5,62278.0,65519.1,92700,1636934399999,5945200000.0,3334691,44752.3,2871070000.0
1636934400000,65519.1,66401.8,58373.0,60344.9,161574,1637193599999,9934460000.0,5130195,78081.0,4805650000.0
1637193600000,60344.9,60976.0,55600.0,59707.5,146674,1637452799999,8523730000.0,4721068,70496.8,4098320000.0
1637452800000,59707.5,60029.8,55317.0,57541.3,133544,1637711999999,7692410000.0,4444832,65001.8,3742920000.0
1637712000000,57541.3,59398.9,53500.0,53726.5,147693,1637971199999,8351390000.0,5175441,72025.4,4075180000.0
1637971200000,53723.7,58866.0,53256.6,57776.2,106006,1638230399999,5918740000.0,3713178,52503.9,2931510000.0
1638230400000,57776.2,59177.0,55777.8,56480.3,131692,1638489599999,7535680000.0,4337663,63744.6,3648500000.0
1638489600000,56484.3,57600.0,42000.3,49396.3,218712,1638748799999,10973400000.0,6599673,102585.0,5147970000.0
1638748800000,49396.3,51936.3,47100.0,50471.2,135251,1639007999999,6727560000.0,4072531,65626.3,3264430000.0
1639008000000,50471.2,50797.8,46751.0,49390.0,110815,1639267199999,5374020000.0,3303220,53693.3,2604330000.0
1639267200000,49390.0,50777.0,45672.8,48343.3,116843,1639526399999,5603630000.0,3458196,56763.8,2724400000.0
1639526400000,48336.9,49500.0,45456.0,46131.2,126684,1639785599999,6054180000.0,3723939,60989.9,2916880000.0
1639785600000,46133.8,48300.0,45500.0,46914.2,90174,1640044799999,4213530000.0,2813381,44948.7,2101030000.0
1640044800000,46914.2,51375.0,46630.0,50838.8,99911,1640303999999,4887780000.0,3244942,50156.5,2453720000.0
1640304000000,50838.8,51810.0,49412.0,50775.5,73390,1640563199999,3721780000.0,2639289,36322.4,1842030000.0
1640563200000,50775.5,52088.0,46097.0,46464.7,114144,1640822399999,5587950000.0,3469259,55268.9,2707510000.0
1640822400000,46464.7,48548.3,45678.0,47722.6,84895,1641081599999,4003630000.0,2684839,42144.4,1987860000.0
1641081600000,47722.7,47990.0,45500.0,45832.0,81494,1641340799999,3807980000.0,2617063,40380.5,1886790000.0
1641340800000,45832.0,47070.0,40610.0,41566.5,145501,1641599999999,6302610000.0,4035874,69341.2,3002910000.0
1641600000000,41566.5,42786.7,39650.0,41822.5,106406,1641859199999,4408180000.0,3025624,52516.9,2177140000.0
1641859200000,41822.5,44500.0,41268.9,42560.1,106151,1642118399999,4561650000.0,3075662,53281.7,2290460000.0
1642118400000,42558.4,43800.0,41725.9,43071.7,75179,1642377599999,3225690000.0,2431797,36619.6,1571890000.0
1642377600000,43071.7,43176.2,41138.6,41660.0,88572,1642636799999,3725320000.0,2747618,43580.1,1833080000.0
1642636800000,41660.0,43505.0,34008.0,35071.4,221663,1642895999999,8397830000.0,5291300,104539.0,3962490000.0
1642896000000,35071.4,37550.0,32917.2,36958.3,185417,1643155199999,6563680000.0,4390005,94299.1,3340590000.0
1643155200000,36958.3,38920.0,35507.0,37716.6,165005,1643414399999,6113620000.0,3953977,83487.7,3094140000.0
1643414400000,37716.6,38744.0,36632.6,38466.9,84415,1643673599999,3189160000.0,2451208,42513.1,1606610000.0
1643673600000,38466.9,39265.2,36250.0,37311.6,102450,1643932799999,3866860000.0,2674483,51450.5,1942510000.0
1643932800000,37312.0,42656.0,37026.7,42380.9,119641,1644191999999,4810550000.0,3175367,61166.1,2460960000.0
1644192000000,42380.9,45492.0,41645.9,44372.7,150369,1644451199999,6564510000.0,4193019,75577.5,3300330000.0
1644451200000,44372.7,45821.0,41688.9,42217.9,133889,1644710399999,5833190000.0,3541159,65201.5,2841850000.0
1644710400000,42217.9,44751.4,41550.6,44544.9,89837,1644969599999,3860320000.0,2483214,44426.2,1909700000.0
1644969600000,44544.9,44550.0,39450.0,39974.4,119564,1645228799999,5010000000.0,2917285,56184.4,2355760000.0
1645228800000,39974.4,40444.3,36800.0,37008.2,113829,1645487999999,4397200000.0,2750178,54330.4,2098380000.0
1645488000000,37008.2,39843.0,34322.3,38327.2,217823,1645747199999,8011220000.0,4866179,108876.0,4006960000.0
1645747200000,38328.7,40348.4,37000.0,37699.1,132165,1646006399999,5131020000.0,3598568,66352.2,2577430000.0
1646006400000,37699.1,45400.0,37450.2,43893.0,193471,1646265599999,8227560000.0,5451089,98105.4,4170830000.0
1646265600000,43893.0,44101.1,38407.6,39398.0,143268,1646524799999,5906840000.0,3634113,68607.6,2829230000.0
1646524800000,39398.0,39693.9,37155.0,38730.6,159254,1646783999999,6141270000.0,3713521,78660.7,3033360000.0
1646784000000,38730.6,42594.1,38223.6,38729.6,198374,1647043199999,7957380000.0,4335456,97550.6,3914640000.0
1647043200000,38729.6,39947.1,37555.0,39671.4,103772,1647302399999,4030030000.0,2628476,51167.0,1987830000.0
1647302400000,39671.4,41718.0,38098.3,40917.9,171326,1647561599999,6870220000.0,4048138,85358.5,3424630000.0
1647561600000,40917.9,42400.0,40135.0,41262.1,105129,1647820799999,4352930000.0,2665946,51474.7,2131920000.0
1647820800000,41262.1,43361.0,40467.9,42882.8,139710,1648079999999,5870550000.0,3231220,69506.3,2921180000.0
1648080000000,42882.8,45094.1,42560.5,44511.3,133851,1648339199999,5880210000.0,3037776,67205.0,2952910000.0
1648339200000,44511.3,48189.8,44421.5,47434.8,137596,1648598399999,6445520000.0,3729749,68965.0,3229700000.0
1648598400000,47434.8,47700.2,44200.0,46283.5,145863,1648857599999,6751170000.0,3744364,71817.3,3324590000.0
1648857600000,46283.5,47444.1,45118.0,46580.5,115110,1649116799999,5326130000.0,3195277,57216.2,2647980000.0
1649116800000,46580.5,47200.0,42727.4,43444.2,140439,1649375999999,6276190000.0,3517808,68642.1,3067580000.0
1649376000000,43444.2,43970.6,41868.0,42158.9,83038,1649635199999,3561430000.0,2427349,40393.3,1732790000.0
1649635200000,42158.9,42414.7,39200.0,41147.8,162654,1649894399999,6588720000.0,3487652,79410.6,3218030000.0
1649894400000,41147.8,41500.0,39551.9,40378.7,76639,1650153599999,3099890000.0,1843738,37185.8,1503960000.0
1650153600000,40378.7,41760.0,38536.5,41493.2,110021,1650412799999,4429350000.0,2682508,54482.9,2194180000.0
1650412800000,41493.2,42976.0,39177.0,39709.2,146858,1650671999999,6043270000.0,3622770,72669.9,2990840000.0
1650672000000,39709.2,40616.0,38200.0,40426.1,110032,1650931199999,4331080000.0,2872666,54815.3,2158110000.0
1650931200000,40426.1,40797.3,37702.3,39742.1,179820,1651190399999,7057540000.0,3748943,89398.5,3509300000.0
1651190400000,39742.1,39925.2,37386.4,38468.4,125587,1651449599999,4839300000.0,3139666,60848.2,2345030000.0
1651449600000,38468.4,40023.8,37517.8,39690.0,156092,1651708799999,6036330000.0,3297871,80247.2,3103930000.0
1651708800000,39690.0,39845.5,34785.0,35472.4,191442,1651967999999,7018730000.0,3940698,91708.1,3362870000.0
1651968000000,35472.4,35514.2,29730.4,31017.1,429855,1652227199999,13844600000.0,6336314,192580.0,6203780000.0
1652227200000,31017.1,32162.6,26700.0,29287.1,509443,1652486399999,15052600000.0,9562403,249915.0,7389400000.0
1652486400000,29287.1,31460.0,28630.0,29874.0,170454,1652745599999,5088550000.0,3783349,86355.6,2579060000.0
1652745600000,29874.0,30788.4,28654.5,30319.2,184351,1653004799999,5492310000.0,4415374,93441.8,2784820000.0
1653004800000,30319.2,30777.3,28730.0,30293.9,117663,1653263999999,3499310000.0,3200370,59987.4,1784560000.0
1653264000000,30293.9,30670.5,28669.0,29542.2,182882,1653523199999,5426270000.0,3260178,88803.7,2635920000.0
1653523200000,29542.1,29886.6,28019.6,29031.3,220060,1653782399999,6380250000.0,3436941,106358.0,3084970000.0
1653782400000,29031.3,32399.0,28839.2,31801.0,186786,1654041599999,5766560000.0,3177061,88806.8,2739570000.0
1654041600000,31801.1,31983.0,29282.4,29700.2,214425,1654300799999,6498460000.0,3484563,102753.0,3113320000.0
1654300800000,29700.2,31765.6,29485.0,31373.1,117595,1654559999999,3601580000.0,2347462,58950.8,1804890000.0
1654560000000,31373.1,31589.6,29219.0,30109.9,225508,1654819199999,6834510000.0,3821846,110582.0,3354280000.0
1654819200000,30109.9,30382.8,26560.0,26574.5,234580,1655078399999,6699640000.0,3794042,110889.0,3166630000.0
1655078400000,26574.5,26895.8,20111.6,22583.7,642587,1655337599999,14577600000.0,8692466,312503.0,7088110000.0
1655337600000,22583.7,22995.7,17622.0,18970.8,382810,1655596799999,7653250000.0,5510841,187676.0,3753400000.0
1655596800000,18970.8,21723.0,17960.4,20723.5,341721,1655855999999,6906550000.0,5105429,172113.0,3478280000.0
1655856000000,20723.5,21558.4,19770.5,21237.7,252691,1656115199999,5218030000.0,3912548,126207.0,2606980000.0
1656115200000,21237.7,21888.0,20510.0,20742.6,169185,1656374399999,3587500000.0,2762060,83283.8,1766250000.0
1656374400000,20742.6,21212.1,18626.0,19942.2,234957,1656633599999,4687410000.0,3713296,113753.0,2269350000.0
1656633600000,19942.2,20918.3,18781.0,19315.8,209112,1656892799999,4065690000.0,3382657,105473.0,2051100000.0
1656892800000,19315.8,20750.0,19055.3,20564.5,253295,1657151999999,5056420000.0,4367337,128483.0,2565500000.0
1657152000000,20564.5,22527.4,20251.7,21591.8,666514,1657411199999,14421700000.0,9536324,333948.0,7226380000.0
1657411200000,21592.2,21607.7,19240.0,19328.8,469230,1657670399999,9630730000.0,10293741,229927.0,4720920000.0
1657670400000,19331.3,21200.0,18910.9,20830.0,527403,1657929599999,10606900000.0,13776839,263015.0,5291230000.0
1657929600000,20830.0,22777.6,20478.6,22432.6,479184,1658188799999,10314300000.0,14548845,243175.0,5235420000.0
1658188800000,22432.6,24276.7,21579.5,23152.2,687351,1658447999999,15818600000.0,17660607,345654.0,7955290000.0
1658448000000,23152.2,23756.5,21934.6,22579.7,408926,1658707199999,9337480000.0,12179047,204684.0,4673760000.0
1658707200000,22577.1,23112.6,20706.5,22952.4,569133,1658966399999,12307700000.0,14828361,281895.0,6097640000.0
1658966400000,22954.3,24668.0,22582.1,23643.5,585388,1659225599999,13879800000.0,17522963,294115.0,6974290000.0
1659225600000,23644.6,24194.8,22654.4,22987.8,430027,1659484799999,10005800000.0,14305445,213318.0,4964600000.0
1659484800000,22985.9,23647.7,22400.0,23312.4,476055,1659743999999,10969300000.0,15194349,236720.0,5455720000.0
1659744000000,23313.6,24245.0,22844.6,23810.0,343760,1660003199999,8074510000.0,12898916,172126.0,4043470000.0
1660003200000,23811.0,24918.5,22664.7,23934.4,601859,1660262399999,14363800000.0,20193814,300648.0,7175720000.0
1660262400000,23933.1,25047.6,23583.0,24305.2,478266,1660521599999,11635800000.0,17225927,238933.0,5813600000.0
1660521600000,24305.2,25211.3,23180.4,23342.7,632533,1660780799999,15182600000.0,20368619,315256.0,7567860000.0
1660780800000,23342.7,23600.0,20761.9,21140.1,611224,1661039999999,13428300000.0,20613952,303328.0,6664040000.0
1661040000000,21140.1,21800.0,20890.1,21529.1,582391,1661299199999,12426300000.0,17811273,292387.0,6239080000.0
1661299200000,21529.1,21900.0,20107.9,20241.1,618111,1661558399999,13201500000.0,18767441,306836.0,6554180000.0
1661558400000,20239.1,20433.6,19520.0,20285.7,512400,1661817599999,10262200000.0,15782344,256096.0,5129420000.0
1661817600000,20287.2,20576.2,19540.0,20131.5,778871,1662076799999,15647000000.0,18920286,388552.0,7806700000.0
1662076800000,20132.6,20441.3,19583.1,20000.3,538214,1662335999999,10738900000.0,13319529,267963.0,5347090000.0
1662336000000,20000.3,20180.0,18510.8,19292.8,866253,1662595199999,16818600000.0,17378744,429269.0,8336240000.0
1662595200000,19292.8,21810.8,19012.0,21648.3,999730,1662854399999,20576800000.0,19406823,503580.0,10365400000.0
1662854400000,21647.2,22799.0,19860.0,20173.6,1108013,1663113599999,24110600000.0,19908252,557806.0,12141300000.0
1663113600000,20173.6,20541.5,19320.0,19803.3,957687,1663372799999,19125500000.0,18124961,476408.0,9514910000.0
1663372800000,19803.3,20189.0,18232.6,19537.0,814080,1663631999999,15827800000.0,15317342,403343.0,7842760000.0
1663632000000,19537.0,19956.0,18126.0,19401.6,1088454,1663891199999,20748500000.0,19059709,542003.0,10333100000.0
1663891200000,19401.6,19500.0,18531.4,18807.4,816575,1664150399999,15524400000.0,13528351,410333.0,7801600000.0
1664150400000,18809.1,20385.9,18471.3,19412.8,1553885,1664409599999,30027200000.0,21346951,778295.0,15042900000.0
1664409600000,19412.8,20185.0,18843.0,19310.9,1016373,1664668799999,19763300000.0,14356408,505952.0,9837880000.0
1664668800000,19312.2,20475.0,18920.3,20337.8,827410,1664927999999,16176300000.0,12664059,416002.0,8134970000.0
1664928000000,20337.8,20456.6,19320.0,19530.1,853237,1665187199999,17082000000.0,13949780,426608.0,8541710000.0
1665187200000,19530.1,19627.4,19020.2,19131.9,428890,1665446399999,8312670000.0,9903777,212791.0,4124600000.0
1665446400000,19131.9,19513.8,18190.0,19375.1,857057,1665705599999,16284100000.0,16819599,427697.0,8127380000.0
1665705600000,19375.6,19951.9,18975.2,19263.0,597377,1665964799999,11587500000.0,13179134,298444.0,5789550000.0
1665964800000,19263.0,19706.7,19066.0,19124.0,669264,1666223999999,12972700000.0,15297281,333678.0,6468450000.0
1666224000000,19123.3,19347.8,18650.0,19204.3,603245,1666483199999,11520000000.0,13957477,298385.0,5698590000.0
1666483200000,19204.3,20415.9,19070.1,20080.1,749596,1666742399999,14644700000.0,16831289,374625.0,7319660000.0
1666742400000,20079.0,21020.0,20000.1,20591.8,996176,1667001599999,20454400000.0,22898525,497131.0,10207900000.0
1667001600000,20591.8,21085.0,20237.9,20490.7,751245,1667260799999,15523700000.0,17747132,375212.0,7753880000.0
1667260800000,20490.7,20800.0,20031.2,20207.8,972834,1667519999999,19835200000.0,20351863,485004.0,9889150000.0
1667520000000,20207.1,21480.7,20181.0,20905.6,929353,1667779199999,19527800000.0,20088655,464468.0,9759650000.0
1667779200000,20905.6,21069.8,15588.0,15922.8,1879610,1668038399999,35531200000.0,36480317,925082.0,17495500000.0
1668038400000,15922.7,18199.0,15754.3,16812.1,1169821,1668297599999,19876500000.0,27666797,583581.0,9918990000.0
1668297600000,16813.2,17190.0,15815.2,16900.6,847633,1668556799999,14106700000.0,21798227,422433.0,7031090000.0
1668556800000,16900.6,17015.9,16378.6,16700.4,703757,1668815999999,11736200000.0,16764286,349358.0,5826140000.0
1668816000000,16699.4,16822.4,15476.0,15781.3,583902,1669075199999,9497590000.0,15140338,288352.0,4690800000.0
1669075200000,15781.3,16812.6,15616.6,16598.9,711042,1669334399999,11623400000.0,17568564,355392.0,5810250000.0
1669334400000,16599.6,16702.0,16342.8,16428.8,525920,1669593599999,8694590000.0,11575816,259931.0,4297350000.0
1669593600000,16428.8,17249.0,15995.3,17163.6,803821,1669852799999,13292600000.0,17296375,401247.0,6635700000.0
1669852800000,17165.5,17324.0,16787.8,16885.2,589733,1670111999999,10027500000.0,12711929,291790.0,4961550000.0
1670112000000,16885.2,17424.2,16867.0,17089.0,631053,1670371199999,10773300000.0,13504061,313317.0,5348970000.0
1670371200000,17089.0,17360.0,16678.8,17128.6,695497,1670630399999,11830600000.0,13087274,343074.0,5836120000.0
1670630400000,17128.6,17271.0,16871.8,17209.8,522088,1670889599999,8920410000.0,10756895,260383.0,4449030000.0
1670889600000,17208.9,18387.9,17080.1,17356.3,774846,1671148799999,13687200000.0,16775036,387425.0,6843910000.0
1671148800000,17357.0,17531.7,16527.3,16738.2,510824,1671407999999,8611450000.0,12978037,251204.0,4234550000.0
1671408000000,16739.0,17061.3,16256.3,16824.7,584714,1671667199999,9796620000.0,15003260,289503.0,4850750000.0
1671667200000,16824.7,16955.1,16559.8,16836.1,437881,1671926399999,7356390000.0,12316645,218186.0,3665550000.0
1671926400000,16835.7,16972.8,16592.4,16706.4,423755,1672185599999,7126280000.0,12533356,209911.0,3530080000.0
1672185600000,16706.1,16785.2,16333.0,16607.5,518952,1672444799999,8609390000.0,14329760,259266.0,4301200000.0
1672444800000,16607.5,16799.2,16470.0,16672.9,333304,1672703999999,5536520000.0,10598847,166495.0,2765750000.0
1672704000000,16672.8,16991.9,16605.3,16831.8,543377,1672963199999,9123680000.0,16250313,270302.0,4538560000.0
1672963200000,16831.8,17177.0,16679.0,17127.8,447084,1673222399999,7552430000.0,12651914,222146.0,3752770000.0
1673222400000,17127.8,18000.0,17104.7,17943.3,749816,1673481599999,13006500000.0,17403882,371071.0,6437050000.0
1673481600000,17943.3,21258.0,17892.1,20954.9,1217098,1673740799999,23593100000.0,25592692,608562.0,11799700000.0
1673740800000,20952.8,21647.4,20551.0,21134.8,747028,1673999999999,15719800000.0,18490926,370785.0,7803260000.0
1674000000000,21132.3,22755.9,20407.2,22667.2,940381,1674259199999,19898900000.0,20819540,468299.0,9911710000.0
1674259200000,22666.0,23371.8,22292.4,22916.4,893612,1674518399999,20418700000.0,21659002,444361.0,10154300000.0
1674518400000,22917.8,23816.7,22300.0,23009.7,928126,1674777599999,21261600000.0,22637116,460073.0,10540300000.0
1674777600000,23009.7,23960.5,22534.9,23742.3,724638,1675036799999,16812600000.0,18291749,363069.0,8424710000.0
1675036800000,23743.4,23812.7,22500.0,23732.7,877846,1675295999999,20317100000.0,22451848,438232.0,10143600000.0
1675296000000,23731.4,24255.0,23204.6,23326.8,862875,1675555199999,20367000000.0,21962550,429821.0,10146200000.0
1675555200000,23327.7,23433.3,22628.1,23240.5,782630,1675814399999,18004400000.0,21154189,390849.0,8991970000.0
1675814400000,23242.4,23452.0,21451.0,21625.2,1021543,1676073599999,22880000000.0,24674399,505357.0,11319700000.0
1676073600000,21625.2,22090.0,21351.1,21774.0,677188,1676332799999,14716600000.0,15273454,336354.0,7309920000.0
1676332800000,21774.6,25250.0,21532.8,23517.7,1187708,1676591999999,27617500000.0,27038270,597202.0,13887100000.0
1676592000000,23517.7,25192.0,23339.4,24271.8,1014126,1676851199999,24717200000.0,24851590,506235.0,12339500000.0
1676851200000,24272.5,25250.0,23574.7,24182.2,1102365,1677110399999,26944000000.0,31917056,549686.0,13437700000.0
1677110400000,24182.2,24599.6,22722.0,23157.1,933295,1677369599999,22089900000.0,32052869,462784.0,10954800000.0
1677369600000,23157.1,23898.0,23021.0,23141.6,750171,1677628799999,17548900000.0,30828953,373564.0,8739180000.0
1677628800000,23141.6,24000.0,21971.1,22354.3,874557,1677887999999,20212500000.0,25040941,434311.0,10039300000.0
1677888000000,22354.3,22662.1,22157.1,22410.0,479851,1678147199999,10748500000.0,15476516,239548.0,5366080000.0
1678147200000,22409.4,22557.9,20042.7,20362.2,1037639,1678406399999,22561800000.0,25909059,513407.0,11166800000.0
1678406400000,20362.2,22150.0,19549.1,21997.1,1477233,1678665599999,29979000000.0,32240494,739946.0,15020100000.0
1678665600000,21998.1,26386.9,21813.9,24285.7,1968701,1678924799999,47581300000.0,42657383,989620.0,23918000000.0
1678924800000,24285.7,27756.8,24123.0,26907.5,1435121,1679183999999,37460000000.0,33480043,724114.0,18904400000.0
1679184000000,26907.5,28472.0,26827.2,28105.5,1270375,1679443199999,35325600000.0,32885117,638388.0,17752800000.0
1679443200000,28107.8,28868.1,26601.8,27454.5,439005,1679702399999,12266700000.0,7259555,216978.0,6064060000.0
1679702400000,27454.5,28194.4,26508.1,27124.9,188555,1679961599999,5185330000.0,3732181,93727.0,2577980000.0
1679961600000,27124.9,29184.7,26631.8,28028.5,266954,1680220799999,7452890000.0,5069850,133815.0,3736670000.0
1680220800000,28028.5,28819.7,27511.7,28171.9,145802,1680479999999,4117660000.0,3298594,72704.9,2053760000.0
1680480000000,28171.9,28775.0,27200.2,28170.0,189640,1680739199999,5332600000.0,4015799,96175.7,2704680000.0
1680739200000,28170.0,28182.1,27711.0,27938.4,84361,1680998399999,2359360000.0,2214341,41021.0,1147310000.0
1680998400000,27938.4,30550.0,27800.0,30200.4,168275,1681257599999,4915300000.0,3403742,87800.3,2563840000.0
1681257600000,30200.4,31000.0,29637.4,30466.9,189968,1681516799999,5757860000.0,3804880,96310.6,2919340000.0
1681516800000,30466.9,30595.6,29240.7,29430.3,108304,1681775999999,3248820000.0,2577945,52468.3,1574120000.0
1681776000000,29430.3,30485.0,28010.0,28243.7,225459,1682035199999,6601140000.0,4276095,110805.0,3246280000.0
1682035200000,28243.7,28374.0,27125.0,27590.6,148521,1682294399999,4113440000.0,3196613,74642.5,2067070000.0
1682294400000,27590.6,30036.0,26942.8,28415.3,234665,1682553599999,6624440000.0,4560089,117015.0,3303850000.0
1682553600000,28415.3,29890.0,28378.9,29230.4,170196,1682812799999,4975010000.0,3738707,85285.8,2492850000.0
1682812800000,29230.4,29969.4,27666.9,28669.9,155011,1683071999999,4442110000.0,3486948,75445.6,2162630000.0
1683072000000,28669.8,29677.0,28113.7,29505.6,165607,1683331199999,4789560000.0,3752478,81833.4,2366810000.0
1683331200000,29505.6,29820.0,27262.0,27668.8,147497,1683590399999,4198410000.0,3677083,70567.5,2008870000.0
1683590400000,27668.8,28331.4,26702.1,26968.6,158904,1683849599999,4373900000.0,3795277,77763.1,2140640000.0
1683849600000,26968.6,27200.0,25811.5,26917.6,111618,1684108799999,2969920000.0,2586219,54778.7,1457590000.0
1684108800000,26917.6,27663.6,26544.7,27405.6,116660,1684367999999,3164620000.0,2768379,56906.3,1543640000.0
1684368000000,27405.6,27485.3,26361.2,27102.4,92387,1684627199999,2492840000.0,2294995,44052.1,1188860000.0
1684627200000,27102.4,27495.8,26538.2,27219.6,86508,1684886399999,2339370000.0,2102447,41461.3,1121250000.0
1684886400000,27219.6,27219.6,25871.9,26705.9,126890,1685145599999,3359570000.0,2421647,60979.4,1614370000.0
1685145600000,26705.9,28447.1,26551.0,27736.4,101397,1685404799999,2791780000.0,2065134,50698.7,1395710000.0
1685404800000,27736.4,28038.6,26605.1,26817.9,118493,1685663999999,3229740000.0,2468559,55779.9,1519890000.0
1685664000000,26817.9,27455.0,26505.0,27115.2,72235,1685923199999,1958190000.0,1782081,35392.2,959513000.0
1685923200000,27115.2,27391.8,25351.0,26339.3,193818,1686182399999,5109590000.0,4078482,93762.6,2471670000.0
1686182400000,26339.3,26810.0,25358.0,25841.2,123955,1686441599999,3237980000.0,3309034,58929.8,1538750000.0
1686441600000,25841.2,26433.2,25602.1,25934.2,100980,1686700799999,2618400000.0,2699077,48606.4,1260500000.0
1686700800000,25934.2,26518.0,24800.0,26345.0,145339,1686959999999,3712400000.0,2826880,68817.6,1757530000.0
1686960000000,26345.0,27068.1,26181.0,26844.3,85253,1687219199999,2263700000.0,1955658,41803.9,1110240000.0
1687219200000,26844.3,30800.0,26652.0,29884.9,237648,1687478399999,6898920000.0,4207989,118802.0,3448230000.0
1687478400000,29884.9,31431.9,29800.0,30462.7,134669,1687737599999,4124640000.0,2904786,65414.9,2004350000.0
1687737600000,30462.7,30995.0,29858.8,30077.4,128344,1687996799999,3898150000.0,2674626,62605.6,1901970000.0
1687996800000,30077.4,31282.0,29500.0,30585.9,143251,1688255999999,4368160000.0,2885769,70256.3,2142780000.0
1688256000000,30585.9,31380.0,30155.0,30766.5,100254,1688515199999,3092460000.0,2152860,45623.6,1407440000.0
1688515200000,30766.5,31500.0,29701.0,30344.7,138606,1688774399999,4222920000.0,3137916,64447.6,1964250000.0
1688774400000,30344.7,31045.8,29950.0,30411.6,69746,1689033599999,2115830000.0,1850235,32582.5,988908000.0
1689033600000,30411.6,31804.2,30210.0,31454.2,137358,1689292799999,4230390000.0,2777040,68006.3,2095490000.0
1689292800000,31454.2,31630.0,29900.0,30232.0,90628,1689551999999,2774550000.0,2256966,42266.8,1294270000.0
1689552000000,30232.0,30337.0,29512.0,29909.2,86544,1689811199999,2596060000.0,2188656,40384.4,1211480000.0
1689811200000,29909.2,30417.5,29571.0,29794.0,76082,1690070399999,2276860000.0,1729322,36353.2,1087990000.0
1690070400000,29794.0,30350.0,28861.9,29228.9,79488,1690329599999,2341030000.0,1922338,37194.3,1095620000.0
1690329600000,29228.9,29690.0,29083.8,29314.1,80402,1690588799999,2357870000.0,1876623,37795.3,1108470000.0
1690588800000,29314.1,29530.0,29033.2,29232.2,49164,1690847999999,1441130000.0,1357711,24192.7,709154000.0
1690848000000,29232.3,30047.5,28585.7,29193.6,119378,1691107199999,3492190000.0,2497269,57686.7,1687710000.0
1691107200000,29193.7,29333.1,28807.5,29088.4,48376,1691366399999,1408330000.0,1215428,22502.4,655089000.0
1691366400000,29088.4,30244.0,28701.0,29582.0,114671,1691625599999,3382820000.0,2298858,58266.0,1719310000.0
1691625600000,29582.0,29738.0,29252.4,29430.2,53072,1691884799999,1563990000.0,1262371,25190.0,742378000.0
1691884800000,29430.2,29695.3,29059.6,29200.0,70049,1692143999999,2057560000.0,1604480,33044.8,970795000.0
1692144000000,29200.0,29259.8,25166.0,26054.0,203059,1692403199999,5549910000.0,4037727,95780.1,2613160000.0
1692403200000,26054.0,26299.0,25801.1,26126.9,75485,1692662399999,1966710000.0,1633294,36913.5,961842000.0
1692662400000,26126.9,26819.3,25300.0,26180.1,108476,1692921599999,2836080000.0,1852954,52380.5,1369630000.0
1692921600000,26180.1,26314.1,25777.2,26101.8,49875,1693180799999,1299200000.0,1289940,24111.1,628085000.0
1693180800000,26101.8,28142.8,25864.5,27300.0,132393,1693439999999,3583420000.0,2350432,65573.5,1775400000.0
1693440000000,27300.0,27587.5,25333.8,25869.5,108316,1693699199999,2839630000.0,2393597,52194.0,1368370000.0
1693699200000,25869.5,26135.0,25562.6,25792.1,60575,1693958399999,1565530000.0,1659978,28687.2,741484000.0
1693958400000,25792.1,26445.5,25372.5,25910.5,83950,1694217599999,2173870000.0,1915083,40481.8,1048390000.0
1694217600000,25910.5,26033.7,24901.0,25162.5,71401,1694476799999,1825060000.0,1712949,33624.9,859438000.0
1694476800000,25162.5,26860.5,25131.5,26522.7,126378,1694735999999,3305100000.0,2561214,62448.0,1633110000.0
1694736000000,26522.7,26888.0,26224.0,26527.5,53186,1694995199999,1410800000.0,1657285,25469.2,675648000.0
1694995200000,26527.5,27483.6,26377.3,27125.0,113398,1695254399999,3067530000.0,2704069,56386.3,1525380000.0
1695254400000,27125.0,27159.6,26377.7,26576.0,62116,1695513599999,1655970000.0,1812282,29750.1,793125000.0
1695513600000,26576.0,26738.5,25990.5,26221.7,60468,1695772799999,1589840000.0,2116260,29015.4,762948000.0
1695772800000,26221.7,27308.5,26112.1,26907.0,107768,1696031999999,2880050000.0,2977274,53686.3,1435150000.0
1696032000000,26907.0,28580.0,26886.3,27494.5,94479,1696291199999,2621010000.0,2882659,47460.8,1317040000.0
1696291200000,27494.5,28120.4,27160.5,27410.4,89427,1696550399999,2464140000.0,3601155,43625.7,1202250000.0
1696550400000,27410.4,28295.0,27175.9,27917.1,71026,1696809599999,1975520000.0,2791053,34699.7,965109000.0
1696809600000,27917.1,27987.9,26538.7,26875.5,91661,1697068799999,2503340000.0,3495276,43388.7,1184860000.0
1697068800000,26875.5,27130.0,26555.0,26852.5,57962,1697327999999,1554520000.0,2619241,26717.4,716575000.0
1697328000000,26852.5,30000.0,26808.2,28395.9,132102,1697587199999,3714200000.0,4318091,67534.8,1898750000.0
1697587200000,28395.9,30207.6,28100.7,29669.0,127480,1697846399999,3692170000.0,4461239,63484.1,1838850000.0
1697846400000,29669.1,34741.9,29464.8,33070.0,143884,1698105599999,4447440000.0,5000374,72836.8,2253150000.0
1698105600000,33070.0,35280.0,32832.3,34151.7,209897,1698364799999,7184480000.0,5876921,102088.0,3495230000.0
1698364800000,34151.7,34750.1,33390.9,34525.9,69896,1698623999999,2384480000.0,2437158,32677.6,1115000000.0
1698624000000,34525.9,35582.0,34025.0,35421.4,119869,1698883199999,4141560000.0,3921415,56860.4,1965270000.0
1698883200000,35421.4,35985.0,34120.0,35062.1,105464,1699142399999,3674060000.0,3482997,51701.4,1801020000.0
1699142400000,35062.1,35888.0,34448.0,35399.1,85564,1699401599999,2999810000.0,3379510,42015.9,1473420000.0
1699401600000,35399.1,37972.2,35100.0,37301.6,159353,1699660799999,5823980000.0,4569062,80738.2,2951240000.0
1699660800000,37301.6,37418.0,36333.0,36462.9,73470,1699919999999,2715530000.0,2951376,34677.6,1281880000.0
1699920000000,36462.9,37980.0,34800.0,36163.5,146563,1700179199999,5346880000.0,4492301,71561.4,2611440000.0
1700179200000,36163.5,37500.0,35861.1,37359.9,76632,1700438399999,2797190000.0,2996220,37080.2,1353750000.0
1700438400000,37359.9,37861.1,35632.0,37408.3,128721,1700697599999,4757610000.0,5070319,63009.4,2328310000.0
1700697600000,37408.4,38414.0,36870.0,37780.7,79905,1700956799999,3007710000.0,2941146,38589.4,1452880000.0
1700956800000,37780.7,38377.0,36707.0,37818.9,88810,1701215999999,3324240000.0,3358816,42831.7,1603210000.0
1701216000000,37818.9,38999.0,37500.0,38682.5,101150,1701475199999,3856830000.0,3662561,49481.7,1887670000.0
1701475200000,38682.5,42420.0,38641.6,41991.1,132680,1701734399999,5389020000.0,4298433,65095.6,2643730000.0
1701734400000,41991.1,44488.0,41414.0,43273.1,166025,1701993599999,7194130000.0,5363741,82544.1,3576720000.0
1701993600000,43273.1,44700.0,43081.1,43789.5,86783,1702252799999,3802550000.0,3129287,41258.6,1807990000.0
1702252800000,43789.5,43804.5,40222.0,42869.0,165253,1702511999999,6899210000.0,5338212,80249.1,3349870000.0
1702512000000,42869.0,43420.0,41400.0,42278.0,99588,1702771199999,4236110000.0,4104050,49094.4,2087980000.0
1702771200000,42278.0,43497.0,40542.9,42276.0,115384,1703030399999,4845800000.0,4578469,56665.3,2380170000.0
1703030400000,42276.0,44398.3,42206.0,43969.0,116118,1703289599999,5066420000.0,4839399,57020.3,2488160000.0
1703289600000,43969.0,43988.7,42500.0,43576.1,68723,1703548799999,2988460000.0,3155764,33297.8,1447910000.0
1703548800000,43576.1,43787.6,41637.6,42563.8,112352,1703807999999,4808830000.0,4307412,57501.8,2461140000.0
1703808000000,42563.8,43111.0,41300.0,42283.6,89090,1704067199999,3769480000.0,3524166,44920.2,1900940000.0
1704067200000,42283.6,45879.6,40750.0,42845.2,173515,1704326399999,7621430000.0,6020196,87252.9,3832980000.0
1704326400000,42845.2,44729.6,42450.0,43968.3,113948,1704585599999,4977260000.0,4841431,56669.5,2476070000.0
1704585600000,43968.3,47972.0,43175.0,46110.0,165766,1704844799999,7564850000.0,6111468,85167.8,3887330000.0
1704844800000,46110.0,48969.5,41500.0,42782.7,263710,1705103999999,12056400000.0,8941231,132695.0,6074440000.0
1705104000000,42782.7,43400.4,41718.1,42511.1,104617,1705363199999,4468570000.0,4327581,51363.2,2193690000.0
1705363200000,42511.1,43578.0,40683.3,41327.5,122219,1705622399999,5191260000.0,4620839,61797.9,2625350000.0
1705622400000,41327.5,42196.9,40280.0,41580.3,75997,1705881599999,3145770000.0,3106569,37481.4,1551570000.0
1705881600000,41580.3,41689.6,38555.0,40084.9,152677,1706140799999,6093010000.0,5866790,78375.2,3126960000.0
1706140800000,40084.9,42246.8,39550.0,42120.6,94632,1706399999999,3868930000.0,3667242,47845.7,1955410000.0
1706400000000,42120.6,43882.4,41620.8,42941.1,96457,1706659199999,4131080000.0,3546959,48285.4,2069050000.0
1706659200000,42941.1,43745.1,41884.3,43200.0,104774,1706918399999,4486710000.0,3978170,54070.4,2315480000.0
1706918400000,43200.0,43569.8,42222.0,42708.7,58568,1707177599999,2512400000.0,2858594,29103.0,1248380000.0
1707177600000,42708.7,45614.3,42574.0,45288.6,104508,1707436799999,4599980000.0,4363219,53298.4,2345550000.0
1707436800000,45288.7,48592.7,45242.1,48300.0,128265,1707695999999,6072440000.0,5054575,65843.0,3117690000.0
1707696000000,48300.0,52043.7,47710.0,51795.2,171608,1707955199999,8562850000.0,5540597,88871.7,4434810000.0
1707955200000,51795.2,52816.6,50625.0,51642.6,117262,1708214399999,6087740000.0,4798053,57688.0,2995110000.0
1708214400000,51642.6,52985.0,50760.4,52258.8,101142,1708473599999,5253690000.0,4890324,51542.0,2677600000.0
1708473600000,52258.8,52366.8,50521.0,50744.1,108935,1708732799999,5590370000.0,5000083,54681.0,2806330000.0
1708732800000,50744.1,54910.0,50585.0,54476.5,86539,1708991999999,4525150000.0,3587916,45205.2,2364560000.0
1708992000000,54476.5,64000.0,54450.1,61131.0,264384,1709251199999,15830700000.0,9478752,136500.0,8170420000.0
1709251200000,61131.0,63231.9,60777.0,63114.0,102268,1709510399999,6343640000.0,5581263,51792.3,3213220000.0
1709510400000,63114.0,69000.0,59005.0,66074.0,296271,1709769599999,19441100000.0,12501540,151655.0,9956490000.0
1709769600000,66074.0,69990.0,65551.0,68313.3,147195,1710028799999,9948450000.0,6717495,75652.8,5113920000.0
1710028800000,68313.3,73000.0,67025.0,71452.0,182481,1710287999999,12921700000.0,8230822,93141.9,6597310000.0
1710288000000,71452.0,73777.0,65600.0,69499.9,227751,1710547199999,16027200000.0,9400511,112308.0,7909960000.0
1710547200000,69499.8,70043.0,64533.0,67610.0,161360,1710806399999,10879800000.0,7642690,81098.2,5469540000.0
1710806400000,67610.0,68240.5,60775.0,65501.3,244783,1711065599999,15805800000.0,9532015,120379.0,7777310000.0
1711065600000,65501.3,67628.7,62260.0,67210.0,109288,1711324799999,7075950000.0,6127221,54017.5,3500650000.0
1711324800000,67210.0,71769.5,66385.1,69470.0,141485,1711583999999,9844960000.0,7262393,72216.8,5024650000.0
1711584000000,69470.0,71552.1,68903.6,69582.2,74529,1711843199999,5234740000.0,4432992,36270.3,2548330000.0
1711843200000,69582.2,71366.0,64550.0,65464.0,132641,1712102399999,8994040000.0,5737774,65873.8,4466270000.0
1712102400000,65464.0,69309.9,64493.1,67820.6,119313,1712361599999,7981490000.0,6075021,60521.9,4049280000.0
1712361600000,67820.6,72798.0,67447.8,71620.0,87393,1712620799999,6140200000.0,4477533,46433.7,3266920000.0
1712620800000,71620.0,71758.2,67518.0,70006.2,113217,1712879999999,7898050000.0,5315322,55074.4,3843140000.0
1712880000000,70006.2,71227.5,60660.6,65661.8,189067,1713139199999,12404100000.0,8495910,88889.8,5827500000.0
1713139200000,65661.9,66867.1,59678.2,61277.4,156435,1713398399999,9882040000.0,7601729,75594.7,4776620000.0
1713398400000,61277.4,65450.0,59600.0,64940.6,136513,1713657599999,8633580000.0,6347507,67623.6,4278910000.0
1713657600000,64940.6,67232.4,64237.5,66414.0,73314,1713916799999,4828230000.0,4640659,37054.9,2440060000.0
1713916800000,66414.0,67070.4,62794.0,63770.0,92022,1714175999999,5940050000.0,4185782,45278.4,2923200000.0
1714176000000,63770.0,64370.0,61765.5,63866.0,66032,1714435199999,4163830000.0,2855370,31831.9,2007050000.0
1714435200000,63866.0,64734.0,56552.8,59060.6,183698,1714694399999,10856600000.0,5959658,87829.7,5189980000.0
1714694400000,59060.6,64646.0,58811.3,64012.0,86524,1714953599999,5388230000.0,3665091,43771.6,2726240000.0
1714953600000,64012.0,65500.0,60888.0,61193.0,86395,1715212799999,5466220000.0,4080607,42351.5,2680630000.0
1715212800000,61193.0,63469.1,60187.1,60826.0,80565,1715471999999,4966330000.0,3635881,39409.9,2431100000.0
1715472000000,60826.0,63450.0,60610.0,61577.5,74575,1715731199999,4623110000.0,3226485,36950.6,2291280000.0
1715731200000,61577.5,67451.2,61319.5,67024.0,100958,1715990399999,6585740000.0,4116501,50744.0,3310870000.0
1715990400000,67024.0,71515.6,65857.2,71446.6,83283,1716249599999,5657610000.0,3488735,42395.8,2883580000.0
1716249600000,71446.6,71979.0,66312.2,67969.6,117794,1716508799999,8207840000.0,5337276,57602.2,4014680000.0
1716508800000,67969.7,69610.0,66600.1,68507.7,52098,1716767999999,3562690000.0,2592559,26130.9,1786820000.0
1716768000000,68507.7,70687.6,67124.6,67652.4,78920,1717027199999,5402680000.0,3899736,39001.3,2670020000.0
1717027200000,67652.4,69500.0,66670.0,67766.9,64006,1717286399999,4355970000.0,3089195,31567.7,2148760000.0
1717286400000,67766.8,71063.5,67257.5,70537.8,74679,1717545599999,5164490000.0,3320652,37991.9,2627860000.0
1717545600000,70537.8,71997.0,68420.0,69355.6,86144,1717804799999,6098790000.0,3471756,41816.4,2961710000.0
1717804800000,69355.6,70195.9,69130.2,69540.0,36787,1718063999999,2558080000.0,2226417,18067.9,1256500000.0
1718064000000,69540.0,69999.0,66051.0,66773.0,107691,1718323199999,7302980000.0,4971362,52701.9,3574940000.0
1718323200000,66773.0,67370.2,65078.0,66676.9,49253,1718582399999,3267280000.0,3140495,23864.5,1583440000.0
1718582400000,66676.9,67298.8,64060.0,64974.4,89797,1718841599999,5874930000.0,4772789,44083.1,2884530000.0
1718841600000,64974.4,66482.9,63379.4,64262.0,57568,1719100799999,3720460000.0,3208136,28128.4,1817690000.0
1719100800000,64262.0,64521.0,58402.0,61806.0,91575,1719359999999,5622600000.0,4061027,43830.4,2691390000.0
1719360000000,61806.0,62487.8,60063.0,60427.8,65651,1719619199999,4028290000.0,3653954,33394.8,2049090000.0
1719619200000,60427.8,63861.8,60383.8,62900.0,53383,1719878399999,3322580000.0,3338089,26074.7,1623790000.0
1719878400000,62900.0,63288.8,56771.0,57050.0,105302,1720137599999,6275310000.0,5671424,49491.6,2951900000.0
1720137600000,57050.0,58475.0,53485.9,55857.8,122119,1720396799999,6844570000.0,6449549,58091.8,3257240000.0
1720396800000,55857.8,59470.0,54260.2,57725.9,100774,1720655999999,5744590000.0,6078778,50530.7,2881960000.0
1720656000000,57725.9,59850.0,56542.5,59204.0,68771,1720915199999,3989560000.0,5021790,34397.5,1996620000.0
1720915200000,59204.0,65389.0,59194.0,65044.0,102400,1721174399999,6434340000.0,6541296,51151.1,3216050000.0
1721174400000,65044.0,67386.0,63238.5,66660.0,87771,1721433599999,5703800000.0,5750302,43875.6,2852550000.0
1721433600000,66660.0,68474.5,65777.0,67532.0,57657,1721692799999,3876060000.0,3876175,28544.6,1919230000.0
1721692800000,67532.0,67751.0,63456.7,65800.0,89615,1721951999999,5881460000.0,4993502,42576.1,2795030000.0
1721952000000,65800.0,69400.0,65722.6,68249.9,66823,1722211199999,4529930000.0,3918783,33686.9,2283880000.0
1722211200000,68249.9,70080.0,64530.0,64628.0,82225,1722470399999,5521980000.0,5184871,40111.5,2696730000.0
1722470400000,64628.0,65659.8,59850.0,60698.0,102397,1722729599999,6452020000.0,6524547,48037.2,3028490000.0
1722729600000,60698.0,61117.6,49000.0,56022.0,249567,1722988799999,13574400000.0,12888516,119854.0,6520490000.0
1722988800000,56022.0,62745.1,54558.6,60838.0,123591,1723247999999,7205220000.0,6828355,62596.5,3651780000.0
1723248000000,60838.0,61858.0,57642.2,59346.6,66195,1723507199999,3946300000.0,4413805,32267.7,1923970000.0
1723507200000,59346.6,61800.0,56078.5,57541.1,93968,1723766399999,5568630000.0,5950685,44166.3,2619120000.0
1723766400000,57541.1,60285.0,57098.6,58427.4,48967,1724025599999,2885560000.0,3906428,24495.8,1443680000.0
1724025600000,58427.4,61820.9,57787.3,61156.0,82270,1724284799999,4909440000.0,5522339,41548.4,2481080000.0
1724284800000,61156.0,64955.0,59724.9,64157.0,75216,1724543999999,4680240000.0,5825818,38285.2,2383030000.0
1724544000000,64157.0,65000.0,58034.0,59415.0,66911,1724803199999,4186420000.0,6411187,31184.6,1953110000.0
1724803200000,59415.0,61167.0,57701.1,59124.0,92409,1725062399999,5481910000.0,9253730,44071.6,2615360000.0
1725062400000,59124.0,59462.4,57128.0,59132.1,52399,1725321599999,3055120000.0,5015243,25142.7,1465900000.0
1725321600000,59132.1,59809.6,55606.0,56180.0,86196,1725580799999,4940480000.0,8754365,40797.4,2339170000.0
1725580800000,56180.0,57008.0,52550.0,54869.9,87416,1725839999999,4780350000.0,9004296,41380.9,2263150000.0
1725840000000,54869.9,58088.0,54592.0,57338.0,89038,1726099199999,5034820000.0,10244163,44082.5,2493080000.0
1726099200000,57338.0,60625.0,57324.0,59993.0,73038,1726358399999,4292050000.0,8373560,35748.4,2101020000.0
1726358400000,59993.0,61320.0,57493.3,60314.0,73352,1726617599999,4349060000.0,8616311,35681.7,2115880000.0
1726617600000,60314.0,64133.3,59174.8,63201.1,95886,1726876799999,5938370000.0,13575251,48450.6,3000490000.0
1726876800000,63201.1,64745.9,62357.9,63340.0,46696,1727135999999,2957150000.0,7428534,23132.0,1465610000.0
1727136000000,63340.0,65839.0,62670.0,65174.0,69371,1727395199999,4439180000.0,11587021,34949.6,2237890000.0
1727395200000,65174.0,66498.0,64819.9,65602.0,39514,1727654399999,2596950000.0,6253681,19727.0,1296800000.0
1727654400000,65602.0,65618.8,60000.0,60649.3,105217,1727913599999,6572300000.0,14898863,51123.0,3194400000.0
1727913600000,60649.3,62484.9,59828.1,62058.0,55324,1728172799999,3386510000.0,10225810,27286.4,1670330000.0
1728172800000,62058.0,64478.2,61799.0,62160.5,54575,1728431999999,3432060000.0,10164333,27173.4,1708890000.0
1728432000000,62160.5,63417.6,58946.0,62540.0,67620,1728691199999,4142600000.0,10763120,32382.0,1985340000.0
1728691200000,62540.0,66500.0,62050.0,66084.0,60490,1728950399999,3883640000.0,8990943,30993.1,1991370000.0
1728950400000,66084.0,68424.0,64800.0,67421.8,98950,1729209599999,6620750000.0,15337264,49187.5,3292480000.0
1729209600000,67421.8,69400.0,67192.4,69032.0,49362,1729468799999,3373450000.0,6727192,25062.3,1713530000.0
1729468800000,69032.0,69519.5,65260.0,66668.6,81504,1729727999999,5480220000.0,11163433,37882.5,2547410000.0
1729728000000,66668.6,68850.0,65596.3,67092.8,68912,1729987199999,4640290000.0,11503556,33602.8,2263650000.0
1729987200000,67092.8,73620.1,66913.7,72736.4,87829,1730246399999,6192580000.0,11849865,46534.6,3282910000.0
1730246400000,72736.4,72961.0,68820.1,69496.0,94540,1730505599999,6709710000.0,13135547,45736.5,3247610000.0
1730505600000,69496.0,69914.4,66835.0,67850.0,65318,1730764799999,4474800000.0,10648638,32432.3,2222570000.0
1730764800000,67850.0,76850.0,67476.6,75857.9,182351,1731023999999,13404500000.0,18597550,92109.2,6768610000.0
1731024000000,75857.9,81500.0,75555.0,80370.0,115293,1731283199999,8984600000.0,14591351,58339.2,4550460000.0
1731283200000,80370.0,93265.6,80216.0,90375.2,266387,1731542399999,23275300000.0,32810048,136769.0,11951000000.0
1731542400000,90375.2,91850.0,86668.2,90586.9,127375,1731801599999,11418100000.0,22077424,64237.8,5759050000.0
1731801600000,90588.0,93905.5,88722.0,92310.8,114073,1732060799999,10418900000.0,17739633,57609.5,5263560000.0
1732060800000,92310.8,99588.0,91500.0,98892.0,157621,1732319999999,15229300000.0,23685903,78559.0,7593450000.0
1732320000000,98892.0,98908.9,92600.2,93010.0,106806,1732579199999,10349200000.0,17093549,49787.3,4824370000.0
1732579200000,93010.0,97208.2,90791.1,95644.0,127827,1732838399999,12015100000.0,21862660,64242.5,6038020000.0
1732838400000,95644.0,98620.0,95365.0,97185.2,59144,1733097599999,5734450000.0,11791029,29031.0,2814920000.0
1733097600000,97185.2,99000.0,93578.2,98587.3,117637,1733356799999,11302600000.0,19570539,58194.6,5593210000.0
1733356800000,98587.3,104088.0,90500.0,99832.0,169903,1733615999999,16992600000.0,21566032,85011.2,8508170000.0
1733616000000,99832.0,101351.0,94150.0,96593.0,120271,1733875199999,11731900000.0,22996770,57148.0,5577630000.0
1733875200000,96593.0,102540.0,95658.2,101424.0,88890,1734134399999,8899070000.0,21798493,43957.8,4401850000.0
1734134400000,101424.0,107793.0,100609.0,106059.0,77723,1734393599999,8097020000.0,15061401,39808.2,4146140000.0
1734393600000,106059.0,108353.0,95700.0,97461.9,134520,1734652799999,13785600000.0,23248860,64394.3,6600010000.0
1734652800000,97461.9,99540.6,92232.5,95186.3,105722,1734911999999,10176900000.0,14780196,50483.6,4861750000.0
1734912000000,95186.3,99569.1,92520.0,99429.6,70959,1735171199999,6813370000.0,12169496,35315.4,3391970000.0
1735171200000,99429.6,99963.7,93500.0,95300.0,56080,1735430399999,5372340000.0,13654417,27221.0,2607980000.0
1735430400000,95300.0,96250.0,91530.5,93576.0,60807,1735689599999,5697220000.0,11774248,28431.6,2664120000.0
1735689600000,93576.0,98976.9,92888.0,98174.2,47598,1735948799999,4580470000.0,7936799,23732.3,2282930000.0
1735948800000,98174.2,102480.0,97276.8,102236.0,42349,1736207999999,4215720000.0,7099483,20768.3,2067820000.0
1736208000000,102236.0,102724.0,91203.7,92552.5,100309,1736467199999,9593940000.0,15678931,45942.6,4395940000.0
1736467200000,92552.5,95836.0,92206.0,94545.1,47138,1736726399999,4441050000.0,8686498,23058.1,2172750000.0
1736726400000,94545.1,100682.0,89256.7,100497.0,100976,1736985599999,9612960000.0,13761831,49216.8,4695080000.0
1736985600000,100497.0,105865.0,97335.1,104556.0,91313,1737244799999,9327680000.0,11052824,45794.3,4677860000.0
1737244800000,104556.0,109588.0,99550.0,106144.0,178868,1737503999999,18680700000.0,23712837,89077.1,9309580000.0
1737504000000,106144.0,107120.0,101262.0,104870.0,99811,1737763199999,10425700000.0,16124304,49441.0,5165600000.0
1737763200000,104871.0,105500.0,97777.8,102083.0,69639,1738022399999,7066750000.0,12952686,32634.0,3313730000.0
1738022400000,102083.0,106457.0,100273.0,104723.0,64551,1738281599999,6672470000.0,14608418,32572.7,3368930000.0
1738281600000,104723.0,106012.0,96150.0,97700.6,68894,1738540799999,6944610000.0,14123029,31910.5,3220100000.0
1738540800000,97700.6,102500.0,91231.0,96612.4,141666,1738799999999,13780600000.0,21715936,66860.7,6507620000.0
1738800000000,96612.4,100138.0,95620.3,96444.7,65457,1739059199999,6373700000.0,11013155,30961.4,3016180000.0
1739059200000,96444.8,98478.4,94713.0,95778.2,53342,1739318399999,5165140000.0,9485697,24865.9,2407780000.0
1739318400000,95778.2,98826.0,94088.2,97500.5,67246,1739577599999,6485200000.0,12401757,31734.2,3061790000.0
1739577600000,97500.5,97972.3,95205.0,95780.0,32033,1739836799999,3096530000.0,6122265,15309.3,1480140000.0
1739836800000,95780.0,98711.4,93388.1,98305.0,56864,1740095999999,5464200000.0,9405446,26962.5,2591960000.0
1740096000000,98305.0,99475.0,94872.0,96258.0,54402,1740355199999,5275450000.0,7492311,25226.8,2447510000.0
1740355200000,96258.0,96500.0,82256.0,84250.1,166777,1740614399999,14843200000.0,23751835,78338.0,6968150000.0
1740614400000,84250.1,87078.5,78258.5,86064.5,151939,1740873599999,12619400000.0,21402525,72328.7,6007110000.0
1740873600000,86064.5,95000.0,81500.0,87282.0,169669,1741132799999,14998600000.0,27527709,84774.0,7501530000.0
1741132800000,87282.0,92810.6,84667.0,86801.8,130587,1741391999999,11602900000.0,25224234,64908.7,5771060000.0
1741392000000,86801.7,86897.2,77459.9,78595.9,86738,1741651199999,7127840000.0,16444650,41484.0,3412490000.0
1741651200000,78595.9,84539.9,76606.0,81115.8,108250,1741910399999,8826470000.0,16603980,52791.8,4305790000.0
1741910400000,81115.8,85309.7,80818.8,82574.5,55779,1742169599999,4666230000.0,7388604,27784.1,2325400000.0
1742169600000,82574.5,87000.0,81134.7,86845.9,62977,1742428799999,5264340000.0,9915888,30239.4,2529550000.0
1742428800000,86845.9,87453.7,83175.2,83840.6,39468,1742687999999,3346610000.0,6477081,17914.2,1519230000.0
1742688000000,83840.6,88765.4,83809.8,87392.9,61221,1742947199999,5335030000.0,6926061,28245.3,2459950000.0
1742947200000,87392.9,88275.0,83585.0,84424.4,62690,1743206399999,5404320000.0,7992620,28050.9,2420450000.0
1743206400000,84424.4,84624.7,81278.5,82550.0,42130,1743465599999,3482790000.0,8044408,20259.6,1675310000.0
1743465600000,82550.0,88500.0,81211.2,83213.1,87460,1743724799999,7375480000.0,12784417,44937.6,3793480000.0
1743724800000,83213.1,84720.0,77153.8,78430.0,70219,1743983999999,5758550000.0,10516829,32419.7,2660950000.0
1743984000000,78430.0,83588.0,74508.0,82615.2,189193,1744243199999,14840100000.0,22990599,94272.2,7406750000.0
1744243200000,82615.2,85905.0,78464.4,85276.9,86191,1744502399999,7078060000.0,11453898,43886.2,3607740000.0
1744502400000,85276.9,86496.4,83034.2,83644.0,74250,1744761599999,6296210000.0,10107934,37294.6,3165020000.0
1744761600000,83644.0,85500.0,83111.6,84474.7,41126,1745020799999,3468220000.0,6108144,19793.0,1669130000.0
1745020800000,84474.7,88466.0,83949.5,87516.2,49532,1745279999999,4281780000.0,4860751,26476.2,2289530000.0
1745280000000,87516.2,94696.0,87076.0,93980.5,90774,1745539199999,8339190000.0,9082394,44471.0,4085420000.0
1745539200000,93980.5,95758.0,92856.0,93749.3,48079,1745798399999,4538840000.0,6725971,22478.5,2122020000.0
1745798400000,93749.3,95630.0,92800.0,94172.0,56774,1746057599999,5364510000.0,9659764,27132.7,2564630000.0
1746057600000,94172.0,97895.7,94130.4,95856.4,46010,1746316799999,4436150000.0,6805218,22295.6,2149450000.0
1746316800000,95856.4,96920.6,93377.0,96834.0,44410,1746575999999,4207390000.0,6810986,20290.9,1922250000.0
1746576000000,96834.0,104361.0,95784.6,102972.0,79224,1746835199999,7967890000.0,12247215,41389.2,4164590000.0
1746835200000,102972.0,105819.0,100718.0,102791.0,64585,1747094399999,6704120000.0,10626428,33786.2,3508460000.0
1747094400000,102791.0,104976.0,101383.0,103764.0,55705,1747353599999,5752140000.0,10868229,27207.2,2809640000.0
1747353600000,103764.0,106660.0,102612.0,106454.0,48535,1747612799999,5051470000.0,8999339,24555.2,2557140000.0
1747612800000,106454.0,110797.0,102000.0,109644.0,99497,1747871999999,10574100000.0,15595001,50220.4,5343260000.0
1747872000000,109644.0,111980.0,106800.0,107762.0,80151,1748131199999,8799100000.0,13850826,39680.8,4359390000.0
1748131200000,107762.0,110718.0,106601.0,108938.0,53636,1748390399999,5837550000.0,9774540,25138.2,2737510000.0
1748390400000,108938.0,109285.0,103621.0,103985.0,59175,1748649599999,6310850000.0,11015760,27405.8,2922620000.0
1748649600000,103985.0,105936.0,103069.0,105858.0,34453,1748908799999,3599190000.0,7280802,16414.0,1714840000.0
1748908800000,105858.0,106795.0,100372.0,101509.0,49616,1749167999999,5180990000.0,8708457,23245.5,2428630000.0
1749168000000,101509.0,106488.0,101096.0,105734.0,32232,1749427199999,3371180000.0,5406975,15987.0,1672340000.0
1749427200000,105734.0,110530.0,105318.0,108645.0,50163,1749686399999,5457430000.0,8510280,24664.1,2683150000.0
1749686400000,108645.0,108814.0,102664.0,105415.0,52758,1749945599999,5569340000.0,10491773,24933.5,2632720000.0
1749945600000,105415.0,108952.0,103371.0,104551.0,39953,1750204799999,4237620000.0,8216776,18881.5,2003840000.0
1750204800000,104551.0,106525.0,102345.0,103298.0,38066,1750463999999,3979200000.0,8215619,17353.5,1814910000.0
1750464000000,103298.0,106074.0,98200.0,105334.0,67567,1750723199999,6873690000.0,12238094,31183.2,3173310000.0
1750723200000,105334.0,108272.0,104622.0,106947.0,41926,1750982399999,4469090000.0,8560115,20407.5,2176460000.0
1750982400000,106947.0,108528.0,106357.0,108357.0,22346,1751241599999,2397150000.0,4181006,10147.8,1089350000.0
1751241600000,108357.0,109730.0,105100.0,108850.0,37952,1751500799999,4083540000.0,6231482,18228.7,1963290000.0
1751500800000,108850.0,110529.0,107245.0,108198.0,28578,1751759999999,3109600000.0,5254176,13553.4,1476310000.0
1751760000000,108198.0,109700.0,107430.0,108923.0,25069,1752019199999,2721690000.0,4941775,11502.3,1249120000.0
1752019200000,108923.0,118870.0,108325.0,117528.0,68039,1752278399999,7768040000.0,9263695,34338.8,3917560000.0
1752278400000,117528.0,123218.0,116900.0,119841.0,45267,1752537599999,5424940000.0,7168267,22650.6,2715530000.0
1752537600000,119841.0,120999.0,115737.0,119178.0,64787,1752796799999,7648220000.0,8582984,31719.5,3744670000.0
1752796800000,119178.0,120821.0,116467.0,117265.0,39523,1753055999999,4679550000.0,5554553,18511.1,2191870000.0
1753056000000,117265.0,120248.0,116128.0,118756.0,52625,1753315199999,6224160000.0,7389680,26307.9,3112010000.0
1753315200000,118756.0,119450.0,114723.0,117920.0,61205,1753574399999,7153590000.0,6154162,27862.4,3257780000.0
1753574400000,117920.0,119800.0,116951.0,117951.0,38428,1753833599999,4552450000.0,4876551,20452.2,2423550000.0
1753833600000,117951.0,118922.0,112723.0,113298.0,57084,1754092799999,6645840000.0,8017730,27604.4,3215750000.0
1754092800000,113298.0,115720.0,111920.0,115055.0,28573,1754351999999,3252910000.0,5539225,13513.5,1539280000.0
1754352000000,115055.0,117621.0,112650.0,117472.0,35273,1754611199999,4054340000.0,6922223,17503.7,2012850000.0
1754611200000,117472.0,119311.0,115879.0,119294.0,33882,1754870399999,3978240000.0,5803320,17478.2,2053280000.0
1754870400000,119294.0,123668.0,118050.0,123306.0,66425,1755129599999,7998960000.0,10472401,34439.8,4147050000.0
1755129600000,123306.0,124474.0,116804.0,117381.0,47998,1755388799999,5718460000.0,8425307,22538.7,2685680000.0
1755388800000,117381.0,118575.0,112733.0,112873.0,41710,1755647999999,4814450000.0,7815025,19061.9,2200000000.0
1755648000000,112873.0,117429.0,111685.0,116936.0,49604,1755907199999,5660150000.0,8794268,24399.7,2784640000.0
1755907200000,116936.0,117030.0,109274.0,110112.0,57688,1756166399999,6525680000.0,8829193,25796.0,2918790000.0
1756166400000,110112.0,113486.0,108667.0,112567.0,42949,1756425599999,4778000000.0,9255750,21264.7,2364920000.0
1756425600000,112567.0,112639.0,107350.0,108246.0,42778,1756684799999,4667970000.0,6384632,20987.1,2290190000.0
1756684800000,108246.0,112575.0,107255.0,111706.0,46338,1756943999999,5098960000.0,7539961,22161.0,2439060000.0
1756944000000,111706.0,113385.0,109329.0,110188.0,38791,1757203199999,4314950000.0,5995875,19167.4,2131980000.0
1757203200000,110188.0,113293.0,110180.0,111546.0,32643,1757462399999,3647820000.0,4762801,15699.9,1754050000.0
1757462400000,111546.0,116666.0,110917.0,116029.0,46518,1757721599999,5313200000.0,6830384,23014.5,2630020000.0
1757721600000,116029.0,116758.0,114384.0,115350.0,28190,1757980799999,3256130000.0,5318842,13618.4,1572890000.0
1757980800000,115350.0,117900.0,114721.0,117074.0,39338,1758239999999,4579380000.0,7527130,18984.5,2210170000.0
1758240000000,117074.0,117460.0,115100.0,115232.0,18179,1758499199999,2108360000.0,3418887,8313.7,963889000.0
1758499200000,115232.0,115379.0,111043.0,113307.0,45452,1758758399999,5127210000.0,7731442,20956.4,2364180000.0
1758758400000,113307.0,113510.0,108620.0,109636.0,40976,1759017599999,4515690000.0,8586702,19012.6,2094560000.0
1759017600000,109636.0,114792.0,109190.0,114049.0,38128,1759276799999,4298220000.0,6945850,18804.3,2119480000.0
1759276800000,114049.0,123895.0,113967.0,122232.0,63644,1759535999999,7589340000.0,11149236,31112.7,3710200000.0
1759536000000,122232.0,126200.0,121510.0,124659.0,49746,1759795199999,6161920000.0,9600427,25511.5,3161260000.0
1759795200000,124659.0,125126.0,119651.0,121662.0,60206,1760054399999,7363690000.0,12806949,28882.6,3533810000.0
1760054400000,121662.0,122550.0,102000.0,114959.0,131876,1760313599999,14949400000.0,24115026,62793.5,7119400000.0
1760313600000,114959.0,115964.0,109866.0,110763.0,77414,1760572799999,8739610000.0,18408135,36154.4,4081640000.0
1760572800000,110763.0,111982.0,103528.0,107185.0,78901,1760831999999,8489250000.0,15803229,35969.8,3869140000.0
1760832000000,107185.0,114000.0,106103.0,108298.0,71902,1761091199999,7904460000.0,13493245,33414.9,3672680000.0
1761091200000,108298.0,112105.0,106667.0,111005.0,61189,1761350399999,6677680000.0,12510539,29853.2,3258480000.0
1761350400000,111005.0,116400.0,110673.0,114108.0,41313,1761609599999,4710180000.0,7362638,21039.0,2399330000.0
1761609600000,114108.0,116086.0,106304.0,108323.0,62592,1761868799999,6956690000.0,14684776,30723.5,3416690000.0
1761868800000,108323.0,111250.0,108275.0,110541.0,41004,1762127999999,4510850000.0,9903274,20127.1,2214180000.0
1762128000000,110541.0,110750.0,98944.4,103885.0,112995,1762387199999,11728000000.0,22674523,54362.9,5638290000.0
1762387200000,103885.0,104200.0,99260.9,102313.0,70265,1762646399999,7160050000.0,14834579,33892.0,3454650000.0
1762646400000,102313.0,107500.0,101400.0,103059.0,63218,1762905599999,6619440000.0,13647310,30537.8,3198480000.0
1762905600000,103059.0,105333.0,94012.5,94594.0,103944,1763164799999,10329300000.0,22990561,48590.9,4835210000.0
1763164800000,94594.0,96846.7,91220.0,92215.1,78219,1763423999999,7384930000.0,17539274,36634.6,3458880000.0
1763424000000,92215.1,93836.0,86100.0,86637.2,111855,1763683199999,10115800000.0,23450162,53474.9,4840630000.0
1763683200000,86637.2,88127.6,80600.0,86830.0,106185,1763942399999,8967690000.0,21587566,51167.2,4324910000.0
1763942400000,86830.0,90656.1,85272.0,90484.0,65906,1764201599999,5776230000.0,15696183,32745.7,2871370000.0
1764201600000,90484.0,93092.0,90089.9,90802.4,43094,1764460799999,3930920000.0,9827786,21219.1,1936940000.0
1764460800000,90802.4,92307.6,83822.8,91277.9,72407,1764719999999,6380590000.0,16261014,34039.6,3001530000.0
1764720000000,91277.9,94150.0,88056.0,89330.0,65309,1764979199999,6011310000.0,18109583,30028.0,2765020000.0
1764979200000,89330.0,92287.1,87719.3,90634.3,37224,1765238399999,3358210000.0,11894023,17709.0,1597430000.0
1765238400000,90634.4,94589.0,89260.6,92513.4,60212,1765497599999,5529360000.0,18216368,28866.0,2652970000.0
1765497600000,92513.4,92754.0,87577.4,88172.2,31992,1765756799999,2893010000.0,9436222,14230.4,1287690000.0
1765756800000,88172.2,90365.9,85146.6,86243.2,58069,1766015999999,5070850000.0,18905497,27935.7,2439700000.0
1766016000000,86243.2,89477.6,84450.0,88360.9,51785,1766275199999,4519380000.0,14603626,26005.1,2269220000.0
1766275200000,88360.9,90588.2,86601.9,87486.0,35716,1766534399999,3159860000.0,11343493,17101.8,1513800000.0
1766534400000,87486.0,89567.8,86420.0,87369.6,34582,1766793599999,3037150000.0,9378893,16781.0,1474440000.0
1766793600000,87369.6,90406.1,86806.5,87237.1,28811,1767052799999,2543610000.0,6992551,14375.6,1269000000.0
1767052800000,87237.1,89400.0,86845.7,88839.0,30944,1767311999999,2727750000.0,7888853,15117.2,1332500000.0
1767312000000,88839.0,91810.0,88379.9,91529.7,34881,1767571199999,3146630000.0,8901462,18042.1,1627780000.0
1767571200000,91529.7,94789.1,90675.5,91364.2,53497,1767830399999,4967410000.0,14844427,25716.7,2388750000.0
1767830400000,91364.2,92082.5,89311.0,90504.7,34827,1768089599999,3158850000.0,9845532,18256.5,1656430000.0
1768089600000,90504.7,96495.0,90128.4,95414.0,44687,1768348799999,4126980000.0,10406609,23366.1,2159520000.0
1768348800000,95414.0,97924.5,94293.5,95550.9,55745,1768607999999,5358560000.0,12810866,27871.4,2681240000.0
1768608000000,95550.9,95639.5,91910.2,92631.0,25472,1768867199999,2389710000.0,5868378,12074.1,1132600000.0
1768867200000,92631.0,92870.0,87263.5,89559.7,53450,1769126399999,4797300000.0,16226496,25424.0,2282070000.0
1769126400000,89559.7,91225.0,86074.7,86670.4,32571,1769385599999,2891470000.0,9299939,15016.4,1333910000.0
1769385600000,86670.4,90600.0,86509.6,89300.0,45224,1769644799999,4004080000.0,12971210,23167.3,2051060000.0
1769644800000,89300.0,89348.0,75719.9,78741.1,105119,1769903999999,8684270000.0,21982554,47094.8,3887530000.0
1769904000000,78741.1,79424.0,72945.5,75770.2,106789,1770163199999,8222580000.0,27286929,50817.1,3919190000.0
1770163200000,75770.2,76971.5,60000.0,70580.3,237213,1770422399999,16185600000.0,39316540,115795.0,7898840000.0
1770422400000,70580.3,72271.4,67300.0,70138.0,94829,1770681599999,6607950000.0,18682645,44056.6,3073890000.0
1770681600000,70138.0,70527.6,65118.0,66272.2,73364,1770940799999,4961300000.0,18293515,35674.4,2412060000.0
1770940800000,66272.2,70983.0,65872.5,68832.6,60649,1771199999999,4176640000.0,14852638,27144.8,1869260000.0
1771200000000,68832.6,70126.7,65870.0,66461.0,47497,1771459199999,3221280000.0,15777699,23586.9,1600790000.0
1771459200000,66461.0,68698.7,65631.8,67975.9,57927,1771718399999,3894530000.0,11317802,26111.6,1757350000.0
1771718400000,67975.9,68245.0,62510.3,64058.1,64354,1771977599999,4181280000.0,17983224,31513.5,2047650000.0
1771977600000,64058.1,69988.8,63913.3,65872.1,72716,1772236799999,4880900000.0,16378916,36662.6,2460200000.0
1772236800000,65872.1,70096.0,63030.0,68830.1,77761,1772495999999,5173230000.0,18978053,38076.8,2533220000.0
1772496000000,68830.1,74050.0,66158.0,70890.7,96482,1772755199999,6812230000.0,22975581,48272.5,3407330000.0
1772755200000,70891.0,71420.0,65618.5,65971.2,56943,1773014399999,3883850000.0,10398767,27643.5,1884300000.0
1773014400000,65971.2,71777.0,65822.0,70191.9,88749,1773273599999,6171450000.0,15029586,44570.6,3100410000.0
1773273600000,70191.9,73913.7,69205.9,71212.0,71011,1773532799999,5053820000.0,11318288,35097.5,2500180000.0
1773532800000,71212.0,76000.0,70858.8,73909.4,66968,1773791999999,4929170000.0,12768682,34302.5,2524880000.0
1773792000000,73909.4,74672.3,68793.4,70510.7,63879,1774051199999,4533340000.0,14076394,30999.7,2201320000.0
1774051200000,70510.7,71817.1,67360.7,70906.5,56576,1774310399999,3942380000.0,11418968,28313.0,1972830000.0
1774310400000,70906.5,72026.1,68153.0,68820.3,59242,1774569599999,4164080000.0,11087932,28668.0,2015780000.0
1774569600000,68820.3,69179.0,65000.0,66010.9,50119,1774828799999,3347000000.0,7992851,25091.1,1676280000.0
1774828800000,66010.9,69310.0,65800.6,68113.9,59479,1775087999999,4026490000.0,12491579,29584.6,2003250000.0
1775088000000,68113.9,68653.4,65712.1,67300.4,39006,1775347199999,2607690000.0,7568416,19327.3,1292160000.0
1775347200000,67300.4,72761.0,66611.7,71924.2,55766,1775606399999,3849320000.0,11673486,28406.5,1962620000.0
1775606400000,71924.2,73434.0,70466.0,72962.7,55334,1775865599999,3978000000.0,10793321,27994.3,2013360000.0
1775865600000,72962.7,74900.0,70505.9,74418.0,46774,1776124799999,3378630000.0,7214359,23639.6,1707910000.0
1776124800000,74418.0,76038.0,73309.9,75154.3,58047,1776383999999,4329070000.0,10803130,28929.6,2158760000.0
1776384000000,75154.3,78333.0,73762.9,73801.8,46453,1776643199999,3540270000.0,9612030,24227.9,1848160000.0
1776643200000,73801.8,79472.8,73724.3,78178.2,51643,1776902399999,3956350000.0,10936881,26861.8,2058040000.0
1776902400000,78178.2,78662.5,76960.0,77625.0,35331,1777161599999,2748970000.0,6960311,16908.7,1315670000.0
1777161600000,77625.0,79485.7,75666.6,76342.8,37221,1777420799999,2880240000.0,6812306,18213.4,1409950000.0
1777420800000,76342.8,78914.1,74937.5,78231.1,45977,1777679999999,3538160000.0,7990828,23588.2,1814440000.0
1777680000000,78231.1,80777.0,78040.0,79861.0,39620,1777939199999,3140710000.0,6023221,20113.6,1594270000.0
1777939200000,79861.0,82850.0,79500.0,80006.0,51901,1778198399999,4210740000.0,7825966,26230.0,2129080000.0
1778198400000,80006.0,82479.3,79181.5,82210.1,35584,1778457599999,2863390000.0,5069353,18757.0,1509660000.0
1778457600000,82210.1,82380.0,78754.6,79313.6,40148,1778716799999,3238300000.0,7272103,19010.2,1533730000.0
1778716800000,79313.6,82048.1,77640.0,78148.0,49212,1778975999999,3927700000.0,7882821,24859.7,1986130000.0
1778976000000,78148.0,78600.0,76051.0,76834.4,38213,1779235199999,2944830000.0,7414882,18495.1,1425290000.0
1779235200000,76834.4,78200.0,75359.2,75539.5,33887,1779494399999,2617460000.0,7281683,16576.2,1281070000.0
1779494400000,75539.5,77905.5,74289.6,77322.0,31157,1779753599999,2377790000.0,5495014,15896.1,1213160000.0
1779753600000,77322.0,78080.0,72582.8,73617.5,55105,1780012799999,4131100000.0,10527526,27143.2,2033330000.0
1780012800000,73617.5,74514.1,72512.5,73674.4,33189,1780271999999,2446000000.0,5385161,18194.0,1341340000.0
1780272000000,73674.4,74092.0,64092.5,64142.8,86918,1780531199999,5975660000.0,17164808,41843.1,2876920000.0
1780531200000,64142.8,64764.3,59130.9,60884.6,118400,1780790399999,7340700000.0,25717706,54525.9,3383310000.0
1780790400000,60884.6,64234.7,60746.0,61730.0,71302,1781049599999,4466540000.0,13987357,35741.5,2240210000.0
1781049600000,61730.0,64394.4,60755.0,63580.0,49777,1781308799999,3122580000.0,11256541,25064.0,1572970000.0
1781308800000,63580.0,67292.1,63418.7,66328.7,41724,1781567999999,2721630000.0,6690404,21119.7,1377030000.0
1781568000000,66328.7,66992.0,62272.1,62958.0,50286,1781827199999,3264040000.0,10471683,24202.6,1571010000.0
1781827200000,62958.0,64588.0,62316.4,63312.0,31804,1782086399999,2018040000.0,6410293,15212.2,965481000.0
1782086400000,63312.0,65622.8,59102.7,61078.0,66324,1782345599999,4135010000.0,12515058,31242.3,1949400000.0
1782345600000,61078.0,61962.4,58115.0,60029.0,67377,1782604799999,4037720000.0,13465825,33381.6,2002370000.0
1782604800000,60029.0,60780.6,58201.0,58624.7,48750,1782863999999,2901890000.0,10988377,23504.4,1400110000.0
1782864000000,58624.7,62979.9,57800.2,62583.3,60525,1783123199999,3669570000.0,10621476,31581.0,1916300000.0
1783123200000,62583.3,64700.0,61306.8,64042.0,39747,1783382399999,2500060000.0,7211366,20876.0,1312330000.0
1783382400000,64042.9,64314.0,61544.6,63230.0,52197,1783641599999,3280200000.0,10056639,24389.3,1533220000.0
1783641600000,63230.0,64692.8,62926.0,63780.0,40656,1783900799999,2603510000.0,6253208,19392.8,1241870000.0
1783900800000,63780.0,65600.0,61825.0,64756.3,60637,1784159999999,3867600000.0,9099576,29718.4,1896880000.0
1784160000000,64756.3,64997.5,62537.6,64834.2,44986,1784419199999,2875000000.0,7141478,21726.0,1388450000.0
1784419200000,64834.2,66956.1,63100.0,66556.2,48322,1784678399999,3153540000.0,8076425,23932.6,1563290000.0
1784678400000,66556.1,66739.9,63739.8,64140.0,49594,1784937599999,3240830000.0,8406815,24024.0,1570150000.0
1784937600000,64140.0,65744.6,63605.6,63755.9,31588,1785196799999,2043430000.0,5064997,15407.8,996516000.0
1785196800000,63755.9,65176.6,62742.5,64780.0,47802,1785455999999,3062380000.0,9541928,24997.8,1601750000.0
1785456000000,64780.0,65409.6,62275.0,63570.0,36426,1785715199999,2309070000.0,4858285,17998.1,1140810000.0
1785715200000,63570.0,65025.2,62300.0,64665.2,41977,1785974399999,2679690000.0,7284630,21870.8,1396260000.0
1785974400000,64665.2,65391.0,64166.0,64962.6,27432,1786233599999,1777420000.0,4911781,13115.4,849959000.0
1786233600000,64962.6,65474.5,63238.0,63600.0,33561,1786492799999,2161860000.0,4518845,16517.0,1063590000.0
1786492800000,63600.0,64500.0,62535.2,63043.6,36762,1786751999999,2332220000.0,6253806,19260.4,1221600000.0
1786752000000,63043.6,64610.0,62716.0,64532.1,24398,1787011199999,1548950000.0,3291863,12795.5,812186000.0
1787011200000,64532.1,73400.0,64027.9,73025.1,76749,1787270399999,5276230000.0,12017729,39551.1,2718680000.0
1787270400000,73027.0,79500.0,73027.0,77734.0,78231,1787529599999,6018070000.0,16506818,40654.4,3126740000.0
1787529600000,77734.0,81272.6,76670.0,79023.8,69566,1787788799999,5488370000.0,16979138,34966.7,2760040000.0
1787788800000,79023.8,81478.9,76888.0,78230.0,43038,1788047999999,3404170000.0,11274328,20253.8,1602040000.0
1788048000000,78230.0,79400.0,76420.0,77439.0,38520,1788307199999,3012050000.0,10422464,19593.1,1532660000.0
1788307200000,77439.0,82300.0,76264.0,79660.8,52076,1788566399999,4126370000.0,11191037,26771.1,2121410000.0
1788566400000,79660.8,80560.0,78680.0,79112.0,28545,1788825599999,2274470000.0,5398898,13647.6,1087510000.0
1788825600000,79112.0,79760.0,76464.0,76568.7,48685,1789084799999,3812930000.0,10758722,21588.2,1691540000.0
1789084800000,76568.7,79890.0,76046.6,76842.0,34733,1789343999999,2687750000.0,5638340,17780.7,1375940000.0
1789344000000,76842.0,79600.0,74968.0,76206.0,51984,1789603199999,3992530000.0,9703151,26379.7,2027190000.0
1789603200000,76206.0,81951.0,76000.0,81250.0,45497,1789862399999,3601770000.0,6856056,23909.8,1890630000.0
1789862400000,81250.0,87395.7,80126.0,86208.6,64285,1790121599999,5424370000.0,9789057,32041.8,2699270000.0
1790121600000,86208.6,87278.5,82874.9,84100.0,58911,1790380799999,4980040000.0,9443543,27673.3,2340750000.0
