timestamp,open,high,low,close,volume,close_timestamp,quote_asset_volume,number_of_trades,taker_buy_base_asset_volume,taker_buy_quote_asset_volume
1502928000000,4261.48,4485.39,4200.74,4285.08,795,1503014399999,3454770.0,3427,616.249,2678220.0
1503014400000,4285.08,4371.52,3938.77,4108.37,1200,1503100799999,5086960.0,5233,972.869,4129120.0
1503100800000,4108.37,4184.69,3850.0,4139.98,381,1503187199999,1549480.0,2153,274.336,1118000.0
1503187200000,4120.98,4211.08,4032.62,4086.29,467,1503273599999,1930360.0,2321,376.796,1557400.0
1503273600000,4069.13,4119.62,3911.79,4016.0,692,1503359999999,2797230.0,3972,557.356,2255660.0
1503360000000,4016.0,4104.82,3400.0,4040.0,967,1503446399999,3752510.0,6494,423.995,1637190.0
1503446400000,4040.0,4265.8,4013.89,4114.01,1001,1503532799999,4148690.0,8629,309.419,1293570.0
1503532800000,4147.0,4371.68,4085.01,4316.01,787,1503619199999,3296480.0,6247,206.82,868379.0
1503619200000,4316.01,4453.91,4247.48,4280.68,574,1503705599999,2484640.0,6554,100.098,434577.0
1503705600000,4280.71,4367.0,4212.41,4337.44,228,1503791999999,977866.0,2260,56.1901,241364.0
1503792000000,4332.51,4400.0,4285.54,4310.01,351,1503878399999,1521580.0,3670,101.651,442442.0
1503878400000,4310.01,4399.82,4124.54,4386.69,604,1503964799999,2591660.0,4349,142.788,612364.0
1503964800000,4353.65,4625.85,4313.55,4587.48,604,1504051199999,2682480.0,4159,143.443,641982.0
1504051200000,4564.52,4647.51,4416.01,4555.14,808,1504137599999,3683710.0,5551,196.062,894620.0
1504137600000,4555.14,4745.42,4555.14,4724.89,557,1504223999999,2579880.0,4161,131.947,614343.0
1504224000000,4689.89,4885.55,4654.88,4834.91,561,1504310399999,2665170.0,4000,118.66,566254.0
1504310400000,4796.16,4939.19,4286.87,4472.14,929,1504396799999,4257720.0,7475,379.2,1738330.0
1504396800000,4508.5,4714.76,4298.33,4509.08,691,1504483199999,3121050.0,6022,258.935,1169640.0
1504483200000,4505.0,4527.49,3972.51,4100.11,1395,1504569599999,5909950.0,9317,578.601,2460360.0
1504569600000,4106.97,4484.99,3603.0,4366.47,1229,1504655999999,5083450.0,10084,533.476,2214300.0
1504656000000,4366.49,4662.87,4335.26,4619.77,807,1504742399999,3626350.0,7956,422.923,1903230.0
1504742400000,4619.77,4788.59,4438.19,4691.61,500,1504828799999,2305800.0,3070,240.684,1111300.0
1504828800000,4691.66,4735.39,4028.93,4282.8,1132,1504915199999,4866530.0,4733,465.962,2004280.0
1504915200000,4282.8,4426.62,4150.06,4258.81,659,1505001599999,2815380.0,3777,287.99,1233630.0
1505001600000,4258.81,4283.0,3801.0,4130.37,660,1505087999999,2700370.0,3435,291.787,1193880.0
1505088000000,4153.62,4334.43,4098.91,4208.47,700,1505174399999,2956840.0,4228,322.198,1361870.0
1505174400000,4208.6,4394.59,4040.8,4163.72,880,1505260799999,3725190.0,6501,451.781,1911020.0
1505260800000,4159.72,4165.38,3760.0,3944.69,913,1505347199999,3570370.0,5019,363.053,1425990.0
1505347200000,3944.0,3993.0,3165.13,3189.02,1665,1505433599999,5914260.0,9066,761.154,2711570.0
1505433600000,3188.01,3856.0,2817.0,3700.0,1969,1505519999999,6588770.0,10445,966.122,3236330.0
1505520000000,3674.01,3950.0,3470.66,3714.95,1298,1505606399999,4804880.0,8809,624.888,2314540.0
1505606400000,3685.23,3748.21,3499.02,3699.99,682,1505692799999,2466490.0,6355,273.932,994844.0
1505692800000,3690.0,4123.2,3690.0,4035.01,1030,1505779199999,4069030.0,8220,417.639,1651860.0
1505779200000,4060.0,4089.97,3830.91,3910.04,902,1505865599999,3558320.0,7342,257.32,1016800.0
1505865600000,3910.04,4046.08,3820.0,3900.0,721,1505951999999,2839580.0,7231,395.275,1562210.0
1505952000000,3889.99,3910.0,3567.0,3609.99,1002,1506038399999,3757040.0,8714,517.259,1946240.0
1506038400000,3592.84,3750.0,3505.55,3595.87,839,1506124799999,3031770.0,8152,511.06,1848100.0
1506124800000,3595.88,3817.19,3542.91,3780.0,753,1506211199999,2799710.0,8402,431.947,1608680.0
1506211200000,3779.54,3789.99,3622.76,3660.02,662,1506297599999,2445790.0,8724,290.939,1077960.0
1506297600000,3660.02,3979.87,3653.69,3920.75,728,1506383999999,2784170.0,9740,298.839,1144090.0
1506384000000,3928.0,3976.99,3850.05,3882.35,527,1506470399999,2061200.0,7971,225.57,883925.0
1506470400000,3882.36,4249.94,3872.81,4193.0,628,1506556799999,2554630.0,8373,348.084,1418520.0
1506556800000,4192.11,4300.0,4101.0,4174.5,850,1506643199999,3553180.0,11426,364.517,1525470.0
1506643200000,4178.98,4263.86,3952.01,4174.69,1602,1506729599999,6571750.0,14834,660.408,2706150.0
1506729600000,4175.0,4380.0,4138.1,4378.51,720,1506815999999,3088350.0,9324,292.967,1258540.0
1506816000000,4378.49,4406.52,4240.04,4378.48,727,1506902399999,3137140.0,9816,291.976,1263470.0
1506902400000,4400.0,4561.63,4360.0,4380.0,656,1506988799999,2905280.0,8185,289.541,1286790.0
1506988800000,4380.0,4467.33,4180.8,4310.0,1082,1507075199999,4627420.0,12379,492.735,2107460.0
1507075200000,4314.9,4373.0,4142.0,4208.59,868,1507161599999,3676420.0,11006,292.929,1237550.0
1507161600000,4208.59,4355.0,4110.0,4292.43,779,1507247999999,3295530.0,9158,351.042,1483040.0
1507248000000,4318.99,4417.0,4292.0,4369.0,507,1507334399999,2212040.0,6546,226.148,988107.0
1507334400000,4369.0,4479.5,4312.56,4423.0,298,1507420799999,1302530.0,4804,145.313,637147.0
1507420800000,4425.0,4658.0,4425.0,4640.0,518,1507507199999,2347360.0,7580,280.095,1268660.0
1507507200000,4640.0,4889.98,4550.0,4786.95,646,1507593599999,3040510.0,10372,350.757,1654270.0
1507593600000,4786.95,4960.0,4680.59,4783.06,1043,1507679999999,5044280.0,11967,678.833,3289610.0
1507680000000,4783.06,4881.61,4710.0,4821.43,753,1507766399999,3609240.0,5895,540.088,2586980.0
1507766400000,4821.43,5439.99,4810.16,5430.0,1277,1507852799999,6659760.0,8030,796.595,4149670.0
1507852800000,5439.99,5846.17,5379.84,5649.98,1880,1507939199999,10597300.0,11663,878.638,4945790.0
1507939200000,5650.0,5900.0,5580.01,5869.99,971,1508025599999,5533970.0,6259,433.795,2472780.0
1508025600000,5855.03,5922.3,5400.01,5709.99,1344,1508111999999,7553650.0,7452,601.422,3384780.0
1508112000000,5710.0,5788.91,5585.19,5760.02,1529,1508198399999,8701920.0,9153,719.219,4096290.0
1508198400000,5760.0,5774.98,5508.63,5595.0,1430,1508284799999,8041660.0,9755,688.767,3874630.0
1508284800000,5595.0,5596.0,5037.95,5512.06,2318,1508371199999,12456900.0,14824,1039.62,5582560.0
1508371200000,5513.0,5710.0,5490.26,5683.9,1882,1508457599999,10609400.0,11553,866.172,4889250.0
1508457600000,5683.31,6110.0,5600.0,6010.01,1973,1508543999999,11486600.0,11656,833.037,4827680.0
1508544000000,6013.72,6171.0,5850.03,6024.97,1664,1508630399999,10114800.0,10182,796.023,4842550.0
1508630400000,6003.27,6060.0,5720.03,5950.02,1362,1508716799999,8035420.0,8846,559.072,3298110.0
1508716800000,5975.0,6080.0,5621.03,5915.93,1813,1508803199999,10607200.0,10736,733.791,4292970.0
1508803200000,5909.47,5925.0,5450.0,5477.03,2580,1508889599999,14564500.0,13075,1128.83,6369510.0
1508889600000,5506.92,5704.96,5286.98,5689.99,2283,1508975999999,12544800.0,12026,1102.09,6072830.0
1508976000000,5670.1,5939.99,5650.0,5861.77,1973,1509062399999,11417100.0,11429,779.74,4524680.0
1509062400000,5861.77,5980.0,5649.24,5768.83,1404,1509148799999,8167070.0,8305,624.087,3639530.0
1509148800000,5768.79,5850.02,5630.03,5719.64,1277,1509235199999,7308080.0,8556,522.437,2992460.0
1509235200000,5709.98,6189.88,5648.01,6169.98,1805,1509321599999,10621000.0,10651,954.17,5607340.0
1509321600000,6133.01,6248.68,6030.0,6120.5,1474,1509407999999,9030220.0,9027,568.133,3484470.0
1509408000000,6120.52,6498.01,6100.0,6463.0,1512,1509494399999,9487640.0,12503,666.764,4189140.0
1509494400000,6463.0,6774.67,6338.02,6753.98,1676,1509580799999,10951200.0,16775,681.762,4456440.0
1509580800000,6753.98,7300.0,6685.1,7019.98,2504,1509667199999,17369000.0,20222,1152.04,8002010.0
1509667200000,7010.31,7346.34,6923.0,7115.04,1891,1509753599999,13614500.0,15375,790.186,5689000.0
1509753600000,7115.02,7480.99,6901.0,7357.09,1399,1509839999999,10064500.0,13395,638.387,4597310.0
1509840000000,7357.27,7590.25,7279.02,7345.01,1208,1509926399999,9000400.0,11090,540.675,4027340.0
1509926400000,7345.1,7401.0,6906.0,6960.12,1763,1510012799999,12673500.0,13525,730.004,5258430.0
1510012800000,6981.72,7198.49,6901.0,7064.04,1440,1510099199999,10173300.0,13132,591.188,4181190.0
1510099200000,7070.0,7770.02,6651.0,7303.0,2822,1510185599999,20491300.0,24381,1291.34,9394530.0
1510185600000,7303.01,7392.0,7015.0,7079.99,1913,1510271999999,13798500.0,13818,724.155,5221300.0
1510272000000,7079.0,7279.91,6255.01,6506.98,3255,1510358399999,22083300.0,18889,1565.26,10594500.0
1510358400000,6503.0,6797.98,6100.0,6245.05,2754,1510444799999,17681400.0,17840,1127.48,7260380.0
1510444800000,6245.05,6630.0,5325.01,5811.03,4968,1510531199999,29711500.0,31069,2267.41,13607600.0
1510531200000,5839.94,6697.47,5699.99,6465.99,2621,1510617599999,16498100.0,16165,1300.0,8190120.0
1510617600000,6465.99,6684.98,6311.07,6574.99,1254,1510703999999,8168730.0,10476,612.136,3991110.0
1510704000000,6575.99,7298.0,6575.99,7240.06,1780,1510790399999,12446200.0,10313,958.592,6705960.0
1510790400000,7240.14,7940.0,7076.0,7864.5,2332,1510876799999,17499600.0,14961,1196.41,8973220.0
1510876800000,7876.98,7989.0,7451.0,7699.19,3982,1510963199999,31024100.0,22012,1910.21,14893100.0
1510963200000,7680.01,7819.99,7422.0,7761.94,3954,1511049599999,30334500.0,18383,1891.34,14512600.0
1511049600000,7761.94,8123.15,7650.33,8038.0,3867,1511135999999,30322600.0,14897,2097.61,16448900.0
1511136000000,8057.11,8319.99,7954.0,8212.0,3887,1511222399999,31567100.0,20101,1816.37,14741500.0
1511222400000,8212.49,8400.0,7801.0,8119.51,4544,1511308799999,37075000.0,20798,2222.29,18131900.0
1511308800000,8091.09,8322.68,8091.09,8205.92,3545,1511395199999,29124100.0,14752,1823.86,14992800.0
1511395200000,8233.03,8260.0,8000.0,8019.99,4094,1511481599999,33400700.0,16625,2163.76,17665000.0
1511481600000,8019.97,8369.0,7850.0,8138.0,4412,1511567999999,35840300.0,19754,2166.43,17613400.0
1511568000000,8138.99,8734.78,8090.0,8700.01,4293,1511654399999,36093000.0,18632,2294.92,19306900.0
1511654400000,8700.04,9350.0,8604.72,9128.02,4147,1511740799999,37138500.0,19268,2035.29,18226500.0
1511740800000,9128.0,9654.28,9112.04,9650.0,4522,1511827199999,42961100.0,22806,2433.45,23145300.0
1511827200000,9650.0,9939.0,9570.5,9896.8,4917,1511913599999,48235600.0,18923,2431.14,23851100.0
1511913600000,9896.79,11300.0,8520.0,9687.88,13353,1511999999999,135976000.0,47894,8662.63,88424000.0
1512000000000,9687.88,10900.0,8850.8,9838.96,9390,1512086399999,91430900.0,41153,5360.66,52384300.0
1512086400000,9837.0,10898.0,9380.0,10783.0,6135,1512172799999,62260700.0,32375,3269.87,33193700.0
1512172800000,10775.0,11190.0,10620.0,10890.0,4765,1512259199999,52046700.0,29694,2390.19,26111100.0
1512259200000,10902.7,11825.0,10500.0,11165.4,5347,1512345599999,60350700.0,39335,2574.25,29090200.0
1512345600000,11165.4,11600.0,10802.0,11579.0,4663,1512431999999,52815000.0,32232,2516.85,28512800.0
1512432000000,11571.0,11853.0,11447.7,11700.0,5551,1512518399999,64721300.0,31317,3135.63,36570500.0
1512518400000,11700.0,13615.2,11665.6,13550.0,6708,1512604799999,84409500.0,40196,3830.1,48223200.0
1512604800000,13541.0,16650.0,13050.0,16599.0,7487,1512691199999,109555000.0,57541,3931.04,57501500.0
1512691200000,16599.0,17205.0,14015.0,15880.0,17589,1512777599999,271586000.0,84727,11950.3,184080000.0
1512777600000,15880.0,16269.3,12535.0,14656.1,13919,1512863999999,205373000.0,66738,7988.32,118309000.0
1512864000000,14664.0,15720.1,12368.0,14900.0,16553,1512950399999,233768000.0,80669,8736.87,123177000.0
1512950400000,14946.3,17470.0,14901.1,16588.0,11820,1513036799999,193045000.0,71373,5905.23,96386400.0
1513036800000,16588.0,16976.4,15875.0,16350.0,9437,1513123199999,155716000.0,76032,4395.05,72561800.0
1513123200000,16350.0,16546.0,14666.6,16033.3,12416,1513209599999,196770000.0,83847,6127.96,97124600.0
1513209600000,16030.3,16445.0,15450.0,16335.0,11617,1513295999999,186092000.0,86150,5999.08,96150400.0
1513296000000,16335.0,17991.0,16298.5,17539.8,9181,1513382399999,159810000.0,85478,4712.58,81924000.0
1513382400000,17516.8,19539.0,17190.0,19102.7,4203,1513468799999,76293700.0,51777,2308.85,41958900.0
1513468800000,19120.2,19798.7,18510.0,18860.0,9177,1513555199999,175867000.0,84581,4197.96,80497200.0
1513555200000,18860.0,19300.0,17030.0,18856.2,10625,1513641599999,196339000.0,91956,4690.3,86666700.0
1513641600000,18856.2,18950.0,16300.0,17295.2,13211,1513727999999,232791000.0,116569,5740.51,101134000.0
1513728000000,17295.2,17720.3,14777.7,16489.0,13450,1513814399999,221194000.0,129762,5732.66,94404400.0
1513814400000,16480.5,17309.5,14022.0,15492.6,20324,1513900799999,320177000.0,117731,11672.8,184538000.0
1513900800000,15514.0,15699.3,10961.0,13326.6,36076,1513987199999,477510000.0,243261,17556.7,233435000.0
1513987200000,13326.6,14950.0,12978.2,13300.0,13142,1514073599999,184760000.0,135005,6547.67,92098800.0
1514073600000,13300.0,13820.0,11640.0,13500.0,28558,1514159999999,365710000.0,173557,15365.1,196993000.0
1514160000000,13500.0,14300.0,12708.0,13699.3,15748,1514246399999,213140000.0,116416,8834.65,119704000.0
1514246400000,13699.3,16050.0,13533.0,15689.0,15035,1514332799999,224844000.0,133133,8436.17,125842000.0
1514332800000,15710.0,16498.1,14200.2,15460.0,14960,1514419199999,231230000.0,142202,7843.42,121346000.0
1514419200000,15460.0,15540.0,13150.0,14182.1,21718,1514505599999,303401000.0,178032,11431.8,159796000.0
1514505600000,14199.1,14981.0,13850.0,14378.9,18072,1514591999999,260912000.0,142100,10502.7,151674000.0
1514592000000,14379.0,14398.8,11750.0,12440.0,19221,1514678399999,247804000.0,190204,9530.52,123372000.0
1514678400000,12345.1,14050.1,12150.0,13716.4,11769,1514764799999,155283000.0,138893,6085.52,80277200.0
1514764800000,13715.7,13818.5,12750.0,13380.0,8610,1514851199999,114800000.0,105595,3961.94,52809700.0
1514851200000,13382.2,15473.5,12890.0,14675.1,20078,1514937599999,279717000.0,177728,11346.3,158080000.0
1514937600000,14690.0,15307.6,14150.0,14919.5,15906,1515023999999,236117000.0,162787,8994.95,133587000.0
1515024000000,14919.5,15280.0,13918.0,15059.5,21330,1515110399999,312782000.0,170310,12680.8,186117000.0
1515110400000,15059.6,17176.2,14600.0,16960.4,23251,1515196799999,369322000.0,192969,13346.6,211830000.0
1515196800000,16960.4,17143.1,16011.2,17069.8,18571,1515283199999,309217000.0,158242,11007.2,183418000.0
1515283200000,17069.8,17100.0,15610.0,16150.0,12493,1515369599999,206195000.0,120269,6779.32,112151000.0
1515369600000,16218.8,16322.3,12812.0,14902.5,26601,1515455999999,396570000.0,208642,13756.8,206050000.0
1515456000000,14902.5,15500.0,14011.0,14400.0,14315,1515542399999,210630000.0,156656,6841.23,100699000.0
1515542400000,14401.0,14955.7,13131.3,14907.1,17411,1515628799999,244011000.0,161476,8529.55,119570000.0
1515628800000,14940.0,14968.7,11400.0,13238.8,33555,1515715199999,446588000.0,239416,16422.0,218762000.0
1515715200000,13238.8,14109.8,12500.0,13740.0,16417,1515801599999,222516000.0,134452,8117.31,110040000.0
1515801600000,13750.0,14580.0,13706.2,14210.0,12222,1515887999999,173086000.0,123639,5574.18,78958100.0
1515888000000,14210.0,14339.5,12569.2,13475.0,17018,1515974399999,226525000.0,152364,8288.38,110382000.0
1515974400000,13478.0,14250.0,13147.8,13539.9,14652,1516060799999,200615000.0,145362,7431.06,101748000.0
1516060800000,13500.0,13542.9,9035.0,10900.0,63401,1516147199999,722151000.0,418243,30353.4,346777000.0
1516147200000,10900.0,11681.0,9037.94,10988.8,72332,1516233599999,744154000.0,517293,35412.8,365047000.0
1516233600000,10972.6,11878.8,10435.3,10962.0,48464,1516319999999,541290000.0,393112,23814.4,266092000.0
1516320000000,10960.0,11795.0,10360.0,11475.0,34129,1516406399999,382774000.0,273271,16871.4,189260000.0
1516406400000,11475.0,13099.0,11412.5,12799.9,28769,1516492799999,358561000.0,251647,14389.2,179184000.0
1516492800000,12799.8,12799.8,10965.0,11530.0,41380,1516579199999,485289000.0,360207,20574.8,241154000.0
1516579200000,11530.0,11926.3,9900.24,10760.0,43753,1516665599999,475717000.0,363264,21300.6,231677000.0
1516665600000,10760.0,11399.0,9905.0,10799.2,37474,1516751999999,399419000.0,355286,18747.8,199900000.0
1516752000000,10799.1,11570.5,10500.0,11350.0,27159,1516838399999,299471000.0,293429,13087.4,144335000.0
1516838400000,11350.0,11794.0,10950.2,11175.3,20840,1516924799999,236081000.0,221040,10201.4,115585000.0
1516924800000,11184.7,11643.0,10311.2,11089.0,33057,1517011199999,360482000.0,314720,15330.8,167329000.0
1517011200000,11089.0,11650.0,10842.7,11491.0,18861,1517097599999,212663000.0,207478,9208.94,103936000.0
1517097600000,11500.0,12244.0,11408.0,11880.0,16887,1517183999999,200212000.0,206247,7342.79,87011000.0
1517184000000,11880.0,11975.0,11139.5,11251.0,14170,1517270399999,162110000.0,169199,6016.5,68820000.0
1517270400000,11250.1,11308.4,9900.0,10237.5,25554,1517356799999,268978000.0,259212,11388.1,119864000.0
1517356800000,10230.0,10425.8,9700.0,10285.1,18016,1517443199999,181644000.0,201422,8782.58,88609300.0
1517443200000,10285.1,10335.0,8750.99,9224.52,33565,1517529599999,317636000.0,316020,15430.0,146131000.0
1517529600000,9224.52,9250.0,8010.02,8873.03,49972,1517615999999,434236000.0,453411,23113.5,201293000.0
1517616000000,8873.03,9473.01,8229.0,9199.96,28725,1517702399999,256835000.0,327519,14182.8,127069000.0
1517702400000,9199.96,9368.0,7930.0,8184.81,32014,1517788799999,274912000.0,356134,13805.3,118885000.0
1517788800000,8179.99,8382.8,6625.0,6939.99,63403,1517875199999,471166000.0,533510,29857.4,222022000.0
1517875200000,6939.63,7878.0,6000.01,7652.14,100202,1517961599999,684364000.0,785996,49565.0,339118000.0
1517961600000,7655.02,8476.0,7150.01,7599.0,60778,1518047999999,477935000.0,514893,30084.8,237138000.0
1518048000000,7599.0,7844.0,7572.09,7784.02,1522,1518049694788,11770200.0,12417,844.259,6532640.0
1518134400000,7789.9,8738.0,7789.9,8683.92,20483,1518220799999,173348000.0,273091,10404.0,88117600.0
1518220800000,8683.93,9065.78,8120.0,8533.98,49382,1518307199999,423411000.0,537578,24506.7,210254000.0
1518307200000,8533.99,8549.0,7726.53,8063.88,45025,1518393599999,366966000.0,524626,23180.3,188850000.0
1518393600000,8063.82,8989.0,8053.0,8903.0,41988,1518479999999,362441000.0,477660,20916.9,180528000.0
1518480000000,8903.0,8950.0,8351.0,8539.9,35455,1518566399999,305165000.0,401893,16558.5,142531000.0
1518566400000,8535.17,9489.6,8533.0,9449.99,40812,1518652799999,370127000.0,514897,20508.5,185896000.0
1518652800000,9449.98,10219.5,9301.5,10000.1,52428,1518739199999,512388000.0,608349,25805.1,252255000.0
1518739200000,10000.9,10323.4,9666.0,10160.0,38161,1518825599999,381103000.0,405310,18313.0,182947000.0
1518825600000,10156.1,11075.1,10050.0,11039.5,41882,1518911999999,446013000.0,413585,21147.6,225229000.0
1518912000000,11039.5,11274.0,10080.0,10383.4,61137,1518998399999,649423000.0,537534,29593.9,314512000.0
1518998400000,10375.0,11250.0,10270.3,11153.0,40831,1519084799999,443767000.0,366882,20619.9,224194000.0
1519084800000,11147.1,11786.0,11100.6,11201.0,48153,1519171199999,551573000.0,432197,24211.5,277481000.0
1519171200000,11195.1,11304.0,10200.0,10437.6,68114,1519257599999,731537000.0,542340,32338.1,347437000.0
1519257600000,10439.0,10933.4,9679.0,9811.04,67060,1519343999999,682006000.0,506273,33029.3,336067000.0
1519344000000,9815.55,10435.0,9570.19,10131.0,57203,1519430399999,571801000.0,467480,28031.0,280172000.0
1519430400000,10131.0,10497.0,9352.0,9694.51,40888,1519516799999,405619000.0,337918,18646.9,185165000.0
1519516800000,9694.51,9847.0,9274.8,9590.0,28374,1519603199999,271287000.0,233567,13956.7,133526000.0
1519603200000,9590.0,10444.3,9350.0,10324.0,34878,1519689599999,347559000.0,285276,17045.8,169936000.0
1519689600000,10321.0,10870.0,10121.0,10569.0,30705,1519775999999,324295000.0,240542,15187.1,160450000.0
1519776000000,10584.3,11098.0,10300.0,10326.8,30801,1519862399999,327915000.0,277886,14412.8,153537000.0
1519862400000,10325.6,11060.4,10240.0,10920.0,25093,1519948799999,268173000.0,230428,12785.4,136789000.0
1519948800000,10923.4,11200.0,10770.0,11039.0,23911,1520035199999,262936000.0,211691,11893.3,130865000.0
1520035200000,11039.0,11544.0,11015.0,11464.5,21287,1520121599999,241750000.0,190444,10842.7,123143000.0
1520121600000,11464.5,11565.0,11050.0,11515.0,17296,1520207999999,194850000.0,168359,8197.4,92437000.0
1520208000000,11515.0,11710.0,11415.0,11454.0,15144,1520294399999,174867000.0,164318,7668.82,88589000.0
1520294400000,11455.0,11455.0,10555.5,10716.5,29516,1520380799999,323842000.0,250306,13482.3,147874000.0
1520380800000,10716.5,10899.0,9389.31,9910.0,50648,1520467199999,514808000.0,396721,24022.5,244165000.0
1520467200000,9910.0,10099.0,9060.0,9271.64,41109,1520553599999,394641000.0,336514,20257.5,194609000.0
1520553600000,9267.07,9410.0,8329.0,9227.0,64112,1520639999999,567083000.0,462712,31166.4,275735000.0
1520640000000,9230.0,9490.0,8667.07,8770.22,37180,1520726399999,341210000.0,288066,17639.8,161992000.0
1520726400000,8770.22,9740.0,8450.0,9533.57,44326,1520812799999,403491000.0,333367,21150.2,192898000.0
1520812800000,9533.57,9888.88,8780.0,9131.34,42231,1520899199999,395563000.0,336642,19369.7,181455000.0
1520899200000,9131.34,9474.0,8823.0,9150.0,40191,1520985599999,367354000.0,342734,19856.5,181534000.0
1520985600000,9151.92,9333.78,7900.28,8170.0,49708,1521071999999,426058000.0,399127,22883.3,196344000.0
1521072000000,8184.01,8430.0,7650.0,8240.98,52291,1521158399999,422131000.0,400529,26414.2,213358000.0
1521158400000,8240.98,8611.64,7900.0,8260.0,38815,1521244799999,322355000.0,255807,20049.4,166563000.0
1521244800000,8260.0,8348.62,7721.99,7824.8,33110,1521331199999,265973000.0,292041,15677.3,125988000.0
1521331200000,7824.01,8317.4,7322.0,8189.99,59488,1521417599999,458312000.0,423336,28216.5,217531000.0
1521417600000,8189.0,8705.23,8088.4,8600.0,55297,1521503999999,462654000.0,360414,27263.3,228208000.0
1521504000000,8595.01,9050.0,8280.0,8909.98,44865,1521590399999,387879000.0,298261,22849.0,197423000.0
1521590400000,8909.96,9177.01,8750.6,8885.0,39972,1521676799999,358157000.0,293696,19047.5,170758000.0
1521676800000,8884.82,9100.0,8465.1,8722.9,40618,1521763199999,354804000.0,276449,19567.6,171051000.0
1521763200000,8720.0,8909.0,8269.0,8898.03,39991,1521849599999,340756000.0,278571,20106.8,171488000.0
1521849600000,8898.04,8999.95,8491.0,8546.86,35467,1521935999999,313255000.0,270300,17302.1,152968000.0
1521936000000,8531.25,8669.85,8365.77,8470.15,29002,1522022399999,247023000.0,215660,14379.3,122528000.0
1522022400000,8470.14,8514.89,7831.0,8134.23,44034,1522108799999,358430000.0,310462,20957.3,170723000.0
1522108800000,8134.22,8215.94,7730.0,7795.51,37428,1522195199999,297610000.0,266540,18462.4,146861000.0
1522195200000,7795.51,8109.0,7728.0,7949.3,26401,1522281599999,209186000.0,183620,13685.4,108485000.0
1522281600000,7949.3,7975.0,6941.11,7090.14,54621,1522367999999,405591000.0,359537,24584.8,182403000.0
1522368000000,7090.16,7292.43,6600.1,6840.23,65306,1522454399999,450352000.0,400057,31944.4,220454000.0
1522454400000,6840.24,7223.36,6777.0,6923.91,36869,1522540799999,258342000.0,240293,19086.0,133764000.0
1522540800000,6922.0,7049.98,6430.0,6813.01,44071,1522627199999,297470000.0,260942,21899.3,147951000.0
1522627200000,6813.01,7125.0,6765.0,7056.0,32124,1522713599999,224322000.0,206780,16365.7,114292000.0
1522713600000,7063.97,7520.0,7011.01,7405.21,37787,1522799999999,277080000.0,248143,19218.8,140892000.0
1522800000000,7405.21,7427.52,6707.0,6796.1,42227,1522886399999,297444000.0,277249,20299.4,142891000.0
1522886400000,6796.1,6902.0,6566.69,6770.76,39030,1522972799999,263447000.0,238476,18991.1,128271000.0
1522972800000,6770.0,6850.0,6500.0,6601.39,27455,1523059199999,182140000.0,162456,13778.1,91424000.0
1523059200000,6601.39,7070.0,6586.28,6895.8,32270,1523145599999,222324000.0,178577,16460.7,113335000.0
1523145600000,6895.81,7109.13,6880.0,7018.0,21428,1523231999999,149967000.0,152461,11211.6,78468500.0
1523232000000,7011.04,7185.0,6611.0,6782.72,34078,1523318399999,234310000.0,212669,17046.4,117290000.0
1523318400000,6781.55,6890.0,6656.0,6843.9,22327,1523404799999,151418000.0,147755,11456.4,77704400.0
1523404800000,6839.56,6990.0,6787.0,6953.79,23998,1523491199999,165264000.0,155607,12530.7,86309600.0
1523491200000,6953.78,8012.23,6743.2,7923.0,64862,1523577599999,485176000.0,404588,33198.9,248243000.0
1523577600000,7922.99,8233.39,7732.0,7877.41,55045,1523663999999,439885000.0,351905,27485.1,219615000.0
1523664000000,7877.48,8186.0,7810.0,7999.01,31621,1523750399999,252869000.0,194500,16283.5,130249000.0
1523750400000,8004.0,8429.54,7999.02,8355.0,27947,1523836799999,230287000.0,181778,14619.5,120469000.0
1523836800000,8355.07,8419.0,7867.0,8064.92,36664,1523923199999,295818000.0,226748,17912.9,144490000.0
1523923200000,8064.92,8173.7,7825.4,7885.02,32153,1524009599999,258222000.0,221228,15662.8,125845000.0
1524009600000,7890.96,8236.43,7868.0,8173.0,26969,1524095999999,217649000.0,183472,14559.2,117565000.0
1524096000000,8173.99,8296.0,8080.0,8278.0,27114,1524182399999,222675000.0,196821,13747.6,112939000.0
1524182400000,8273.84,8930.0,8177.09,8856.98,39795,1524268799999,337289000.0,289687,21087.9,178803000.0
1524268800000,8852.12,9035.0,8565.0,8915.31,40872,1524355199999,358916000.0,295374,21145.8,185753000.0
1524355200000,8915.31,9020.67,8727.68,8787.02,29458,1524441599999,261804000.0,229871,14937.9,132830000.0
1524441600000,8785.7,8985.0,8745.0,8934.01,25838,1524527999999,229755000.0,190944,13246.6,117823000.0
1524528000000,8934.0,9731.01,8922.0,9619.99,46269,1524614399999,431210000.0,326608,24784.7,231062000.0
1524614400000,9618.96,9759.82,8730.0,8869.99,81110,1524700799999,745138000.0,477363,38824.0,356852000.0
1524700800000,8869.99,9307.48,8651.62,9266.0,43300,1524787199999,385047000.0,285850,22640.7,201459000.0
1524787200000,9267.03,9395.0,8889.0,8915.35,37241,1524873599999,342806000.0,268471,18517.6,170504000.0
1524873600000,8915.35,9427.48,8870.0,9348.0,34760,1524959999999,321654000.0,257288,18251.6,169070000.0
1524960000000,9348.0,9570.51,9163.74,9419.0,38150,1525046399999,357005000.0,311494,19364.9,181367000.0
1525046400000,9417.04,9458.64,9124.99,9246.01,35002,1525132799999,325019000.0,285951,17461.2,162179000.0
1525132800000,9246.01,9248.99,8800.49,9071.48,41018,1525219199999,368688000.0,268741,20050.2,180200000.0
1525219200000,9071.48,9268.0,8970.2,9247.84,26124,1525305599999,238422000.0,188258,13960.5,127440000.0
1525305600000,9247.81,9844.0,9168.4,9750.0,38768,1525391999999,366028000.0,282581,21093.1,199234000.0
1525392000000,9750.0,9830.04,9520.85,9713.99,28682,1525478399999,277566000.0,210165,14779.5,143070000.0
1525478400000,9714.0,10020.0,9682.0,9864.0,24990,1525564799999,246808000.0,212076,13011.8,128528000.0
1525564800000,9863.99,9970.0,9417.03,9659.01,27690,1525651199999,267359000.0,229309,13297.5,128428000.0
1525651200000,9661.02,9689.67,9181.0,9365.0,33788,1525737599999,316016000.0,230754,15818.0,147985000.0
1525737600000,9365.0,9475.7,9060.54,9187.56,25534,1525823999999,236418000.0,189159,13086.5,121220000.0
1525824000000,9178.0,9390.0,8965.0,9310.0,25674,1525910399999,235737000.0,192337,13597.3,124870000.0
1525910400000,9310.0,9395.12,8970.0,9002.2,25055,1525996799999,231595000.0,221075,12548.1,116002000.0
1525996800000,9002.21,9016.8,8341.0,8400.0,48227,1526083199999,418860000.0,365538,22767.5,197916000.0
1526083200000,8405.94,8646.88,8153.0,8465.94,40241,1526169599999,337900000.0,310305,19546.0,164142000.0
1526169600000,8475.44,8763.36,8298.0,8679.71,25633,1526255999999,219456000.0,215590,12797.0,109577000.0
1526256000000,8679.71,8879.99,8277.0,8663.34,37390,1526342399999,320584000.0,292731,18408.1,157870000.0
1526342400000,8663.37,8859.99,8401.3,8462.0,28127,1526428799999,242341000.0,360379,13977.5,120464000.0
1526428800000,8462.0,8488.0,8083.01,8330.0,31131,1526515199999,257057000.0,300842,15627.1,129113000.0
1526515200000,8330.0,8464.0,7979.0,8041.46,25440,1526601599999,209489000.0,310780,12489.3,103022000.0
1526601600000,8038.82,8273.21,7911.9,8239.81,23476,1526687999999,189870000.0,183913,12353.0,99971100.0
1526688000000,8238.01,8390.8,8095.73,8233.49,17193,1526774399999,141879000.0,134185,8731.95,72082900.0
1526774400000,8233.49,8609.0,8163.9,8526.98,19957,1526860799999,167441000.0,161265,10632.5,89177500.0
1526860800000,8526.97,8595.31,8305.0,8381.24,21517,1526947199999,181751000.0,184158,10738.7,90716200.0
1526947200000,8386.89,8400.18,7935.11,7977.11,23711,1527033599999,194335000.0,192154,11801.5,96803600.0
1527033600000,7977.12,8031.9,7425.0,7501.95,42911,1527119999999,331238000.0,306812,20890.9,161413000.0
1527120000000,7501.95,7730.73,7266.99,7575.01,37845,1527206399999,284286000.0,253694,19013.0,142901000.0
1527206400000,7578.99,7649.55,7308.15,7457.0,26740,1527292799999,199750000.0,239025,13830.9,103361000.0
1527292800000,7456.99,7620.0,7300.0,7333.96,19464,1527379199999,145636000.0,212344,10378.0,77725800.0
1527379200000,7334.0,7400.0,7231.11,7338.99,18707,1527465599999,136711000.0,198341,10258.3,74990800.0
1527465600000,7338.99,7437.0,7058.02,7099.0,27219,1527551999999,196789000.0,233392,14409.5,104234000.0
1527552000000,7099.0,7540.0,7032.95,7461.29,39407,1527638399999,288071000.0,237359,21855.9,159656000.0
1527638400000,7467.98,7569.0,7260.5,7375.96,32042,1527724799999,237957000.0,242079,17205.9,127817000.0
1527724800000,7382.07,7699.0,7327.51,7485.01,30776,1527811199999,231018000.0,274399,17009.0,127645000.0
1527811200000,7485.01,7608.55,7355.54,7521.01,28259,1527897599999,211459000.0,303069,15701.2,117517000.0
1527897600000,7521.01,7697.33,7437.0,7640.03,26721,1527983999999,203370000.0,290131,15540.1,118296000.0
1527984000000,7636.81,7786.69,7600.0,7714.26,27505,1528070399999,211737000.0,349636,15760.9,121340000.0
1528070400000,7714.26,7760.52,7446.5,7487.0,32259,1528156799999,244167000.0,307003,17730.3,134226000.0
1528156800000,7487.0,7679.49,7358.0,7625.0,31723,1528243199999,237722000.0,236865,17315.7,129808000.0
1528243200000,7626.64,7699.0,7467.05,7658.84,27230,1528329599999,207007000.0,257573,15071.6,114621000.0
1528329600000,7658.79,7765.0,7620.0,7691.08,25062,1528415999999,192949000.0,244186,14415.6,110989000.0
1528416000000,7691.08,7703.5,7531.0,7603.44,23397,1528502399999,178204000.0,321734,13039.0,99303700.0
1528502400000,7603.44,7683.98,7450.0,7491.73,19340,1528588799999,147171000.0,278971,10653.5,81075300.0
1528588800000,7491.73,7491.73,6622.81,6764.99,52342,1528675199999,367339000.0,471088,25976.2,182619000.0
1528675200000,6765.0,6922.0,6610.0,6872.0,34552,1528761599999,233057000.0,203442,18716.7,126256000.0
1528761600000,6872.0,6890.51,6435.0,6530.0,36722,1528847999999,245788000.0,224658,19299.7,129341000.0
1528848000000,6530.0,6627.6,6118.68,6292.78,46186,1528934399999,295396000.0,266517,25367.2,162375000.0
1528934400000,6292.78,6720.0,6260.0,6635.98,44478,1529020799999,289075000.0,256384,23838.2,154928000.0
1529020800000,6638.67,6666.66,6362.31,6388.9,30018,1529107199999,196192000.0,184938,16192.5,105857000.0
1529107200000,6380.01,6560.0,6320.86,6483.98,22277,1529193599999,143760000.0,140470,12750.6,82290400.0
1529193600000,6482.5,6589.03,6422.0,6449.61,19847,1529279999999,129121000.0,129759,11208.7,72949900.0
1529280000000,6444.06,6794.38,6380.0,6712.46,31821,1529366399999,208570000.0,180773,17674.6,115844000.0
1529366400000,6711.39,6841.74,6653.0,6741.21,24311,1529452799999,163420000.0,160490,12849.7,86385600.0
1529452800000,6740.0,6817.23,6551.81,6761.51,26360,1529539199999,175935000.0,166074,13647.9,91142900.0
1529539200000,6763.21,6795.0,6672.57,6718.84,25429,1529625599999,171150000.0,159783,15152.5,101996000.0
1529625600000,6717.69,6733.97,5918.94,6045.0,52157,1529711999999,327461000.0,300515,25336.7,158994000.0
1529712000000,6045.92,6260.0,6008.48,6149.98,26623,1529798399999,162756000.0,170164,15110.7,92413100.0
1529798400000,6149.98,6259.8,5750.0,6136.97,47446,1529884799999,284095000.0,275996,25966.4,155558000.0
1529884800000,6137.95,6350.0,6061.97,6252.0,39165,1529971199999,242860000.0,218384,21986.1,136305000.0
1529971200000,6252.0,6272.54,6035.0,6070.78,19377,1530057599999,119677000.0,113431,9824.66,60710100.0
1530057600000,6065.89,6190.43,5971.0,6133.73,19226,1530143999999,117103000.0,99481,10381.0,63236400.0
1530144000000,6134.73,6173.01,5827.0,5853.98,30585,1530230399999,185247000.0,156241,16422.4,99598700.0
1530230400000,5851.01,6300.0,5780.0,6197.92,33911,1530316799999,201409000.0,212542,18727.2,111291000.0
1530316800000,6197.92,6528.99,6186.03,6390.07,37920,1530403199999,241569000.0,230915,20036.0,127667000.0
1530403200000,6391.08,6441.06,6251.0,6356.81,27563,1530489599999,175096000.0,183060,15580.0,98972800.0
1530489600000,6360.82,6685.0,6271.62,6615.29,36230,1530575999999,235524000.0,242589,18966.9,123206000.0
1530576000000,6615.29,6679.35,6463.01,6513.86,38658,1530662399999,254550000.0,232914,20503.6,135048000.0
1530662400000,6511.01,6784.92,6441.11,6586.98,23572,1530748799999,156278000.0,146203,12244.1,81263600.0
1530748800000,6585.53,6712.0,6453.33,6529.2,35072,1530835199999,230809000.0,216533,19214.8,126481000.0
1530835200000,6529.2,6648.54,6425.0,6609.78,29397,1530921599999,192231000.0,193854,16292.9,106560000.0
1530921600000,6609.79,6818.16,6508.88,6756.98,23974,1531007999999,158034000.0,145449,12894.8,85004200.0
1531008000000,6753.48,6780.0,6667.44,6712.1,24623,1531094399999,165941000.0,145349,13146.6,88613300.0
1531094400000,6712.1,6802.06,6612.24,6662.12,26732,1531180799999,179251000.0,147315,14384.1,96490400.0
1531180800000,6662.78,6681.0,6263.0,6296.91,38561,1531267199999,249100000.0,189913,19261.1,124490000.0
1531267200000,6296.91,6406.0,6278.99,6378.07,28715,1531353599999,182357000.0,151869,15667.9,99524600.0
1531353600000,6378.07,6380.28,6070.0,6250.57,31307,1531439999999,194326000.0,150985,16067.8,99754100.0
1531440000000,6251.4,6350.0,6110.0,6214.57,26375,1531526399999,164468000.0,144757,13191.2,82276400.0
1531526400000,6214.57,6335.0,6178.0,6251.99,17783,1531612799999,110959000.0,108052,9833.31,61362100.0
1531612800000,6250.9,6395.0,6225.4,6353.01,22979,1531699199999,145410000.0,114997,13590.2,85970300.0
1531699200000,6354.15,6747.3,6330.4,6723.35,36205,1531785599999,237104000.0,201733,20149.6,131922000.0
1531785600000,6723.33,7468.99,6652.04,7317.44,52105,1531871999999,364669000.0,276178,28049.1,195977000.0
1531872000000,7317.44,7588.08,7225.38,7381.9,59488,1531958399999,440670000.0,327949,31196.4,231133000.0
1531958400000,7381.88,7576.28,7270.0,7466.21,41218,1532044799999,305198000.0,235597,22683.0,167928000.0
1532044800000,7468.86,7700.0,7273.0,7337.53,46140,1532131199999,342863000.0,251391,24006.6,178429000.0
1532131200000,7337.47,7458.47,7211.0,7398.78,28886,1532217599999,212126000.0,164901,16427.4,120688000.0
1532217600000,7399.25,7582.4,7335.5,7394.79,30270,1532303999999,225619000.0,144711,17086.8,127391000.0
1532304000000,7394.78,7833.0,7375.0,7721.01,41646,1532390399999,320157000.0,219776,22756.4,174955000.0
1532390400000,7721.65,8486.0,7696.0,8397.24,60121,1532476799999,487117000.0,326329,32980.5,266991000.0
1532476800000,8397.24,8491.77,8050.0,8175.64,48258,1532563199999,398120000.0,277935,25447.8,209868000.0
1532563200000,8175.63,8315.69,7850.06,7920.0,43223,1532649599999,352101000.0,235681,22367.0,182432000.0
1532649600000,7920.0,8285.0,7805.0,8188.57,43671,1532735999999,350882000.0,227397,23168.9,186143000.0
1532736000000,8188.57,8246.54,8067.0,8225.04,26215,1532822399999,214358000.0,144170,13976.7,114327000.0
1532822400000,8225.04,8294.51,8115.0,8211.0,25531,1532908799999,209564000.0,144331,14226.7,116798000.0
1532908800000,8210.99,8273.0,7866.0,8173.92,39692,1532995199999,321600000.0,206911,20676.1,167754000.0
1532995200000,8171.4,8180.0,7633.0,7730.93,48297,1533081599999,379841000.0,239132,24273.2,190886000.0
1533081600000,7735.67,7750.0,7430.0,7604.58,42582,1533167999999,322252000.0,208008,22159.8,167734000.0
1533168000000,7600.08,7709.46,7455.72,7525.71,37666,1533254399999,285657000.0,175627,21216.8,160972000.0
1533254400000,7525.71,7540.0,7282.44,7418.78,44669,1533340799999,330600000.0,226727,23397.0,173144000.0
1533340800000,7412.27,7494.81,6926.0,7009.84,36288,1533427199999,262283000.0,199335,17770.6,128602000.0
1533427200000,7009.84,7089.87,6882.29,7024.19,32895,1533513599999,229993000.0,148658,18336.0,128216000.0
1533513600000,7024.19,7160.0,6821.0,6934.82,32760,1533599999999,229072000.0,177378,17486.2,122304000.0
1533600000000,6935.0,7150.46,6670.0,6720.06,45438,1533686399999,316366000.0,247202,24012.7,167344000.0
1533686400000,6720.63,6721.54,6123.0,6285.0,59551,1533772799999,382461000.0,305603,30204.5,194092000.0
1533772800000,6283.27,6622.81,6178.6,6529.79,51941,1533859199999,332881000.0,248573,28290.8,181381000.0
1533859200000,6529.79,6575.88,6026.39,6144.01,59035,1533945599999,374699000.0,289661,31034.5,197215000.0
1533945600000,6148.13,6488.0,5971.0,6232.35,47133,1534031999999,291056000.0,236173,26084.0,160978000.0
1534032000000,6222.55,6472.3,6130.0,6308.33,38568,1534118399999,243227000.0,190399,20954.7,132190000.0
1534118400000,6308.56,6545.0,6145.04,6246.35,53896,1534204799999,341552000.0,239602,29517.3,187178000.0
1534204800000,6248.25,6250.33,5880.0,6188.08,50187,1534291199999,303180000.0,252004,25530.7,154286000.0
1534291200000,6188.08,6609.0,6172.11,6267.16,68807,1534377599999,439109000.0,329413,37144.0,237078000.0
1534377600000,6265.27,6480.0,6205.6,6311.75,48515,1534463999999,307756000.0,228942,26023.5,165124000.0
1534464000000,6316.0,6585.0,6285.4,6584.49,57852,1534550399999,374472000.0,296730,32407.9,209831000.0
1534550400000,6579.04,6620.0,6288.0,6387.96,53742,1534636799999,345964000.0,276121,29469.8,189809000.0
1534636800000,6387.96,6541.0,6300.0,6477.53,45191,1534723199999,289272000.0,190758,25368.6,162406000.0
1534723200000,6477.53,6530.0,6220.0,6254.84,49436,1534809599999,317618000.0,237055,26468.0,170186000.0
1534809600000,6251.0,6500.0,6235.08,6480.0,41570,1534895999999,265458000.0,180578,23219.8,148276000.0
1534896000000,6479.98,6882.54,6251.2,6360.89,77909,1534982399999,512501000.0,326562,40431.0,266272000.0
1534982400000,6362.57,6576.99,6342.28,6525.01,40358,1535068799999,259786000.0,187637,22134.6,142492000.0
1535068800000,6525.0,6725.0,6440.5,6681.64,38306,1535155199999,251513000.0,180167,21280.9,139769000.0
1535155200000,6686.98,6789.0,6650.61,6733.64,19221,1535241599999,129084000.0,122483,9829.85,66019300.0
1535241600000,6733.64,6775.27,6568.0,6700.0,20107,1535327999999,134118000.0,130769,9897.25,66042000.0
1535328000000,6700.0,6940.51,6646.5,6908.64,37747,1535414399999,254215000.0,205441,21458.1,144537000.0
1535414400000,6907.26,7135.0,6860.0,7076.11,48353,1535500799999,338220000.0,252033,26495.6,185343000.0
1535500800000,7077.0,7133.81,6912.34,7031.22,43252,1535587199999,304565000.0,223772,23716.2,167063000.0
1535587200000,7033.21,7063.63,6784.81,6984.84,44717,1535673599999,309357000.0,230848,24453.0,169234000.0
1535673600000,6984.84,7089.0,6888.0,7011.21,40467,1535759999999,282723000.0,203142,21668.4,151378000.0
1535760000000,7011.21,7275.0,7008.74,7200.01,40323,1535846399999,287299000.0,217286,22552.7,160668000.0
1535846400000,7201.57,7345.45,7127.0,7302.01,39815,1535932799999,288526000.0,210282,22422.5,162524000.0
1535932800000,7302.0,7338.28,7191.63,7263.02,32396,1536019199999,235394000.0,173846,16914.9,122918000.0
1536019200000,7263.0,7410.0,7227.17,7359.06,35301,1536105599999,258978000.0,183178,19983.2,146619000.0
1536105600000,7359.05,7397.3,6682.0,6700.0,63715,1536191999999,449463000.0,308813,31531.6,222720000.0
1536192000000,6697.27,6725.0,6265.0,6516.01,60644,1536278399999,390392000.0,280845,32332.5,208137000.0
1536278400000,6516.84,6544.0,6320.0,6395.54,38906,1536364799999,250716000.0,194451,21463.0,138345000.0
1536364800000,6395.54,6478.0,6111.0,6185.05,38215,1536451199999,241711000.0,180831,19615.1,124201000.0
1536451200000,6185.06,6441.0,6141.53,6250.81,37054,1536537599999,233583000.0,176709,20804.8,131143000.0
1536537600000,6252.26,6373.98,6221.0,6312.0,32439,1536623999999,204178000.0,165286,18454.7,116172000.0
1536624000000,6311.99,6404.0,6169.68,6294.91,33105,1536710399999,208347000.0,173335,18418.0,115941000.0
1536710400000,6293.0,6360.0,6192.37,6338.62,31434,1536796799999,197398000.0,165590,17212.0,108098000.0
1536796800000,6338.62,6535.0,6337.4,6487.38,40465,1536883199999,260985000.0,215637,21685.3,139898000.0
1536883200000,6487.39,6584.99,6385.62,6476.63,37173,1536969599999,241467000.0,198375,19926.1,129447000.0
1536969600000,6476.63,6565.45,6466.13,6514.96,25244,1537055999999,164558000.0,141362,13631.3,88868600.0
1537056000000,6514.96,6524.62,6370.0,6505.0,27568,1537142399999,178614000.0,145921,15277.4,99017900.0
1537142400000,6500.08,6533.84,6201.0,6248.69,35987,1537228799999,228971000.0,196924,18132.5,115436000.0
1537228800000,6248.69,6390.0,6224.98,6336.45,32621,1537315199999,205736000.0,169055,18134.7,114376000.0
1537315200000,6336.39,6517.7,6123.0,6391.89,39044,1537401599999,247455000.0,198215,21198.5,134464000.0
1537401600000,6392.0,6540.0,6325.0,6492.0,25189,1537487999999,161844000.0,153686,13565.5,87206900.0
1537488000000,6492.0,6784.86,6491.0,6759.02,51779,1537574399999,345747000.0,292494,28398.4,189709000.0
1537574400000,6759.01,6839.03,6627.0,6723.05,29350,1537660799999,197211000.0,145720,16555.0,111255000.0
1537660800000,6723.05,6788.23,6661.75,6708.0,30286,1537747199999,203479000.0,168354,17052.6,114584000.0
1537747200000,6706.81,6730.0,6557.0,6581.39,35306,1537833599999,234356000.0,185297,18662.4,123915000.0
1537833600000,6581.42,6584.01,6325.02,6447.54,40301,1537919999999,258927000.0,219965,21316.1,136948000.0
1537920000000,6445.11,6557.99,6379.7,6465.12,33485,1538006399999,216860000.0,184238,18833.1,121970000.0
1538006400000,6467.84,6750.0,6434.0,6689.13,33087,1538092799999,216915000.0,182590,18395.8,120652000.0
1538092800000,6689.12,6814.8,6540.88,6634.58,42399,1538179199999,283145000.0,211849,23688.5,158268000.0
1538179200000,6634.58,6636.0,6464.57,6596.38,30256,1538265599999,198424000.0,171027,16037.0,105227000.0
1538265600000,6597.66,6662.0,6533.0,6626.57,27765,1538351999999,183439000.0,153447,15201.0,100439000.0
1538352000000,6626.57,6667.09,6510.0,6611.61,20622,1538438399999,136115000.0,129733,11063.8,73056100.0
1538438400000,6610.0,6640.0,6494.0,6525.79,28246,1538524799999,185725000.0,147274,15115.8,99418900.0
1538524800000,6525.79,6549.0,6430.0,6510.0,28452,1538611199999,184623000.0,150607,15296.7,99276400.0
1538611200000,6510.01,6643.46,6505.09,6593.79,20074,1538697599999,132349000.0,96824,11077.9,73043800.0
1538697600000,6591.69,6697.0,6543.08,6635.65,16097,1538783999999,106265000.0,86701,8593.75,56749200.0
1538784000000,6635.65,6651.0,6566.77,6594.27,10940,1538870399999,72247900.0,62065,5212.87,34437300.0
1538870400000,6596.44,6640.0,6525.0,6615.26,17407,1538956799999,114489000.0,82844,8768.21,57668400.0
1538956800000,6615.26,6715.6,6587.0,6673.01,23123,1539043199999,153705000.0,135156,12334.9,81982600.0
1539043200000,6673.01,6685.38,6607.0,6656.61,15355,1539129599999,102115000.0,101956,7606.92,50595000.0
1539129600000,6656.67,6659.95,6530.0,6631.0,15391,1539215999999,101610000.0,99789,6819.65,45031600.0
1539216000000,6630.21,6633.92,6205.0,6252.68,48712,1539302399999,308153000.0,253224,24435.3,154457000.0
1539302400000,6252.71,6360.0,6209.0,6298.01,29004,1539388799999,183030000.0,148077,15890.4,100299000.0
1539388800000,6298.0,6345.0,6285.07,6332.93,19098,1539475199999,120729000.0,108981,9423.16,59568200.0
1539475200000,6332.92,6416.0,6308.0,6339.34,15627,1539561599999,99527300.0,96113,7127.37,45405700.0
1539561600000,6339.34,7680.0,6300.0,6752.5,90748,1539647999999,627985000.0,456913,47214.8,326438000.0
1539648000000,6752.5,6900.0,6670.0,6759.27,27558,1539734399999,186123000.0,175075,14204.0,95928800.0
1539734400000,6762.76,6811.12,6676.01,6740.89,26641,1539820799999,179642000.0,158746,13752.5,92735400.0
1539820800000,6739.01,6796.0,6567.0,6618.96,20117,1539907199999,134777000.0,138002,9735.65,65252000.0
1539907200000,6618.96,6648.14,6523.0,6528.88,20773,1539993599999,136686000.0,112337,11702.5,76995900.0
1539993600000,6528.88,6617.65,6505.55,6588.4,19241,1540079999999,126326000.0,110809,10487.0,68848400.0
1540080000000,6585.72,6663.9,6580.0,6590.11,6515,1540166399999,43146400.0,68018,3352.96,22204400.0
1540166400000,6590.12,6639.0,6535.27,6581.2,16214,1540252799999,106815000.0,101673,8401.55,55342000.0
1540252800000,6581.2,6595.0,6515.45,6553.51,13857,1540339199999,90969800.0,86938,7288.05,47847200.0
1540339200000,6553.51,6630.0,6547.53,6565.5,11952,1540425599999,78795600.0,90762,5551.62,36598600.0
1540425600000,6566.81,6575.09,6502.8,6528.09,10343,1540511999999,67691900.0,75563,5366.16,35118300.0
1540512000000,6528.13,6600.0,6515.01,6538.63,9444,1540598399999,61792500.0,77985,4680.04,30622500.0
1540598400000,6538.63,6558.35,6463.04,6505.6,7777,1540684799999,50667200.0,86848,3826.23,24926200.0
1540684800000,6505.6,6514.17,6453.0,6489.93,5744,1540771199999,37298400.0,71647,2728.51,17719400.0
1540771200000,6489.93,6505.01,6315.0,6344.5,13827,1540857599999,88484700.0,135586,6536.42,41839900.0
1540857600000,6344.5,6395.0,6317.01,6330.87,8877,1540943999999,56393400.0,95116,4547.14,28892100.0
1540944000000,6330.01,6428.0,6245.02,6371.93,12149,1541030399999,76970500.0,111552,6037.75,38272600.0
1541030400000,6369.52,6442.65,6348.66,6410.0,9099,1541116799999,58031700.0,89601,4560.74,29086100.0
1541116800000,6410.0,6460.34,6388.2,6433.98,9739,1541203199999,62589400.0,109482,4961.64,31889800.0
1541203200000,6432.8,6439.97,6345.0,6387.09,7661,1541289599999,48934200.0,83836,3635.87,23226800.0
1541289600000,6388.0,6525.0,6359.0,6485.85,10592,1541375999999,68169600.0,126200,5716.26,36792100.0
1541376000000,6485.85,6504.39,6431.02,6468.99,8988,1541462399999,58127200.0,114235,4555.52,29465700.0
1541462400000,6468.99,6531.31,6445.18,6519.11,11927,1541548799999,77336100.0,150475,5734.32,37189100.0
1541548800000,6522.73,6615.15,6509.0,6578.46,14272,1541635199999,93820600.0,151060,7059.09,46413300.0
1541635200000,6578.46,6594.0,6468.22,6479.84,13260,1541721599999,86450400.0,145405,6370.53,41543400.0
1541721600000,6479.84,6511.53,6391.01,6419.99,11788,1541807999999,75997800.0,117043,5993.77,38655500.0
1541808000000,6419.99,6475.55,6411.0,6433.05,7715,1541894399999,49745300.0,97746,3714.14,23951600.0
1541894400000,6435.16,6462.14,6355.0,6449.81,8214,1541980799999,52709100.0,98435,3799.7,24388800.0
1541980800000,6450.71,6497.0,6421.0,6453.07,10133,1542067199999,65390900.0,123144,5162.63,33319200.0
1542067200000,6451.68,6498.0,6391.15,6457.66,11791,1542153599999,76143000.0,150940,6176.47,39897100.0
1542153600000,6458.98,6482.84,5656.87,5922.41,46479,1542239999999,279633000.0,319011,20429.5,122728000.0
1542240000000,5917.2,5939.54,5403.42,5753.4,47701,1542326399999,270134000.0,303825,24424.6,138413000.0
1542326400000,5757.09,5782.89,5549.25,5655.94,38722,1542412799999,219097000.0,221493,20864.5,118077000.0
1542412800000,5650.57,5656.6,5565.43,5628.29,26411,1542499199999,148072000.0,171403,14662.9,82212600.0
1542499200000,5630.49,5738.17,5617.0,5662.0,23845,1542585599999,134893000.0,154817,12870.7,72812600.0
1542585600000,5661.94,5664.0,4855.0,4910.03,70581,1542671999999,368689000.0,378495,34832.1,181962000.0
1542672000000,4913.4,5048.24,4326.0,4558.86,117381,1542758399999,548037000.0,596769,60016.2,280209000.0
1542758400000,4559.91,4787.2,4413.85,4661.07,61072,1542844799999,281264000.0,301920,31538.6,145271000.0
1542844800000,4661.08,4721.77,4335.0,4370.0,34531,1542931199999,157460000.0,180335,17104.7,78079200.0
1542931200000,4370.9,4484.0,4222.94,4420.61,49372,1543017599999,215284000.0,227935,25825.0,112704000.0
1543017600000,4415.63,4527.0,3824.69,3932.44,61693,1543103999999,258703000.0,275070,30242.2,127232000.0
1543104000000,3933.68,4233.0,3652.66,4085.78,101694,1543190399999,398254000.0,428171,53212.2,208469000.0
1543190400000,4088.69,4206.0,3701.0,3862.2,94505,1543276799999,373230000.0,413339,48232.5,190644000.0
1543276800000,3864.45,3940.0,3689.12,3875.21,67481,1543363199999,257593000.0,288731,36322.3,138747000.0
1543363200000,3875.63,4394.47,3874.27,4264.85,91984,1543449599999,382697000.0,386714,47319.6,196769000.0
1543449600000,4262.06,4450.38,4125.65,4295.84,73980,1543535999999,316809000.0,316601,36962.5,158303000.0
1543536000000,4295.72,4341.36,3943.0,4041.32,67758,1543622399999,278811000.0,288098,33804.0,139232000.0
1543622400000,4041.27,4299.99,3963.01,4190.02,44840,1543708799999,186158000.0,205472,22425.4,93092900.0
1543708800000,4190.98,4312.99,4103.04,4161.01,38912,1543795199999,162917000.0,178087,19632.5,82236800.0
1543795200000,4160.55,4179.0,3827.0,3884.01,49094,1543881599999,195056000.0,207134,23219.6,92281400.0
1543881600000,3884.76,4085.0,3781.0,3951.64,48490,1543967999999,191673000.0,220815,23934.2,94658300.0
1543968000000,3950.98,3970.0,3745.0,3769.84,44005,1544054399999,169404000.0,199011,20501.0,78965700.0
1544054400000,3768.44,3899.99,3500.0,3508.75,68379,1544140799999,254722000.0,293512,32658.5,121928000.0
1544140800000,3508.75,3549.99,3224.6,3403.55,95145,1544227199999,322365000.0,413521,47770.6,161888000.0
1544227200000,3403.57,3495.0,3222.0,3410.93,55366,1544313599999,187910000.0,253650,29371.7,99748800.0
1544313600000,3411.36,3658.0,3394.04,3545.37,45957,1544399999999,161619000.0,194567,23399.9,82219700.0
1544400000000,3548.49,3610.0,3370.11,3432.88,40989,1544486399999,142508000.0,192599,20615.0,71728100.0
1544486400000,3434.01,3480.0,3324.32,3380.39,35921,1544572799999,121841000.0,162266,18443.6,62566400.0
1544572800000,3379.23,3492.0,3350.0,3445.0,33923,1544659199999,116227000.0,152067,18127.2,62102200.0
1544659200000,3446.38,3460.0,3255.5,3302.06,40041,1544745599999,134817000.0,160471,19671.3,66262800.0
1544745600000,3302.06,3335.39,3177.0,3224.17,44493,1544831999999,145101000.0,184525,22546.7,73559200.0
1544832000000,3225.19,3276.5,3156.26,3211.72,29796,1544918399999,95588800.0,139806,16044.6,51480400.0
1544918400000,3211.71,3294.0,3186.0,3228.67,24629,1545004799999,80068200.0,125565,13109.8,42626100.0
1545004800000,3229.22,3585.0,3216.0,3509.08,66762,1545091199999,228758000.0,283815,34567.2,118346000.0
1545091200000,3509.03,3678.59,3424.47,3652.98,61370,1545177599999,216564000.0,296433,32075.6,113218000.0
1545177600000,3653.0,3912.73,3622.55,3662.22,94137,1545263999999,352638000.0,434026,48106.8,180189000.0
1545264000000,3660.01,4120.0,3635.0,4049.62,101544,1545350399999,399967000.0,500506,52772.9,207804000.0
1545350400000,4051.86,4139.99,3764.0,3838.66,82344,1545436799999,325803000.0,436187,41365.9,163731000.0
1545436800000,3840.25,3979.0,3785.0,3948.91,42822,1545523199999,165086000.0,249148,22602.3,87158200.0
1545523200000,3948.91,4021.53,3870.0,3929.71,40118,1545609599999,158756000.0,258417,20216.9,80034000.0
1545609600000,3929.71,4198.0,3924.83,4008.01,64648,1545695999999,264629000.0,400403,33124.5,135646000.0
1545696000000,4010.11,4020.0,3646.41,3745.79,62726,1545782399999,235584000.0,356377,31542.0,118404000.0
1545782400000,3745.56,3837.15,3656.74,3777.74,42629,1545868799999,159705000.0,267746,22292.2,83539000.0
1545868800000,3777.74,3813.98,3535.0,3567.91,44097,1545955199999,161916000.0,262733,22249.5,81803900.0
1545955200000,3567.89,3887.25,3540.04,3839.26,45964,1546041599999,170639000.0,251040,24449.9,90747700.0
1546041600000,3839.0,3892.0,3670.0,3695.32,38874,1546127999999,148205000.0,244844,19522.2,74500800.0
1546128000000,3696.71,3903.5,3657.9,3801.91,33222,1546214399999,124966000.0,218929,17427.3,65588000.0
1546214400000,3803.12,3810.0,3630.33,3702.9,29992,1546300799999,111847000.0,190308,15523.8,57912300.0
1546300800000,3701.23,3810.16,3642.0,3797.14,23742,1546387199999,88149200.0,154227,12919.2,47973400.0
1546387200000,3796.45,3882.14,3750.45,3858.56,35156,1546473599999,133877000.0,218538,17921.6,68277900.0
1546473600000,3857.57,3862.74,3730.0,3766.78,29407,1546559999999,111657000.0,199812,14793.1,56172500.0
1546560000000,3767.2,3823.64,3703.57,3792.01,29520,1546646399999,111035000.0,192232,15579.3,58616200.0
1546646400000,3790.09,3840.99,3751.0,3770.96,30491,1546732799999,115894000.0,203673,14908.9,56667500.0
1546732800000,3771.12,4027.71,3740.0,3987.6,36554,1546819199999,142199000.0,240496,19772.9,76903700.0
1546819200000,3987.62,4017.9,3921.53,3975.45,31870,1546905599999,126830000.0,221219,16404.4,65287600.0
1546905600000,3976.76,4069.8,3903.0,3955.13,38901,1546991999999,154779000.0,242898,20048.0,79781100.0
1546992000000,3955.45,4006.81,3930.04,3966.65,28989,1547078399999,115219000.0,209240,14984.3,59559000.0
1547078400000,3966.06,3996.01,3540.0,3585.88,59402,1547164799999,221789000.0,374760,28288.3,105616000.0
1547164800000,3585.88,3658.0,3465.0,3601.31,38339,1547251199999,137561000.0,264996,19907.4,71430000.0
1547251200000,3601.31,3618.19,3530.0,3583.13,22000,1547337599999,78908800.0,175679,11645.6,41778800.0
1547337600000,3584.1,3611.1,3441.3,3476.81,26386,1547423999999,92882200.0,183113,13692.4,48229500.0
1547424000000,3477.56,3671.87,3467.02,3626.09,35235,1547510399999,125632000.0,229452,18416.4,65668800.0
1547510400000,3626.08,3648.42,3516.62,3553.06,34138,1547596799999,122785000.0,231684,17225.6,61971800.0
1547596800000,3553.06,3645.0,3543.51,3591.84,27480,1547683199999,98504500.0,205159,14183.7,50843100.0
1547683200000,3591.84,3634.7,3530.39,3616.21,29755,1547769599999,106709000.0,217797,16010.5,57427200.0
1547769600000,3613.32,3620.0,3565.75,3594.87,22713,1547855999999,81699700.0,177567,12611.1,45363000.0
1547856000000,3594.87,3720.0,3594.23,3665.3,22172,1547942399999,81354200.0,175054,11637.3,42690500.0
1547942400000,3665.75,3693.73,3475.0,3539.28,27902,1548028799999,99767200.0,204941,13875.1,49633500.0
1548028800000,3539.26,3559.51,3475.5,3526.9,19644,1548115199999,69316600.0,160825,10462.0,36918200.0
1548115200000,3526.88,3608.5,3434.85,3570.93,29336,1548201599999,103804000.0,195484,15661.3,55461300.0
1548201600000,3570.41,3607.98,3514.5,3552.82,24939,1548287999999,88816400.0,192892,13136.7,46789500.0
1548288000000,3552.97,3589.0,3529.22,3569.62,20826,1548374399999,74037100.0,162159,10976.0,39023600.0
1548374400000,3569.07,3587.15,3522.51,3565.29,17608,1548460799999,62634900.0,153413,9690.4,34474000.0
1548460800000,3566.69,3662.94,3545.0,3565.25,19477,1548547199999,69841800.0,135369,10203.4,36578900.0
1548547200000,3565.62,3579.0,3486.0,3550.84,22736,1548633599999,80743400.0,163855,11568.6,41100300.0
1548633600000,3550.05,3557.75,3380.27,3434.15,40405,1548719999999,139259000.0,260799,20334.3,70100400.0
1548720000000,3434.0,3443.45,3349.92,3411.04,29545,1548806399999,100543000.0,189650,15626.3,53180300.0
1548806400000,3410.04,3478.0,3387.1,3458.18,23968,1548892799999,82521100.0,180820,13324.3,45877300.0
1548892800000,3457.5,3489.2,3418.8,3434.1,29607,1548979199999,101928000.0,198100,15325.8,52764600.0
1548979200000,3434.1,3488.0,3401.2,3462.07,25260,1549065599999,87075900.0,167520,13533.3,46664200.0
1549065600000,3462.2,3526.4,3440.29,3504.77,17921,1549151999999,62134000.0,153234,9637.42,33418000.0
1549152000000,3504.06,3511.09,3426.0,3458.11,19867,1549238399999,68801600.0,138592,10126.7,35070900.0
1549238400000,3458.11,3484.88,3433.31,3463.22,23132,1549324799999,80024300.0,155686,12387.1,42856600.0
1549324800000,3463.22,3478.97,3448.43,3471.59,25264,1549411199999,87491300.0,162066,13642.8,47248400.0
1549411200000,3471.57,3482.72,3380.0,3405.37,35310,1549497599999,120501000.0,207024,18054.0,61609700.0
1549497600000,3407.0,3426.45,3390.0,3398.4,18666,1549583999999,63611500.0,148209,9971.89,33985900.0
1549584000000,3398.4,3733.58,3373.1,3659.04,47968,1549670399999,170118000.0,277242,25501.0,90453800.0
1549670400000,3660.27,3680.02,3625.13,3665.18,24760,1549756799999,90488500.0,192209,13208.1,48274400.0
1549756800000,3665.18,3684.99,3609.76,3680.06,23251,1549843199999,84696400.0,171099,12445.2,45337800.0
1549843200000,3679.75,3684.9,3615.53,3631.05,24955,1549929599999,90731800.0,172626,12713.2,46221600.0
1549929600000,3631.05,3667.6,3582.34,3631.46,29480,1550015999999,106766000.0,198996,14986.1,54283300.0
1550016000000,3631.51,3670.0,3591.75,3609.4,25774,1550102399999,93350700.0,167690,13552.8,49100800.0
1550102400000,3608.34,3626.4,3568.11,3590.56,21754,1550188799999,78367500.0,155215,11271.2,40602600.0
1550188800000,3590.57,3653.23,3573.45,3602.47,20778,1550275199999,74938400.0,151256,10840.4,39106500.0
1550275200000,3602.49,3648.2,3597.91,3618.41,19566,1550361599999,70894900.0,149393,10452.1,37873300.0
1550361600000,3617.22,3700.11,3604.4,3667.58,25690,1550447999999,93426400.0,179511,13004.2,47318000.0
1550448000000,3667.62,3925.0,3655.0,3898.6,64043,1550534399999,242898000.0,393515,33935.0,128779000.0
1550534400000,3897.35,3994.52,3856.0,3907.79,50207,1550620799999,197092000.0,332281,27008.6,106038000.0
1550620800000,3907.35,3986.98,3870.66,3969.74,36205,1550707199999,142572000.0,250176,19952.7,78593000.0
1550707200000,3969.74,4016.48,3901.03,3937.31,31104,1550793599999,122714000.0,209571,16678.7,65816500.0
1550793600000,3937.31,3988.0,3926.65,3962.0,23943,1550879999999,94739300.0,179588,12932.1,51173000.0
1550880000000,3962.0,4162.02,3933.15,4117.76,33658,1550966399999,135783000.0,231563,17790.4,71727700.0
1550966400000,4118.0,4198.0,3712.66,3743.56,62224,1551052799999,244147000.0,410578,30285.0,118939000.0
1551052800000,3743.56,3872.66,3740.0,3827.92,38103,1551139199999,145286000.0,262716,20414.1,77851100.0
1551139200000,3828.44,3841.51,3777.0,3809.23,28839,1551225599999,109933000.0,213897,14790.2,56377000.0
1551225600000,3809.31,3838.85,3677.17,3818.07,31501,1551311999999,119564000.0,201626,16214.2,61560500.0
1551312000000,3818.04,3888.0,3763.87,3813.69,32562,1551398399999,124704000.0,233849,16907.1,64761200.0
1551398400000,3814.26,3857.0,3813.01,3823.0,23175,1551484799999,88851300.0,179860,12774.0,48982500.0
1551484800000,3822.17,3841.31,3772.25,3819.93,19446,1551571199999,74175400.0,149854,10248.9,39098100.0
1551571200000,3819.97,3835.0,3781.32,3807.75,16718,1551657599999,63791900.0,127681,8854.22,33793200.0
1551657600000,3807.32,3830.0,3670.69,3715.3,34743,1551743999999,129740000.0,218615,18023.0,67312500.0
1551744000000,3716.1,3877.1,3703.55,3857.73,32963,1551830399999,124946000.0,202444,17980.1,68134600.0
1551830400000,3857.58,3907.0,3813.09,3861.84,24775,1551916799999,95417600.0,165101,13139.8,50622300.0
1551916800000,3861.84,3905.4,3840.4,3873.64,26455,1552003199999,102585000.0,180520,13365.9,51827500.0
1552003200000,3873.63,3932.0,3800.0,3864.89,34730,1552089599999,135001000.0,211534,17947.9,69791100.0
1552089600000,3864.88,3971.75,3854.75,3943.04,30980,1552175999999,121354000.0,206869,16447.3,64429500.0
1552176000000,3943.43,3943.43,3881.69,3916.82,23188,1552262399999,90694000.0,167920,12518.5,48968100.0
1552262400000,3915.99,3936.98,3830.0,3871.61,38067,1552348799999,147722000.0,209916,19416.2,75329600.0
1552348800000,3871.61,3905.2,3826.06,3882.73,26921,1552435199999,104394000.0,182885,13827.4,53624500.0
1552435200000,3882.69,3893.56,3840.0,3866.0,24461,1552521599999,94680000.0,186572,12839.1,49699900.0
1552521600000,3866.0,3920.0,3810.43,3877.12,27049,1552607999999,104673000.0,196651,14244.5,55141100.0
1552608000000,3877.12,3939.22,3872.2,3923.76,21740,1552694399999,84919900.0,163866,12025.7,46979300.0
1552694400000,3924.46,4056.98,3921.98,4005.98,28568,1552780799999,114228000.0,216198,15580.6,62301600.0
1552780800000,4005.98,4012.0,3950.01,3981.14,18814,1552867199999,74893900.0,146953,9927.12,39524100.0
1552867200000,3981.85,4037.0,3953.33,3987.81,22454,1552953599999,89526300.0,157876,11964.2,47710900.0
1552953600000,3987.83,4031.0,3970.0,4015.53,19894,1553039999999,79503800.0,147394,10745.6,42949900.0
1553040000000,4017.48,4050.0,3980.5,4043.04,23432,1553126399999,94019700.0,175036,12201.2,48961400.0
1553126400000,4043.04,4069.32,3880.01,3980.64,35998,1553212799999,144010000.0,236100,18704.2,74835400.0
1553212800000,3980.85,4008.0,3968.25,3986.93,20023,1553299199999,79861900.0,153703,10561.7,42127900.0
1553299200000,3987.89,4018.83,3978.01,4006.01,17303,1553385599999,69169800.0,143155,9491.14,37945800.0
1553385600000,4006.01,4006.02,3950.0,3992.18,17180,1553471999999,68524100.0,131087,8617.37,34375200.0
1553472000000,3991.35,3999.3,3888.71,3936.12,33193,1553558399999,131507000.0,227739,17050.6,67573100.0
1553558400000,3935.47,3958.98,3894.0,3948.55,29350,1553644799999,115330000.0,192418,15963.9,62738500.0
1553644800000,3948.77,4048.0,3936.15,4038.05,32365,1553731199999,129681000.0,224309,17964.6,71983200.0
1553731200000,4039.58,4039.7,4002.0,4027.81,20089,1553817599999,80822200.0,157060,10111.8,40684000.0
1553817600000,4028.22,4123.71,4024.03,4103.25,30084,1553903999999,122586000.0,203826,16800.5,68459600.0
1553904000000,4104.24,4140.0,4052.0,4106.97,19509,1553990399999,79853800.0,162463,10322.1,42255000.0
1553990400000,4106.99,4116.12,4082.57,4103.95,13525,1554076799999,55472100.0,124046,6824.66,27993500.0
1554076800000,4102.44,4158.7,4067.0,4144.56,25507,1554163199999,105388000.0,184268,12915.3,53372000.0
1554163200000,4144.54,4897.99,4140.54,4857.29,105384,1554249599999,489019000.0,609133,55726.1,258301000.0
1554249600000,4857.19,5275.01,4753.5,4932.6,109890,1554335999999,548901000.0,692019,55975.6,279654000.0
1554336000000,4932.59,5039.08,4777.0,4898.66,61054,1554422399999,301411000.0,419141,31203.3,154091000.0
1554422400000,4898.64,5028.22,4880.62,5004.95,39769,1554508799999,197661000.0,292375,21235.6,105586000.0
1554508800000,5004.96,5205.0,4928.59,5043.89,41771,1554595199999,210963000.0,281237,21796.0,110119000.0
1554595200000,5042.07,5234.0,5026.0,5170.27,37615,1554681599999,192917000.0,274084,19504.6,100069000.0
1554681600000,5170.27,5305.0,5039.0,5236.9,50178,1554767999999,260487000.0,350828,25302.2,131396000.0
1554768000000,5238.38,5238.4,5076.68,5150.0,34067,1554854399999,175634000.0,253381,16967.0,87496300.0
1554854400000,5150.0,5422.0,5135.0,5308.25,40074,1554940799999,210870000.0,260967,21269.6,111953000.0
1554940800000,5307.86,5332.67,4927.0,5017.37,54697,1555027199999,277737000.0,369304,26631.1,135175000.0
1555027200000,5017.37,5080.58,4861.22,5048.01,33277,1555113599999,166486000.0,226036,16899.6,84561800.0
1555113600000,5047.0,5099.0,5004.0,5045.22,17292,1555199999999,87376000.0,138674,8692.05,43925300.0
1555200000000,5047.45,5152.99,5000.0,5131.3,18282,1555286399999,92594900.0,131700,10043.9,50893900.0
1555286400000,5131.28,5167.38,4950.0,5024.95,29057,1555372799999,147688000.0,204944,14170.3,72070200.0
1555372800000,5024.95,5197.72,5003.94,5173.72,24242,1555459199999,123582000.0,168550,12804.6,65290600.0
1555459200000,5173.72,5230.4,5146.8,5202.82,23308,1555545599999,120972000.0,179490,12172.5,63190200.0
1555545600000,5202.41,5287.0,5198.8,5258.44,22619,1555631999999,118573000.0,167110,12104.9,63464100.0
1555632000000,5258.44,5320.0,5175.0,5258.68,24611,1555718399999,128937000.0,178148,12889.7,67549700.0
1555718400000,5258.68,5333.42,5230.1,5291.73,19169,1555804799999,101344000.0,157080,10029.3,53029500.0
1555804800000,5292.91,5314.35,5165.0,5256.14,25550,1555891199999,133930000.0,210494,13147.8,68909900.0
1555891200000,5257.41,5400.0,5208.35,5357.14,29564,1555977599999,156632000.0,210361,15828.0,83879400.0
1555977600000,5357.14,5600.0,5332.41,5493.31,41262,1556063999999,227154000.0,282563,21260.0,117055000.0
1556064000000,5490.91,5582.2,5333.35,5415.0,48224,1556150399999,262493000.0,339599,23401.2,127420000.0
1556150400000,5415.0,5491.84,5102.0,5219.9,49636,1556236799999,265092000.0,331089,21401.2,114224000.0
1556236800000,5220.47,5510.0,5161.62,5314.1,48912,1556323199999,259660000.0,333183,25076.7,133163000.0
1556323200000,5315.0,5342.5,5257.67,5295.69,15423,1556409599999,81749700.0,145733,7918.23,41978300.0
1556409600000,5295.69,5340.0,5259.48,5307.52,14371,1556495999999,76277100.0,127730,7160.77,38011500.0
1556496000000,5309.81,5332.0,5178.8,5238.14,19918,1556582399999,104822000.0,178472,9983.62,52529700.0
1556582400000,5238.14,5339.98,5192.15,5320.81,22238,1556668799999,117310000.0,180989,12264.6,64721200.0
1556668800000,5321.94,5402.0,5316.2,5383.2,17217,1556755199999,92194900.0,161488,9636.27,51604800.0
1556755200000,5383.2,5538.0,5370.0,5492.87,22796,1556841599999,124499000.0,181896,11908.9,65029400.0
1556841600000,5494.81,5844.0,5477.57,5772.69,46297,1556927999999,264436000.0,338298,24992.7,142733000.0
1556928000000,5770.62,5900.0,5587.45,5829.45,39682,1557014399999,228943000.0,283145,21037.3,121524000.0
1557014400000,5829.83,5839.9,5696.0,5775.62,23823,1557100799999,137653000.0,185365,11824.1,68357200.0
1557100800000,5773.18,5805.0,5619.14,5747.79,25257,1557187199999,144359000.0,230431,12922.6,73880900.0
1557187200000,5749.92,6028.41,5747.74,5846.34,39905,1557273599999,236177000.0,301388,21303.0,126064000.0
1557273600000,5846.34,6014.72,5772.2,5987.29,23074,1557359999999,136246000.0,190969,11961.0,70660100.0
1557360000000,5986.66,6224.55,5983.71,6209.18,27453,1557446399999,167490000.0,227841,13875.2,84696100.0
1557446400000,6209.95,6468.92,6172.0,6373.33,36624,1557532799999,231801000.0,283074,18548.9,117379000.0
1557532800000,6375.16,7343.99,6372.85,7076.22,74022,1557619199999,507216000.0,562540,40092.0,274656000.0
1557619200000,7076.24,7521.78,6750.0,6967.31,86949,1557705599999,619939000.0,647345,42689.6,304721000.0
1557705600000,6968.24,8100.0,6870.0,7790.71,85805,1557791999999,648013000.0,588497,45381.3,342327000.0
1557792000000,7795.62,8366.0,7599.56,7947.56,76584,1557878399999,611103000.0,655426,38953.0,310811000.0
1557878400000,7945.26,8249.0,7850.0,8169.87,37884,1557964799999,305196000.0,347533,19660.6,158426000.0
1557964800000,8169.08,8320.0,7705.0,7866.59,69631,1558051199999,557126000.0,666538,35097.4,280897000.0
1558051200000,7868.67,7925.0,6913.0,7355.26,88752,1558137599999,645676000.0,803893,45121.5,328348000.0
1558137600000,7355.28,7458.0,7156.61,7257.45,37055,1558223999999,271170000.0,379504,19375.8,141830000.0
1558224000000,7257.32,8275.09,7243.08,8148.48,65577,1558310399999,517729000.0,583432,35593.5,281178000.0
1558310400000,8147.94,8156.03,7553.0,7938.15,65859,1558396799999,517939000.0,610360,34629.6,272371000.0
1558396800000,7937.16,8042.32,7771.0,7904.87,52302,1558483199999,413638000.0,554038,27272.4,215731000.0
1558483200000,7904.48,8016.0,7465.0,7628.43,49137,1558569599999,384730000.0,461337,24411.0,191296000.0
1558569600000,7627.8,7940.98,7461.0,7851.51,49648,1558655999999,381536000.0,449220,25959.9,199608000.0
1558656000000,7849.95,8130.0,7766.0,7964.87,46665,1558742399999,371381000.0,428676,25045.7,199348000.0
1558742400000,7964.52,8091.8,7908.34,8025.41,28414,1558828799999,227376000.0,264448,15037.2,120334000.0
1558828800000,8023.0,8740.0,7833.42,8614.43,49652,1558915199999,409616000.0,377306,26438.9,217911000.0
1558915200000,8612.54,8908.32,8589.0,8756.32,51887,1559001599999,452651000.0,478773,27722.4,241865000.0
1559001600000,8752.52,8798.49,8510.63,8715.64,31471,1559087999999,273792000.0,349123,16561.9,144108000.0
1559088000000,8716.87,8750.0,8406.6,8645.68,33881,1559174399999,292095000.0,352317,17575.6,151595000.0
1559174400000,8646.5,9074.26,8005.0,8269.54,70380,1559260799999,603313000.0,617341,34577.3,296614000.0
1559260800000,8267.1,8594.0,8108.5,8555.0,44727,1559347199999,373630000.0,416525,23391.7,195419000.0
1559347200000,8555.0,8626.0,8442.36,8544.07,31868,1559433599999,272098000.0,348375,16922.7,144486000.0
1559433600000,8545.1,8814.78,8524.0,8725.98,27835,1559519999999,241415000.0,299353,14585.9,126530000.0
1559520000000,8726.0,8800.95,8080.8,8115.82,45693,1559606399999,387155000.0,431252,22514.3,190883000.0
1559606400000,8115.66,8115.66,7481.02,7687.03,74144,1559692799999,582173000.0,645913,36776.6,288823000.0
1559692800000,7687.04,7896.7,7572.78,7776.5,48680,1559779199999,377636000.0,426120,26296.5,204083000.0
1559779200000,7778.08,7868.13,7444.58,7786.7,36624,1559865599999,282156000.0,371485,18878.0,145538000.0
1559865600000,7787.57,8100.0,7737.49,7980.53,33942,1559951999999,269126000.0,323096,17193.6,136343000.0
1559952000000,7978.94,8044.65,7751.0,7893.62,22657,1560038399999,179047000.0,250864,11795.1,93237200.0
1560038400000,7895.28,7935.0,7506.66,7628.13,31568,1560124799999,243971000.0,322175,16234.6,125591000.0
1560124800000,7627.57,8020.0,7511.0,7982.75,36756,1560211199999,287125000.0,387179,19890.9,155461000.0
1560211200000,7981.0,8010.0,7692.23,7884.9,30335,1560297599999,238032000.0,309059,15793.8,124001000.0
1560297600000,7884.9,8200.0,7788.99,8127.64,41597,1560383999999,333292000.0,361980,22826.9,182925000.0
1560384000000,8127.64,8309.82,8010.03,8218.54,30468,1560470399999,248418000.0,341246,16100.2,131293000.0
1560470400000,8216.44,8684.41,8144.32,8650.0,39835,1560556799999,333475000.0,410072,20970.6,175589000.0
1560556800000,8650.88,8864.99,8567.63,8808.7,31792,1560643199999,276421000.0,335840,16798.4,146052000.0
1560643200000,8810.77,9333.0,8760.0,8953.33,63289,1560729599999,574211000.0,552319,33804.2,306794000.0
1560729600000,8953.0,9444.0,8950.0,9313.96,47895,1560815999999,441567000.0,462160,24827.0,228962000.0
1560816000000,9312.13,9336.36,8950.0,9081.55,51555,1560902399999,470272000.0,449730,28057.0,255972000.0
1560902400000,9081.97,9304.0,8960.0,9255.49,32148,1560988799999,293748000.0,306202,17533.2,160304000.0
1560988800000,9253.76,9590.0,9175.2,9517.12,34556,1561075199999,323622000.0,350662,18032.2,168892000.0
1561075200000,9518.06,10175.0,9518.06,10159.9,50484,1561161599999,494784000.0,474344,28305.7,277616000.0
1561161600000,10159.9,11160.0,9921.72,10729.5,104169,1561247999999,1112070000.0,923334,55336.6,590676000.0
1561248000000,10729.0,11392.6,10555.2,10906.1,57445,1561334399999,625330000.0,557935,30129.8,327919000.0
1561334400000,10906.0,11143.6,10620.8,11056.6,43101,1561420799999,469747000.0,440335,22674.4,247194000.0
1561420800000,11056.6,11850.0,11026.0,11820.9,61277,1561507199999,697774000.0,597798,32838.3,373916000.0
1561507200000,11821.3,13970.0,11741.0,13093.8,155930,1561593599999,1996180000.0,1355074,76046.1,973445000.0
1561593600000,13098.4,13478.0,10525.1,11330.0,173895,1561679999999,2058440000.0,1357233,80442.1,951733000.0
1561680000000,11330.0,12480.0,10982.9,12400.6,95795,1561766399999,1129890000.0,883116,48847.1,576552000.0
1561766400000,12407.1,12441.5,11475.0,11903.1,69642,1561852799999,829012000.0,732073,36061.5,429404000.0
1561852800000,11903.1,12180.0,10766.0,10854.1,84513,1561939199999,971151000.0,711267,42697.4,492371000.0
1561939200000,10854.1,11282.3,10030.0,10624.9,90962,1562025599999,972343000.0,757458,44211.0,473021000.0
1562025600000,10624.9,10938.8,9727.0,10842.8,109561,1562111999999,1128350000.0,870148,54998.5,566863000.0
1562112000000,10845.0,11991.9,10841.0,11940.0,96816,1562198399999,1097800000.0,814754,49613.6,561586000.0
1562198400000,11940.0,12000.0,11055.0,11145.7,66512,1562284799999,775819000.0,643867,33626.9,392412000.0
1562284800000,11145.7,11406.8,10796.4,10970.7,63534,1562371199999,705854000.0,564857,32306.9,359143000.0
1562371200000,10982.4,11665.0,10964.5,11256.5,51469,1562457599999,585001000.0,470692,25602.0,291096000.0
1562457600000,11256.5,11538.0,11094.4,11406.2,38885,1562543999999,439439000.0,366769,22449.3,253821000.0
1562544000000,11410.0,12338.0,11220.0,12238.6,52182,1562630399999,618531000.0,507860,27740.1,328710000.0
1562630400000,12238.6,12794.7,12068.0,12543.4,78442,1562716799999,975987000.0,660273,40993.9,508388000.0
1562716800000,12548.5,13147.1,11569.0,12108.4,109246,1562803199999,1369750000.0,899391,46964.8,588798000.0
1562803200000,12108.1,12111.7,11000.0,11342.9,87506,1562889599999,1007360000.0,760057,43714.2,503407000.0
1562889600000,11342.9,11885.0,11073.0,11757.2,56322,1562975999999,649825000.0,537561,30291.1,349518000.0
1562976000000,11757.2,11800.0,10830.0,11355.8,54246,1563062399999,614050000.0,510305,26460.1,299650000.0
1563062400000,11355.8,11452.0,10103.0,10174.2,72518,1563148799999,777646000.0,649043,35853.7,384643000.0
1563148800000,10174.2,11100.0,9860.0,10838.7,81922,1563235199999,851029000.0,732206,41714.2,433768000.0
1563235200000,10833.8,11028.0,9350.01,9439.59,97219,1563321599999,982462000.0,796646,47295.9,478853000.0
1563321600000,9430.17,9957.0,9060.0,9667.92,84943,1563407999999,809556000.0,757742,43073.1,410754000.0
1563408000000,9668.86,10788.0,9252.0,10627.2,80283,1563494399999,807823000.0,734821,42103.3,423744000.0
1563494400000,10628.6,10769.7,10121.8,10504.3,56547,1563580799999,589932000.0,567735,29070.4,303509000.0
1563580800000,10505.8,11069.0,10350.0,10740.2,47332,1563667199999,505569000.0,461660,25003.6,267188000.0
1563667200000,10740.3,10817.9,10288.0,10589.5,38834,1563753599999,409661000.0,395452,20345.5,214611000.0
1563753600000,10590.2,10683.2,10100.0,10340.3,40468,1563839999999,421016000.0,389565,19335.4,201324000.0
1563840000000,10343.1,10344.0,9822.0,9864.91,47624,1563926399999,478442000.0,448147,24082.3,241966000.0
1563926400000,9864.78,9937.0,9525.0,9763.28,43475,1564012799999,422534000.0,424762,21963.8,213527000.0
1564012800000,9763.4,10175.0,9720.03,9879.87,37873,1564099199999,378938000.0,368176,19308.0,193242000.0
1564099200000,9882.15,9889.98,9637.0,9824.0,27167,1564185599999,265108000.0,299935,14006.6,136688000.0
1564185600000,9824.0,10188.7,9333.0,9476.52,43810,1564271999999,424933000.0,401418,21428.1,208091000.0
1564272000000,9478.92,9594.99,9165.0,9541.54,29401,1564358399999,278537000.0,271327,17116.4,162267000.0
1564358400000,9541.54,9729.0,9395.0,9507.64,29022,1564444799999,277498000.0,294468,16075.2,153791000.0
1564444800000,9509.07,9714.28,9402.0,9574.21,32536,1564531199999,310868000.0,283961,17211.0,164621000.0
1564531200000,9575.0,10109.8,9555.0,10080.5,39515,1564617599999,389691000.0,364212,21235.6,209507000.0
1564617600000,10080.5,10467.9,9863.46,10375.0,41728,1564703999999,422157000.0,378062,22244.9,225207000.0
1564704000000,10375.0,10670.0,10281.3,10523.8,42990,1564790399999,450323000.0,431322,22206.1,232638000.0
1564790400000,10523.8,10904.8,10497.9,10816.9,33802,1564876799999,363853000.0,348893,18132.5,195126000.0
1564876800000,10816.9,11040.0,10552.0,10929.2,39925,1564963199999,431794000.0,353721,22066.4,238960000.0
1564963200000,10930.0,11937.5,10927.8,11828.8,65154,1565049599999,757977000.0,622610,33530.1,389969000.0
1565049600000,11830.0,12330.7,11226.7,11481.7,76705,1565135999999,904119000.0,625827,37522.1,442938000.0
1565136000000,11481.7,12141.2,11382.8,11975.0,69173,1565222399999,814598000.0,592916,36357.2,428497000.0
1565222400000,11975.0,12060.0,11521.0,11999.8,51207,1565308799999,604389000.0,473584,27463.2,324786000.0
1565308800000,11994.2,12045.7,11700.0,11880.0,39427,1565395199999,467011000.0,410902,20074.4,238009000.0
1565395200000,11880.0,11985.0,11270.0,11309.3,42633,1565481599999,492218000.0,399237,17111.1,197998000.0
1565481600000,11309.2,11600.0,11112.1,11550.0,26773,1565567999999,304862000.0,306234,15007.4,171033000.0
1565568000000,11539.1,11577.9,11235.3,11396.1,17568,1565654399999,200325000.0,255966,9200.43,104949000.0
1565654400000,11398.3,11456.2,10788.5,10892.7,33235,1565740799999,368994000.0,337834,13483.6,149693000.0
1565740800000,10893.4,10897.5,9928.1,10050.4,54452,1565827199999,567725000.0,534507,26080.6,271972000.0
1565827200000,10055.2,10460.0,9911.0,10293.9,38174,1565913599999,387706000.0,373368,19588.1,199059000.0
1565913600000,10296.8,10536.0,9750.0,10331.5,51758,1565999999999,527258000.0,504740,25818.0,263301000.0
1566000000000,10331.2,10465.1,10000.0,10216.0,29001,1566086399999,297776000.0,332795,14673.0,150793000.0
1566086400000,10216.0,10500.0,10080.0,10306.8,24085,1566172799999,248509000.0,265705,12961.5,133775000.0
1566172800000,10306.2,10930.0,10258.6,10915.5,37243,1566259199999,396233000.0,337022,20591.4,219086000.0
1566259200000,10914.7,10950.0,10560.0,10760.5,32299,1566345599999,346664000.0,305065,16017.5,172083000.0
1566345600000,10760.5,10804.1,9858.0,10142.6,47356,1566431999999,482889000.0,458814,21565.8,219533000.0
1566432000000,10140.8,10242.0,9762.0,10099.9,34060,1566518399999,341371000.0,401148,17922.0,179747000.0
1566518400000,10099.9,10445.0,10019.8,10389.5,27550,1566604799999,282732000.0,326866,14798.8,151927000.0
1566604800000,10388.2,10419.4,9890.0,10134.3,27692,1566691199999,279962000.0,313227,13623.6,137726000.0
1566691200000,10134.6,10333.0,9906.97,10142.7,26272,1566777599999,265133000.0,289956,12885.7,130202000.0
1566777600000,10142.7,10604.0,10137.9,10372.2,41688,1566863999999,432250000.0,405316,22666.6,235203000.0
1566864000000,10373.6,10391.1,10051.1,10185.0,28403,1566950399999,289341000.0,292888,13852.4,141208000.0
1566950400000,10185.7,10299.0,9601.01,9721.0,42111,1567036799999,420035000.0,381293,19430.8,194055000.0
1567036800000,9721.0,9724.0,9320.0,9498.44,35533,1567123199999,337839000.0,343887,17536.3,166811000.0
1567123200000,9499.01,9696.0,9350.41,9584.54,26834,1567209599999,255855000.0,259270,14227.9,135696000.0
1567209600000,9582.76,9684.51,9420.75,9587.47,17130,1567295999999,164117000.0,199188,8558.15,82010800.0
1567296000000,9588.74,9830.0,9520.0,9724.98,19545,1567382399999,188513000.0,191324,11545.6,111464000.0
1567382400000,9723.59,10450.0,9712.5,10340.0,44740,1567468799999,448462000.0,354155,25140.3,251934000.0
1567468800000,10340.0,10773.0,10272.0,10615.3,47998,1567555199999,505618000.0,416076,24734.3,260488000.0
1567555200000,10611.8,10799.0,10369.9,10567.0,43944,1567641599999,463526000.0,383457,22244.1,234731000.0
1567641600000,10565.9,10900.0,10450.0,10564.5,33971,1567727999999,358861000.0,309846,16535.1,174901000.0
1567728000000,10563.1,10905.9,10150.0,10298.7,58800,1567814399999,623663000.0,455334,29952.9,318276000.0
1567814400000,10298.7,10558.0,10288.6,10455.9,27638,1567900799999,287851000.0,272011,14673.5,152826000.0
1567900800000,10455.9,10592.5,10208.0,10381.2,23985,1567987199999,249901000.0,237752,10588.6,110370000.0
1567987200000,10381.2,10480.0,10068.5,10303.1,39836,1568073599999,409725000.0,330459,18729.5,192815000.0
1568073600000,10302.6,10385.0,9953.0,10098.2,28915,1568159999999,294324000.0,286763,13432.3,136876000.0
1568160000000,10098.2,10293.0,9880.0,10158.3,31954,1568246399999,321637000.0,309120,16583.8,167086000.0
1568246400000,10158.8,10448.8,10040.0,10415.0,34511,1568332799999,353390000.0,317881,18550.9,190066000.0
1568332800000,10415.0,10439.0,10153.0,10342.1,30280,1568419199999,311632000.0,304947,16763.9,172562000.0
1568419200000,10344.1,10420.0,10222.3,10335.0,23622,1568505599999,244063000.0,253929,13496.0,139491000.0
1568505600000,10332.8,10360.0,10252.2,10302.0,18048,1568591999999,185853000.0,194733,8221.8,84690600.0
1568592000000,10303.3,10355.0,10078.0,10251.3,28971,1568678399999,296325000.0,274368,13385.3,137009000.0
1568678400000,10249.7,10275.0,10128.0,10187.8,22914,1568764799999,233945000.0,287483,11195.4,114314000.0
1568764800000,10187.5,10258.0,10100.0,10157.0,24250,1568851199999,247024000.0,299466,11753.1,119777000.0
1568851200000,10156.4,10325.0,9653.0,10244.3,44826,1568937599999,447676000.0,429727,22623.3,226404000.0
1568937600000,10243.7,10281.0,10061.4,10168.6,25088,1569023999999,255205000.0,267032,12054.4,122687000.0
1569024000000,10167.9,10176.7,9900.0,9986.39,20544,1569110399999,206034000.0,245439,9285.85,93153000.0
1569110400000,9985.15,10089.0,9853.97,10028.9,22049,1569196799999,220134000.0,253713,11200.6,111865000.0
1569196800000,10028.0,10050.0,9615.77,9702.25,31937,1569283199999,314391000.0,332817,14940.1,147109000.0
1569283200000,9702.2,9794.99,7800.0,8493.14,94007,1569369599999,838996000.0,748712,42986.3,383608000.0
1569369600000,8497.55,8730.0,8215.64,8430.05,60784,1569455999999,512437000.0,544806,30489.5,257118000.0
1569456000000,8430.05,8465.99,7750.0,8063.73,67931,1569542399999,552795000.0,522062,33363.5,271729000.0
1569542400000,8063.49,8265.0,7852.15,8177.91,43883,1569628799999,352801000.0,369518,23224.9,186791000.0
1569628800000,8177.47,8315.0,8001.09,8198.81,34474,1569715199999,280672000.0,319113,18215.0,148326000.0
1569715200000,8199.38,8229.13,7890.0,8043.82,31544,1569801599999,253661000.0,322501,15507.4,124764000.0
1569801600000,8043.04,8337.26,7710.0,8289.34,55865,1569887999999,449121000.0,455556,29052.0,233783000.0
1569888000000,8289.97,8500.0,8173.05,8292.44,43480,1569974399999,363041000.0,387712,22520.2,188075000.0
1569974400000,8292.67,8373.91,8151.22,8359.94,26243,1570060799999,216325000.0,261430,13652.4,112568000.0
1570060800000,8360.0,8393.0,8060.0,8223.96,30488,1570147199999,250292000.0,281307,15321.4,125826000.0
1570147200000,8224.43,8232.41,8005.0,8137.13,26476,1570233599999,215326000.0,259012,13236.8,107708000.0
1570233600000,8137.09,8183.41,8012.98,8126.19,21908,1570319999999,177253000.0,237769,10620.1,85943800.0
1570320000000,8127.55,8153.87,7785.0,7854.25,34676,1570406399999,275448000.0,325795,16437.3,130620000.0
1570406400000,7855.3,8299.92,7762.0,8190.09,52202,1570492799999,420922000.0,482605,28088.7,226592000.0
1570492800000,8190.82,8325.0,8088.75,8168.39,35453,1570579199999,290675000.0,395685,16893.7,138551000.0
1570579200000,8170.79,8670.0,8115.0,8560.74,55039,1570665599999,462845000.0,537805,29211.9,245678000.0
1570665600000,8562.15,8644.0,8414.52,8558.03,39138,1570751999999,333925000.0,406932,20587.7,175683000.0
1570752000000,8557.82,8779.51,8212.38,8258.5,50405,1570838399999,424413000.0,471818,24618.0,207348000.0
1570838400000,8257.95,8400.0,8250.0,8300.09,21339,1570924799999,177708000.0,280633,11644.4,96979900.0
1570924800000,8301.98,8451.37,8160.0,8275.01,27841,1571011199999,232149000.0,320051,14035.9,117101000.0
1571011200000,8275.24,8388.85,8203.0,8348.2,29811,1571097599999,247531000.0,345679,15273.0,126831000.0
1571097600000,8346.86,8403.0,8090.0,8159.29,32773,1571183999999,270728000.0,399447,16822.9,139032000.0
1571184000000,8159.3,8181.16,7917.0,7991.74,34734,1571270399999,279587000.0,421026,17198.8,138510000.0
1571270400000,7995.02,8124.92,7929.03,8070.58,29657,1571356799999,238343000.0,356490,15922.0,127960000.0
1571356800000,8070.71,8115.0,7816.01,7947.01,31353,1571443199999,248931000.0,399783,15692.6,124640000.0
1571443200000,7946.89,8098.1,7866.92,7948.01,26628,1571529599999,211910000.0,349746,13886.8,110541000.0
1571529600000,7949.87,8297.0,7870.0,8223.35,34286,1571615999999,275900000.0,396091,18042.4,145235000.0
1571616000000,8223.35,8333.0,8142.03,8197.27,30449,1571702399999,250117000.0,367169,16584.0,136248000.0
1571702400000,8197.28,8297.99,8000.0,8020.0,34652,1571788799999,283535000.0,384699,16767.0,137253000.0
1571788800000,8020.06,8047.59,7300.0,7466.62,63897,1571875199999,488221000.0,610241,28473.7,217502000.0
1571875200000,7468.47,7503.68,7337.99,7412.41,32714,1571961599999,243246000.0,403778,16705.4,124226000.0
1571961600000,7412.41,8799.0,7361.0,8655.02,90748,1572047999999,737330000.0,775418,49589.0,402740000.0
1572048000000,8655.88,10370.0,8470.38,9230.0,162589,1572134399999,1522240000.0,1185369,81590.3,764040000.0
1572134400000,9230.0,9794.98,9074.34,9529.93,93834,1572220799999,887438000.0,799978,47320.6,447629000.0
1572220800000,9528.23,9902.1,9160.0,9205.14,80174,1572307199999,759179000.0,681128,39754.7,376585000.0
1572307200000,9204.45,9550.0,9072.0,9407.62,64158,1572393599999,600611000.0,559589,32787.1,307062000.0
1572393600000,9407.62,9409.84,9001.01,9154.72,55242,1572479999999,506585000.0,524035,27416.6,251452000.0
1572480000000,9154.02,9405.0,8913.0,9140.85,54376,1572566399999,498153000.0,490183,27252.2,249803000.0
1572566400000,9140.86,9279.0,9030.0,9231.61,43595,1572652799999,398803000.0,478002,22843.6,209045000.0
1572652800000,9231.4,9373.74,9186.21,9289.52,28923,1572739199999,268120000.0,325421,15316.2,141991000.0
1572739200000,9289.85,9362.57,9066.14,9194.71,27894,1572825599999,256664000.0,326024,13611.8,125329000.0
1572825600000,9196.46,9513.68,9115.84,9393.35,45894,1572911999999,426792000.0,453749,24741.8,230143000.0
1572912000000,9392.4,9454.95,9175.76,9308.66,45936,1572998399999,428157000.0,492885,22809.2,212669000.0
1572998400000,9307.73,9440.91,9250.01,9339.05,37336,1573084799999,348607000.0,402997,18947.0,176930000.0
1573084800000,9339.16,9375.0,9101.0,9216.2,39117,1573171199999,361217000.0,401984,19603.5,181092000.0
1573171200000,9214.0,9261.0,8696.0,8773.73,62107,1573257599999,555590000.0,567331,30046.1,268900000.0
1573257600000,8773.74,8880.0,8724.88,8809.41,29469,1573343999999,259733000.0,326730,14990.4,132136000.0
1573344000000,8809.18,9147.19,8750.0,9039.47,34422,1573430399999,307317000.0,375946,17722.2,158219000.0
1573430400000,9040.16,9072.32,8618.68,8733.27,44888,1573516799999,394586000.0,415982,22111.9,194310000.0
1573516800000,8733.36,8888.0,8567.6,8821.94,40367,1573603199999,352676000.0,406765,20225.0,176774000.0
1573603200000,8821.91,8844.99,8702.0,8777.12,26810,1573689599999,235061000.0,281593,13525.0,118584000.0
1573689600000,8777.54,8800.0,8582.6,8646.68,33468,1573775999999,290104000.0,337019,16272.8,141092000.0
1573776000000,8646.38,8790.0,8400.0,8471.73,46087,1573862399999,394709000.0,423919,22568.3,193360000.0
1573862400000,8471.62,8543.0,8400.0,8491.02,20902,1573948799999,177223000.0,231473,10703.6,90759500.0
1573948800000,8490.74,8635.0,8350.68,8502.4,27009,1574035199999,229996000.0,259594,13607.5,115878000.0
1574035200000,8502.87,8503.52,8060.0,8187.17,43018,1574121599999,358706000.0,366263,20525.1,171256000.0
1574121600000,8186.5,8218.63,8003.0,8133.64,43556,1574207999999,353464000.0,357382,21816.7,177062000.0
1574208000000,8133.83,8264.29,8038.4,8098.01,32466,1574294399999,263388000.0,288843,16751.2,135914000.0
1574294400000,8098.56,8134.73,7500.0,7627.74,58419,1574380799999,455167000.0,430062,26902.4,209669000.0
1574380800000,7627.79,7750.0,6790.0,7268.23,126603,1574467199999,917882000.0,817604,60867.9,441369000.0
1574467200000,7268.23,7344.48,7080.01,7311.57,50450,1574553599999,364446000.0,414045,25882.6,187044000.0
1574553600000,7311.1,7330.39,6861.0,6903.28,67890,1574639999999,481923000.0,446014,33387.5,237049000.0
1574640000000,6900.23,7377.69,6515.0,7109.57,119646,1574726399999,831628000.0,679721,60533.4,421590000.0
1574726400000,7109.99,7340.0,7017.48,7156.14,65722,1574812799999,469602000.0,433933,33301.4,237985000.0
1574812800000,7154.75,7655.0,6840.0,7508.52,92453,1574899199999,671647000.0,582055,47058.0,342164000.0
1574899200000,7507.9,7643.0,7360.0,7419.49,56934,1574985599999,427573000.0,388953,28876.7,216955000.0
1574985600000,7418.52,7850.0,7362.3,7739.68,60745,1575071999999,463007000.0,412929,31576.9,240751000.0
1575072000000,7740.99,7810.0,7441.0,7541.89,46989,1575158399999,358749000.0,346506,23743.6,181319000.0
1575158400000,7540.63,7541.85,7210.0,7390.89,60769,1575244799999,446525000.0,420573,31120.0,228709000.0
1575244800000,7391.5,7420.56,7151.1,7294.28,46330,1575331199999,337889000.0,326881,24043.6,175418000.0
1575331200000,7294.42,7400.0,7241.35,7292.71,33149,1575417599999,242379000.0,265391,16639.3,121694000.0
1575417600000,7292.71,7750.0,7067.0,7194.32,83154,1575503999999,608671000.0,516250,41870.6,306647000.0
1575504000000,7194.59,7485.0,7150.0,7389.0,59307,1575590399999,434739000.0,430359,30794.9,225786000.0
1575590400000,7389.0,7590.03,7305.0,7527.47,48189,1575676799999,356906000.0,367854,25901.0,191895000.0
1575676800000,7527.8,7619.62,7470.16,7488.21,31499,1575763199999,237001000.0,263592,16179.2,121730000.0
1575763200000,7487.31,7564.0,7374.86,7510.11,29857,1575849599999,223314000.0,257514,15295.6,114411000.0
1575849600000,7510.11,7650.0,7273.0,7338.64,46622,1575935999999,347471000.0,359648,23733.1,176936000.0
1575936000000,7338.64,7407.6,7157.1,7224.13,49724,1576022399999,363127000.0,439637,24739.1,180701000.0
1576022400000,7224.15,7275.5,7125.66,7210.0,30093,1576108799999,217096000.0,268269,15475.5,111646000.0
1576108800000,7210.0,7295.0,7080.3,7198.08,42289,1576195199999,303657000.0,331414,20847.4,149736000.0
1576195200000,7197.76,7309.05,7190.76,7258.48,27610,1576281599999,199836000.0,252135,14299.0,103507000.0
1576281600000,7257.37,7271.77,7012.0,7064.05,29562,1576367999999,211004000.0,276819,14397.3,102800000.0
1576368000000,7064.14,7200.3,7008.35,7118.59,26396,1576454399999,187403000.0,262651,13778.9,97846800.0
1576454400000,7119.6,7150.0,6836.0,6891.72,43864,1576540799999,307509000.0,371202,21512.7,150883000.0
1576540800000,6891.44,6942.21,6560.0,6623.82,53865,1576627199999,364087000.0,454097,26510.5,179269000.0
1576627200000,6623.84,7440.0,6435.0,7277.83,95637,1576713599999,654057000.0,714073,49843.7,341707000.0
1576713600000,7277.83,7380.0,7038.31,7150.3,55509,1576799999999,397408000.0,439761,27456.5,196558000.0
1576800000000,7151.31,7220.0,7079.5,7187.83,32132,1576886399999,229843000.0,312766,16641.1,119045000.0
1576886400000,7188.01,7190.58,7105.0,7132.75,19467,1576972799999,139069000.0,212162,10119.8,72297100.0
1576972800000,7131.59,7518.54,7122.47,7501.44,39137,1577059199999,285577000.0,356612,20625.4,150554000.0
1577059200000,7500.71,7695.38,7265.84,7317.09,68052,1577145599999,510710000.0,530669,33444.2,251117000.0
1577145600000,7317.3,7436.68,7157.04,7255.77,43629,1577231999999,318428000.0,384678,21552.8,157326000.0
1577232000000,7255.77,7271.77,7128.86,7204.63,27492,1577318399999,198273000.0,289924,14433.0,104116000.0
1577318400000,7205.01,7435.0,7157.12,7202.0,36260,1577404799999,263290000.0,337695,18887.9,137179000.0
1577404800000,7202.0,7275.86,7076.42,7254.74,33643,1577491199999,242215000.0,297262,16882.4,121594000.0
1577491200000,7254.77,7365.01,7238.67,7316.14,26849,1577577599999,196322000.0,272607,13894.5,101598000.0
1577577600000,7315.36,7528.45,7288.0,7388.24,31387,1577663999999,231732000.0,283213,15999.8,118140000.0
1577664000000,7388.43,7408.24,7220.0,7246.0,29606,1577750399999,216509000.0,279033,13768.3,100677000.0
1577750400000,7246.0,7320.0,7145.01,7195.23,25954,1577836799999,187518000.0,251976,12595.9,91036200.0
1577836800000,7195.24,7255.0,7175.15,7200.85,16792,1577923199999,121214000.0,194010,8946.96,64597800.0
1577923200000,7200.77,7212.5,6924.74,6965.71,31951,1578009599999,225982000.0,302667,15141.6,107061000.0
1578009600000,6965.49,7405.0,6871.04,7344.96,68429,1578095999999,495099000.0,519854,35595.5,257713000.0
1578096000000,7345.0,7404.0,7272.21,7354.11,29988,1578182399999,219874000.0,279370,16369.4,120035000.0
1578182400000,7354.19,7495.0,7318.0,7358.75,38331,1578268799999,284849000.0,329209,19455.4,144600000.0
1578268800000,7357.64,7795.34,7346.76,7758.0,54636,1578355199999,413330000.0,449937,28853.8,218412000.0
1578355200000,7758.9,8207.68,7723.71,8145.28,91172,1578441599999,724203000.0,685315,46192.1,366867000.0
1578441600000,8145.92,8455.0,7870.0,8055.98,112623,1578527999999,926410000.0,830375,55071.1,453284000.0
1578528000000,8054.72,8055.96,7750.0,7817.76,64240,1578614399999,507258000.0,478800,31645.8,249900000.0
1578614400000,7817.74,8199.0,7672.0,8197.02,82407,1578700799999,652774000.0,606101,42361.8,335845000.0
1578700800000,8198.86,8286.34,8003.16,8020.01,54810,1578787199999,445034000.0,469131,27916.1,226716000.0
1578787200000,8020.01,8197.0,7960.0,8184.98,38131,1578873599999,309352000.0,350662,19718.5,159973000.0
1578873600000,8184.97,8196.0,8055.89,8110.34,31160,1578959999999,252657000.0,289144,15215.2,123407000.0
1578960000000,8110.34,8880.0,8105.54,8810.01,120399,1579046399999,1032740000.0,915328,62492.1,536082000.0
1579046400000,8814.64,8916.48,8564.0,8821.41,84816,1579132799999,743712000.0,764048,42493.6,372771000.0
1579132800000,8820.01,8859.81,8586.0,8720.01,51991,1579219199999,451752000.0,543064,25996.3,225915000.0
1579219200000,8720.15,9041.65,8672.44,8913.28,70898,1579305599999,629569000.0,676403,36139.8,320997000.0
1579305600000,8913.27,8988.88,8806.38,8915.96,38295,1579391999999,340853000.0,458182,19421.3,172895000.0
1579392000000,8915.09,9198.98,8466.0,8701.7,70677,1579478399999,623951000.0,615665,33655.9,297283000.0
1579478400000,8701.72,8746.99,8521.28,8642.35,38897,1579564799999,336448000.0,385006,19453.9,168293000.0
1579564800000,8642.35,8789.0,8488.0,8736.03,36495,1579651199999,316057000.0,365621,18731.9,162303000.0
1579651200000,8736.04,8818.0,8590.0,8682.36,29081,1579737599999,252639000.0,317424,14477.2,125794000.0
1579737600000,8682.77,8691.81,8306.39,8404.52,48166,1579823999999,407429000.0,464805,23287.7,196965000.0
1579824000000,8404.52,8528.02,8238.0,8439.0,41688,1579910399999,349874000.0,407271,21293.5,178752000.0
1579910400000,8438.99,8451.26,8254.9,8340.58,25521,1579996799999,212869000.0,283118,13076.8,109098000.0
1579996800000,8340.01,8618.13,8293.66,8615.0,31130,1580083199999,263942000.0,332612,15797.9,133936000.0
1580083200000,8614.39,9000.0,8535.0,8907.57,53974,1580169599999,473195000.0,514196,28592.3,250794000.0
1580169600000,8907.57,9400.0,8862.4,9374.21,74585,1580255999999,676593000.0,616678,38852.4,352558000.0
1580256000000,9375.34,9449.24,9216.0,9301.53,53864,1580342399999,503189000.0,492545,26615.7,248689000.0
1580342400000,9301.57,9578.0,9204.44,9513.21,60627,1580428799999,569653000.0,529570,30852.6,290044000.0
1580428800000,9511.52,9530.22,9210.01,9352.89,45552,1580515199999,425779000.0,428547,22482.5,210150000.0
1580515200000,9351.71,9464.53,9281.0,9384.61,28578,1580601599999,268138000.0,334972,14679.1,137764000.0
1580601600000,9384.41,9477.03,9120.0,9331.51,45691,1580687999999,428064000.0,446558,22588.4,211808000.0
1580688000000,9331.59,9618.79,9234.0,9292.24,50892,1580774399999,476380000.0,492124,24781.4,232066000.0
1580774400000,9291.35,9350.0,9093.01,9197.02,53308,1580860799999,491136000.0,528930,26103.4,240572000.0
1580860800000,9197.02,9744.45,9177.22,9612.04,64870,1580947199999,613541000.0,661758,35375.6,334620000.0
1580947200000,9612.03,9862.57,9526.35,9772.0,64950,1581033599999,631245000.0,682179,32143.5,312507000.0
1581033600000,9772.0,9885.0,9730.0,9813.73,43966,1581119999999,430745000.0,582249,22734.0,222761000.0
1581120000000,9813.87,9940.0,9667.11,9895.05,43601,1581206399999,427782000.0,514573,22664.4,222438000.0
1581206400000,9895.04,10166.0,9880.75,10151.8,43408,1581292799999,437442000.0,536848,22408.3,225799000.0
1581292800000,10151.7,10188.0,9756.0,9851.83,59573,1581379199999,590091000.0,690308,28618.9,283509000.0
1581379200000,9851.74,10323.6,9700.0,10223.1,62422,1581465599999,624970000.0,710170,31905.3,319374000.0
1581465600000,10223.1,10450.0,10223.1,10326.5,61008,1581551999999,629756000.0,857655,31141.8,321525000.0
1581552000000,10325.3,10500.0,10080.0,10229.6,79344,1581638399999,815507000.0,932802,38475.3,395629000.0
1581638400000,10227.8,10381.6,10111.4,10344.4,47038,1581724799999,482456000.0,622310,23697.0,243079000.0
1581724800000,10344.4,10375.0,9801.0,9904.72,57657,1581811199999,580845000.0,739781,26758.6,269732000.0
1581811200000,9904.46,10050.0,9638.12,9917.27,60024,1581897599999,592585000.0,708070,29406.1,290483000.0
1581897600000,9910.7,9964.16,9452.67,9706.0,70261,1581983999999,680010000.0,778058,33221.8,321724000.0
1581984000000,9706.0,10250.0,9576.01,10164.7,70604,1582070399999,696870000.0,723413,37304.0,368380000.0
1582070400000,10164.8,10250.0,9350.0,9593.79,55163,1582156799999,547680000.0,588760,25457.9,253189000.0
1582156800000,9594.65,9699.0,9400.0,9596.42,60152,1582243199999,576020000.0,667387,29843.2,285816000.0
1582243200000,9597.21,9755.51,9550.21,9677.05,42182,1582329599999,408287000.0,470599,21645.3,209532000.0
1582329600000,9677.05,9709.17,9560.02,9650.86,24637,1582415999999,237544000.0,319961,13267.2,127930000.0
1582416000000,9650.85,9990.0,9645.0,9936.4,37702,1582502399999,371815000.0,441935,20035.2,197593000.0
1582502400000,9936.4,9990.0,9473.56,9656.13,55797,1582588799999,542082000.0,589384,26426.9,256860000.0
1582588800000,9655.52,9675.0,9250.0,9315.84,54379,1582675199999,514947000.0,579079,26318.9,249359000.0
1582675200000,9316.48,9377.44,8633.63,8785.25,92130,1582761599999,830718000.0,871018,41928.9,378198000.0
1582761600000,8786.0,8971.77,8531.0,8823.21,72484,1582847999999,636956000.0,696646,35410.0,311229000.0
1582848000000,8823.25,8900.0,8445.0,8692.91,71155,1582934399999,615665000.0,655727,35295.6,305534000.0
1582934400000,8690.8,8790.0,8523.55,8523.61,36748,1583020799999,318586000.0,414175,18916.9,164044000.0
1583020800000,8523.61,8750.0,8411.0,8531.88,43892,1583107199999,375729000.0,472019,21838.4,186962000.0
1583107200000,8530.3,8965.75,8498.0,8915.24,60401,1583193599999,528907000.0,564535,31213.1,273395000.0
1583193600000,8911.18,8919.65,8651.0,8760.07,55155,1583279999999,484181000.0,512762,26954.2,236656000.0
1583280000000,8760.07,8848.29,8660.0,8750.87,38696,1583366399999,338850000.0,454817,19279.3,168833000.0
1583366400000,8750.99,9159.42,8746.54,9054.68,58202,1583452799999,524102000.0,619552,30482.1,274387000.0
1583452800000,9054.64,9170.0,8985.5,9131.88,43783,1583539199999,397598000.0,493216,22296.6,202484000.0
1583539200000,9130.89,9188.0,8835.0,8886.66,45422,1583625599999,409983000.0,485400,22281.7,201161000.0
1583625600000,8885.25,8886.76,8000.0,8033.31,77537,1583711999999,656932000.0,740741,34843.6,295351000.0
1583712000000,8034.76,8179.31,7632.01,7929.87,116969,1583798399999,918788000.0,929234,58021.0,455867000.0
1583798400000,7929.87,8149.0,7728.01,7894.56,86783,1583884799999,689700000.0,737528,43673.6,347117000.0
1583884800000,7894.57,7980.0,7590.0,7934.52,79942,1583971199999,624465000.0,699401,40497.9,316443000.0
1583971200000,7934.58,7966.17,4410.0,4800.0,261506,1584057599999,1628590000.0,1770812,119298.0,743482000.0
1584057600000,4800.01,5955.0,3782.13,5578.6,402202,1584143999999,2063820000.0,2309830,197512.0,1017420000.0
1584144000000,5576.05,5640.52,5055.13,5172.06,136910,1584230399999,736652000.0,1106125,66104.0,356020000.0
1584230400000,5172.48,5940.0,5093.1,5361.3,139916,1584316799999,753756000.0,1037714,70540.6,380499000.0
1584316800000,5360.33,5365.42,4442.12,5028.97,227277,1584403199999,1113690000.0,1608176,108902.0,533858000.0
1584403200000,5028.86,5525.0,4921.45,5312.64,150090,1584489599999,793148000.0,1069217,74698.4,394902000.0
1584489600000,5312.64,5436.17,5009.37,5393.04,137128,1584575999999,719748000.0,962843,65106.1,341971000.0
1584576000000,5393.26,6400.0,5252.53,6162.37,199021,1584662399999,1164740000.0,1403608,99011.9,579537000.0
1584662400000,6162.05,6900.0,5670.0,6208.36,219298,1584748799999,1401730000.0,1580069,104720.0,670118000.0
1584748800000,6204.57,6456.98,5860.02,6186.98,128914,1584835199999,794962000.0,990974,63326.1,390737000.0
1584835200000,6187.04,6407.87,5734.01,5816.19,119116,1584921599999,722896000.0,952259,57189.9,347412000.0
1584921600000,5816.05,6600.0,5688.0,6467.31,164674,1585007999999,1015530000.0,1099406,84136.0,519197000.0
1585008000000,6465.25,6833.0,6371.33,6744.72,151138,1585094399999,1001890000.0,1012669,72781.8,482659000.0
1585094400000,6744.69,6957.96,6450.0,6677.43,132156,1585180799999,880251000.0,912179,63515.2,423440000.0
1585180800000,6677.42,6780.0,6510.0,6737.36,83027,1585267199999,552537000.0,668467,41123.4,273834000.0
1585267200000,6737.27,6842.59,6261.0,6359.11,82915,1585353599999,551326000.0,643631,38439.3,255911000.0
1585353600000,6359.11,6360.0,6024.0,6236.65,93160,1585439999999,577987000.0,725588,44960.5,279053000.0
1585440000000,6236.65,6266.0,5866.56,5881.42,63312,1585526399999,383707000.0,496709,29081.0,176336000.0
1585526400000,5880.5,6599.0,5857.76,6394.38,118890,1585612799999,747570000.0,784034,58863.3,370040000.0
1585612800000,6394.45,6523.23,6321.4,6410.44,72338,1585699199999,465781000.0,538231,34730.9,223651000.0
1585699200000,6412.14,6679.94,6150.11,6642.92,97501,1585785599999,618527000.0,758061,49161.4,312180000.0
1585785600000,6643.36,7198.0,6551.0,6794.09,149300,1585871999999,1014490000.0,1101043,74722.2,508096000.0
1585872000000,6793.86,7048.0,6602.1,6734.1,104080,1585958399999,710254000.0,840456,51077.9,348762000.0
1585958400000,6732.97,6990.41,6650.01,6856.99,72991,1586044799999,495076000.0,659051,36419.1,247174000.0
1586044800000,6857.41,6895.54,6677.52,6772.78,49685,1586131199999,337062000.0,506433,23875.6,162009000.0
1586131200000,6772.78,7355.14,6765.0,7329.9,118052,1586217599999,837358000.0,956586,59322.2,420707000.0
1586217600000,7329.9,7459.69,7077.0,7197.32,103585,1586303999999,757202000.0,924436,48811.3,357008000.0
1586304000000,7197.32,7420.0,7150.0,7361.28,76059,1586390399999,555123000.0,750516,39000.6,284686000.0
1586390400000,7360.26,7371.92,7108.08,7283.54,61095,1586476799999,444741000.0,686207,28801.9,209719000.0
1586476800000,7283.54,7295.75,6739.98,6858.92,104675,1586563199999,727282000.0,949050,47959.0,333222000.0
1586563200000,6858.92,6944.3,6760.0,6876.83,45470,1586649599999,311700000.0,484618,21157.1,145036000.0
1586649600000,6876.84,7177.0,6780.0,6903.79,73869,1586735999999,516235000.0,648323,35638.0,249207000.0
1586736000000,6903.79,6903.79,6575.0,6837.91,96415,1586822399999,649391000.0,804179,44648.5,300781000.0
1586822400000,6838.04,6978.0,6754.28,6868.7,69069,1586908799999,474795000.0,608665,32019.3,220123000.0
1586908800000,6868.57,6933.0,6605.0,6621.24,61571,1586995199999,416947000.0,581374,29866.9,202324000.0
1586995200000,6621.25,7190.0,6468.27,7101.94,125010,1587081599999,865278000.0,971163,63251.2,438475000.0
1587081600000,7101.99,7148.12,6972.98,7027.55,54127,1587167999999,382334000.0,537554,25974.0,183490000.0
1587168000000,7026.78,7293.08,7014.4,7248.6,49489,1587254399999,354845000.0,494670,23980.6,171950000.0
1587254400000,7248.6,7266.15,7055.6,7120.74,45665,1587340799999,326486000.0,483574,21519.0,153854000.0
1587340800000,7121.4,7220.0,6751.0,6826.83,90149,1587427199999,629612000.0,785174,40427.5,282531000.0
1587427200000,6828.98,6940.0,6762.0,6841.37,60110,1587513599999,411801000.0,555797,27732.2,190004000.0
1587513600000,6841.36,7156.38,6818.0,7125.14,61486,1587599999999,431272000.0,508659,28258.9,198241000.0
1587600000000,7125.12,7738.0,7020.0,7482.39,102774,1587686399999,756320000.0,881099,52475.6,386042000.0
1587686400000,7483.96,7615.96,7388.0,7505.0,60182,1587772799999,452118000.0,601093,29412.5,220932000.0
1587772800000,7505.0,7705.0,7431.07,7538.67,43874,1587859199999,331292000.0,521943,21111.1,159480000.0
1587859200000,7539.03,7700.0,7480.0,7693.1,50523,1587945599999,384203000.0,554480,24707.5,187940000.0
1587945600000,7693.1,7792.02,7606.0,7774.62,65441,1588031999999,504026000.0,637800,31594.1,243380000.0
1588032000000,7773.51,7780.0,7659.12,7738.98,46303,1588118399999,357392000.0,499414,21305.5,164469000.0
1588118400000,7738.58,8952.89,7710.05,8778.57,183547,1588204799999,1536390000.0,1433128,91462.0,765292000.0
1588204800000,8778.58,9460.0,8401.0,8620.0,206277,1588291199999,1839280000.0,1661554,99484.5,887675000.0
1588291200000,8620.0,9059.18,8613.56,8826.96,91469,1588377599999,805640000.0,865960,44763.4,394216000.0
1588377600000,8825.67,9010.0,8753.0,8972.05,59002,1588463999999,523839000.0,637884,30400.4,269917000.0
1588464000000,8972.58,9200.0,8712.0,8894.16,90126,1588550399999,808427000.0,877460,44321.4,397824000.0
1588550400000,8894.15,8950.0,8522.0,8871.96,84419,1588636799999,738344000.0,848802,39118.4,342180000.0
1588636800000,8871.92,9118.58,8760.0,9021.83,76481,1588723199999,683083000.0,812543,37454.5,334701000.0
1588723200000,9021.36,9395.0,8906.21,9142.92,105925,1588809599999,972794000.0,1007661,51189.8,470168000.0
1588809600000,9143.4,10067.0,9021.0,9986.4,147155,1588895999999,1409780000.0,1254835,74602.2,715408000.0
1588896000000,9986.3,10036.0,9705.0,9800.01,100684,1588982399999,997006000.0,967816,46207.6,457701000.0
1588982400000,9800.02,9914.25,9520.0,9539.4,81951,1589068799999,795001000.0,839384,36738.7,356476000.0
1589068800000,9539.1,9574.83,8117.0,8722.77,183865,1589155199999,1595000000.0,1565771,84376.6,731418000.0
1589155200000,8722.77,9168.0,8200.0,8561.52,168807,1589241599999,1468390000.0,1367382,81474.6,708959000.0
1589241600000,8562.04,8978.26,8528.78,8810.79,86523,1589327999999,760195000.0,784859,40570.3,356508000.0
1589328000000,8810.99,9398.0,8792.99,9309.37,92466,1589414399999,839726000.0,869216,43648.4,396714000.0
1589414400000,9309.35,9939.0,9256.76,9791.98,129565,1589500799999,1247460000.0,1199530,63438.5,611314000.0
1589500800000,9791.97,9845.62,9150.0,9316.42,115891,1589587199999,1099720000.0,1055630,55397.1,525813000.0
1589587200000,9315.96,9588.0,9220.0,9381.27,59588,1589673599999,560547000.0,692028,28861.4,271543000.0
1589673600000,9380.81,9888.0,9322.1,9680.04,68648,1589759999999,663089000.0,722718,34734.0,335479000.0
1589760000000,9681.11,9950.0,9464.23,9733.93,82007,1589846399999,797622000.0,794292,40242.8,391958000.0
1589846400000,9733.93,9897.21,9474.0,9775.53,78540,1589932799999,760714000.0,773581,37821.7,366745000.0
1589932800000,9775.13,9842.0,9326.0,9511.43,74924,1590019199999,721191000.0,731189,33481.8,322416000.0
1590019200000,9511.43,9578.47,8815.0,9068.65,108929,1590105599999,1002050000.0,951971,49914.1,459089000.0
1590105600000,9067.51,9271.0,8933.52,9170.0,58943,1590191999999,537848000.0,693694,28987.3,264539000.0
1590192000000,9170.0,9307.85,9070.0,9179.15,43526,1590278399999,400407000.0,512460,21377.6,196683000.0
1590278400000,9179.01,9298.0,8700.0,8720.34,70380,1590364799999,636787000.0,774088,32046.4,290362000.0
1590364800000,8718.14,8979.66,8642.72,8900.35,62834,1590451199999,553545000.0,733557,30771.9,271167000.0
1590451200000,8900.35,9017.67,8700.0,8841.18,58300,1590537599999,516455000.0,678304,28242.2,250279000.0
1590537600000,8841.0,9225.0,8811.73,9204.07,68910,1590623999999,624661000.0,662850,33532.6,304057000.0
1590624000000,9204.07,9625.47,9110.0,9575.89,74111,1590710399999,693930000.0,738725,37974.9,355720000.0
1590710400000,9575.87,9605.26,9330.0,9427.07,57374,1590796799999,542758000.0,593705,26819.2,253697000.0
1590796800000,9426.6,9740.0,9331.23,9697.72,55665,1590883199999,530599000.0,651290,29252.7,279016000.0
1590883200000,9697.72,9700.0,9381.41,9448.27,48334,1590969599999,461272000.0,651473,22778.0,217450000.0
1590969600000,9448.27,10380.0,9421.67,10200.8,76649,1591055999999,749708000.0,826964,41530.4,406777000.0
1591056000000,10202.7,10229.0,9266.0,9518.04,108971,1591142399999,1070060000.0,1004312,49354.9,485973000.0
1591142400000,9518.02,9690.0,9365.21,9666.24,46253,1591228799999,441929000.0,562784,22656.3,216538000.0
1591228800000,9666.32,9881.63,9450.0,9789.06,57456,1591315199999,557235000.0,665881,28778.2,279264000.0
1591315200000,9788.14,9854.75,9581.0,9621.16,47788,1591401599999,465201000.0,566062,22329.1,217444000.0
1591401600000,9621.17,9735.0,9531.05,9666.3,32753,1591487999999,315605000.0,435796,15832.7,152611000.0
1591488000000,9666.85,9802.0,9372.46,9746.99,57953,1591574399999,556920000.0,637766,28426.6,273243000.0
1591574400000,9746.99,9800.0,9633.0,9782.01,40665,1591660799999,395459000.0,485139,19744.0,192038000.0
1591660800000,9782.0,9877.0,9570.0,9772.43,46024,1591747199999,447209000.0,551863,21901.2,212965000.0
1591747200000,9772.44,9992.72,9704.18,9885.0,47131,1591833599999,462384000.0,560909,23128.2,226983000.0
1591833600000,9885.22,9964.0,9113.0,9280.4,94419,1591919999999,902076000.0,966502,40972.1,391690000.0
1591920000000,9278.88,9557.12,9232.51,9465.13,50119,1592006399999,472008000.0,553203,24344.8,229326000.0
1592006400000,9464.96,9494.73,9351.0,9473.34,27760,1592092799999,261673000.0,392763,13531.0,127577000.0
1592092800000,9473.34,9480.99,9245.0,9342.1,30056,1592179199999,282131000.0,415568,14465.4,135812000.0
1592179200000,9342.1,9495.0,8910.45,9426.02,86108,1592265599999,793519000.0,839521,41630.7,384031000.0
1592265600000,9426.05,9589.0,9373.09,9525.59,52052,1592351999999,494458000.0,543481,25692.8,244097000.0
1592352000000,9526.97,9565.0,9236.61,9465.14,48046,1592438399999,453210000.0,536158,22842.8,215533000.0
1592438400000,9465.13,9489.0,9280.0,9386.32,37382,1592524799999,351650000.0,475074,17940.4,168802000.0
1592524800000,9386.32,9438.3,9215.79,9310.23,45331,1592611199999,423087000.0,503484,22056.0,205898000.0
1592611200000,9310.23,9395.0,9170.95,9358.95,30329,1592697599999,282120000.0,382778,15125.1,140742000.0
1592697600000,9358.95,9422.0,9281.54,9294.69,24317,1592783999999,227468000.0,321015,11779.8,110216000.0
1592784000000,9294.69,9780.0,9277.09,9685.69,57895,1592870399999,550996000.0,588704,30738.2,292713000.0
1592870400000,9685.69,9720.0,9577.03,9624.89,41031,1592956799999,395488000.0,474319,19112.6,184247000.0
1592956800000,9624.33,9670.0,9208.0,9296.49,61572,1593043199999,579427000.0,572362,26903.5,253131000.0
1593043200000,9298.33,9340.0,9009.69,9249.49,55832,1593129599999,514397000.0,536205,26546.4,244659000.0
1593129600000,9249.49,9298.0,9045.45,9162.21,50292,1593215999999,461347000.0,510947,23307.9,213867000.0
1593216000000,9162.21,9196.24,8833.0,9012.0,46291,1593302399999,419607000.0,499415,21056.9,191014000.0
1593302400000,9012.0,9191.0,8948.06,9116.35,30688,1593388799999,278722000.0,374404,14982.8,136094000.0
1593388800000,9116.16,9238.0,9024.67,9192.56,42120,1593475199999,384206000.0,434299,20449.1,186543000.0
1593475200000,9192.93,9205.0,9064.89,9138.55,31463,1593561599999,287781000.0,328083,15267.7,139675000.0
1593561600000,9138.08,9292.0,9080.1,9232.0,38489,1593647999999,354088000.0,374832,19068.8,175429000.0
1593648000000,9231.99,9261.96,8940.0,9086.54,45725,1593734399999,417724000.0,470292,21637.6,197710000.0
1593734400000,9086.54,9125.0,9037.47,9058.26,28943,1593820799999,263124000.0,343189,13719.5,124722000.0
1593820800000,9057.79,9190.0,9040.04,9135.46,26442,1593907199999,240576000.0,335225,13588.8,123666000.0
1593907200000,9135.0,9145.24,8893.03,9069.41,34074,1593993599999,308410000.0,384500,16276.2,147340000.0
1593993600000,9069.41,9375.0,9055.92,9344.2,54463,1594079999999,502548000.0,533540,28132.9,259637000.0
1594080000000,9342.47,9379.42,9203.0,9257.39,34587,1594166399999,320577000.0,433481,16284.8,150931000.0
1594166400000,9257.4,9470.0,9231.0,9436.06,56141,1594252799999,525345000.0,652605,28067.7,262724000.0
1594252800000,9436.06,9440.79,9160.0,9232.43,48044,1594339199999,447640000.0,575491,22644.9,210991000.0
1594339200000,9232.42,9317.48,9125.0,9288.34,38295,1594425599999,352239000.0,525484,18360.6,168904000.0
1594425600000,9288.34,9299.28,9178.25,9234.03,22561,1594511999999,208410000.0,413452,10815.5,99921600.0
1594512000000,9234.02,9345.0,9157.5,9302.75,30873,1594598399999,285591000.0,484875,14980.2,138584000.0
1594598400000,9303.31,9343.82,9200.89,9242.62,42740,1594684799999,396614000.0,642552,19689.4,182734000.0
1594684800000,9242.61,9279.54,9113.0,9255.85,45773,1594771199999,421789000.0,613139,21666.5,199673000.0
1594771200000,9255.85,9276.49,9160.57,9197.6,39054,1594857599999,360202000.0,554780,17977.7,165823000.0
1594857600000,9197.6,9226.15,9047.25,9133.72,43376,1594943999999,395884000.0,681807,20410.1,186271000.0
1594944000000,9133.72,9186.83,9089.81,9154.32,28054,1595030399999,256360000.0,470991,13397.5,122434000.0
1595030400000,9154.31,9219.3,9121.1,9170.28,22555,1595116799999,206628000.0,430377,11502.7,105388000.0
1595116800000,9170.3,9232.27,9101.35,9208.99,26052,1595203199999,238522000.0,440449,12873.4,117870000.0
1595203200000,9208.99,9221.52,9131.0,9160.78,35459,1595289599999,325297000.0,557096,16527.7,151623000.0
1595289600000,9160.78,9437.73,9152.8,9390.0,60414,1595375999999,563361000.0,782959,29470.5,274802000.0
1595376000000,9390.0,9544.0,9261.0,9518.16,48815,1595462399999,457776000.0,663029,23362.2,219166000.0
1595462400000,9518.16,9664.0,9440.33,9603.27,51856,1595548799999,494283000.0,735371,24461.3,233235000.0
1595548800000,9603.27,9637.0,9463.44,9537.8,43931,1595635199999,419240000.0,677725,20416.3,194861000.0
1595635200000,9538.1,9732.9,9513.0,9700.42,40680,1595721599999,391432000.0,675222,19626.6,188908000.0
1595721600000,9700.42,10111.0,9650.0,9931.54,65279,1595807999999,644608000.0,945611,33748.3,333446000.0
1595808000000,9931.54,11394.9,9917.21,11030.0,150189,1595894399999,1580360000.0,1901088,76650.6,806266000.0
1595894400000,11030.0,11242.2,10565.0,10906.3,97268,1595980799999,1065380000.0,1475636,46575.4,510271000.0
1595980800000,10906.3,11342.8,10812.0,11100.5,76838,1596067199999,853242000.0,1127302,36218.5,402507000.0
1596067200000,11100.5,11170.0,10831.0,11099.6,60795,1596153599999,669780000.0,879960,28272.7,311568000.0
1596153600000,11099.8,11444.0,10960.0,11335.5,70064,1596239999999,786344000.0,971584,34068.1,382633000.0
1596240000000,11335.5,11861.0,11220.0,11801.2,85087,1596326399999,987817000.0,1174252,40523.7,470714000.0
1596326400000,11801.2,12123.5,10518.5,11071.3,97553,1596412799999,1105760000.0,1459900,45974.8,521934000.0
1596412800000,11071.4,11473.0,10936.0,11219.8,56932,1596499199999,641128000.0,919185,27133.0,305555000.0
1596499200000,11219.7,11415.0,11000.0,11192.0,58629,1596585599999,658084000.0,863692,27861.6,312734000.0
1596585600000,11192.0,11780.9,11093.0,11744.9,74970,1596671999999,861434000.0,964637,36130.4,415113000.0
1596672000000,11744.9,11900.0,11562.5,11762.5,63529,1596758399999,746479000.0,919918,30044.2,353083000.0
1596758400000,11762.5,11909.9,11322.0,11594.2,65756,1596844799999,767006000.0,940045,29993.0,349862000.0
1596844800000,11594.4,11808.3,11512.0,11761.4,41858,1596931199999,489087000.0,779318,20448.4,238996000.0
1596931200000,11761.0,11797.1,11522.0,11681.7,41493,1597017599999,483709000.0,853386,19031.2,221878000.0
1597017600000,11681.7,12067.3,11450.0,11892.9,84952,1597103999999,1009170000.0,1340835,42058.7,499910000.0
1597104000000,11892.9,11935.0,11125.0,11392.1,90748,1597190399999,1049620000.0,1343979,41222.0,476991000.0
1597190400000,11392.1,11617.5,11150.0,11564.3,64910,1597276799999,743304000.0,1104096,30943.7,354308000.0
1597276800000,11564.3,11793.0,11270.4,11780.0,70132,1597363199999,809611000.0,1243382,34841.8,402381000.0
1597363200000,11779.8,11850.0,11634.0,11760.5,59819,1597449599999,702273000.0,1011746,28464.7,334192000.0
1597449600000,11760.5,11980.0,11680.0,11852.4,56238,1597535999999,667447000.0,1018956,27304.0,324139000.0
1597536000000,11852.4,11931.7,11686.0,11911.0,41368,1597622399999,489732000.0,790240,19342.0,229033000.0
1597622400000,11911.0,12468.0,11769.8,12281.1,84734,1597708799999,1026880000.0,1210228,42291.1,512411000.0
1597708800000,12281.2,12387.8,11817.9,11945.0,75924,1597795199999,920402000.0,1189390,35954.4,436020000.0
1597795200000,11945.1,12020.1,11561.0,11754.6,73940,1597881599999,870613000.0,1258060,34861.1,410547000.0
1597881600000,11754.4,11888.0,11668.0,11853.5,46085,1597967999999,543576000.0,798027,21992.9,259381000.0
1597968000000,11853.5,11878.0,11485.8,11531.3,64448,1598054399999,755452000.0,1189668,30531.7,357994000.0
1598054400000,11531.2,11686.0,11376.8,11663.0,43679,1598140799999,504305000.0,809328,21605.1,249466000.0
1598140800000,11663.5,11718.1,11514.1,11648.1,37900,1598227199999,440406000.0,627352,18514.6,215154000.0
1598227200000,11648.1,11824.9,11585.1,11748.2,46212,1598313599999,542299000.0,656584,22780.4,267323000.0
1598313600000,11748.2,11767.8,11117.6,11318.4,69591,1598399999999,797035000.0,996668,33126.5,379562000.0
1598400000000,11318.4,11539.3,11244.0,11461.4,53998,1598486399999,615453000.0,862654,25622.5,291999000.0
1598486400000,11461.4,11592.2,11125.0,11330.4,63246,1598572799999,717475000.0,959270,30793.2,349360000.0
1598572800000,11330.4,11542.7,11276.9,11526.9,45954,1598659199999,525606000.0,719985,21714.2,248345000.0
1598659200000,11526.9,11580.0,11417.0,11465.8,32974,1598745599999,379228000.0,611834,15709.3,180675000.0
1598745600000,11465.8,11719.0,11458.0,11711.2,43178,1598831999999,501375000.0,756541,22258.1,258461000.0
1598832000000,11711.2,11800.8,11570.0,11649.5,55354,1598918399999,646724000.0,822062,26579.9,310535000.0
1598918400000,11649.5,12050.8,11515.0,11922.0,78148,1599004799999,928047000.0,1321492,37476.0,444997000.0
1599004800000,11922.0,11954.6,11160.1,11388.5,87222,1599091199999,1005390000.0,1373524,39972.3,460939000.0
1599091200000,11388.5,11462.6,9960.8,10140.8,121950,1599177599999,1325110000.0,1611610,54266.8,590230000.0
1599177600000,10138.3,10627.0,9875.5,10446.2,92734,1599263999999,959926000.0,1434860,42707.8,442164000.0
1599264000000,10446.2,10565.7,9825.0,10166.7,90002,1599350399999,917578000.0,1476782,43478.1,443343000.0
1599350400000,10166.7,10347.1,9994.86,10256.2,56369,1599436799999,574903000.0,1053192,28033.4,285905000.0
1599436800000,10255.9,10410.8,9875.0,10373.4,62620,1599523199999,634279000.0,927363,30576.7,309796000.0
1599523200000,10373.5,10438.0,9850.0,10126.7,73492,1599609599999,742948000.0,1048125,34410.8,348048000.0
1599609600000,10126.7,10343.0,9981.01,10219.2,49347,1599695999999,503083000.0,755560,23815.4,242760000.0
1599696000000,10219.3,10483.3,10070.8,10336.9,58254,1599782399999,602390000.0,851877,27690.1,286362000.0
1599782400000,10336.9,10397.6,10200.0,10387.9,43830,1599868799999,451241000.0,637869,21231.6,218592000.0
1599868800000,10387.9,10478.0,10269.2,10440.9,35379,1599955199999,366913000.0,577724,17560.8,182149000.0
1599955200000,10440.7,10580.1,10200.0,10332.8,43838,1600041599999,455339000.0,692439,20785.5,215965000.0
1600041600000,10332.8,10750.0,10212.3,10671.8,67059,1600127999999,706176000.0,828957,31880.4,335719000.0
1600128000000,10671.8,10930.0,10606.5,10785.3,61822,1600214399999,666457000.0,893852,29744.1,320640000.0
1600214400000,10785.2,11093.0,10661.2,10954.0,64992,1600300799999,708645000.0,884153,31740.5,346118000.0
1600300800000,10954.0,11045.5,10745.8,10940.0,55602,1600387199999,605010000.0,829137,27029.9,294147000.0
1600387200000,10940.0,11038.0,10812.8,10933.4,47267,1600473599999,516148000.0,717371,23044.9,251655000.0
1600473600000,10933.4,11179.8,10887.4,11080.7,38440,1600559999999,423652000.0,620127,19923.1,219624000.0
1600560000000,11080.6,11080.6,10723.0,10920.3,39158,1600646399999,426815000.0,646329,19437.7,211845000.0
1600646400000,10920.3,10988.9,10296.3,10417.2,70683,1600732799999,751021000.0,1028531,33628.9,357347000.0
1600732800000,10417.2,10572.7,10353.0,10529.6,43991,1600819199999,460362000.0,738576,21497.5,224981000.0
1600819200000,10529.6,10537.2,10136.8,10241.5,51877,1600905599999,539362000.0,774391,25012.7,260045000.0
1600905600000,10241.5,10795.2,10190.9,10736.3,57677,1600991999999,604521000.0,789282,27946.8,292936000.0
1600992000000,10736.3,10760.5,10556.2,10686.7,48101,1601078399999,512647000.0,733430,23566.3,251169000.0
1601078400000,10686.6,10820.9,10644.7,10728.6,28421,1601164799999,304511000.0,502670,14314.5,153391000.0
1601164800000,10728.6,10799.0,10594.8,10774.2,30549,1601251199999,327169000.0,516004,15101.0,161738000.0
1601251200000,10774.3,10950.0,10626.0,10696.1,50095,1601337599999,544463000.0,686664,25219.1,274112000.0
1601337600000,10696.1,10867.5,10635.9,10840.5,41875,1601423999999,449346000.0,587576,19896.1,213544000.0
1601424000000,10840.6,10849.3,10665.1,10776.6,39596,1601510399999,425280000.0,595383,18712.1,200977000.0
1601510400000,10776.6,10920.0,10437.0,10619.1,60866,1601596799999,652169000.0,794855,28450.0,304780000.0
1601596800000,10619.1,10664.6,10374.0,10570.4,50130,1601683199999,526864000.0,777193,24123.9,253508000.0
1601683200000,10570.4,10603.6,10496.5,10542.1,22298,1601769599999,235161000.0,381329,10752.5,113393000.0
1601769600000,10542.1,10696.9,10517.9,10666.6,23212,1601855999999,246252000.0,377553,12123.3,128620000.0
1601856000000,10666.6,10798.0,10615.6,10792.2,34026,1601942399999,364158000.0,483340,15551.6,166458000.0
1601942400000,10792.2,10800.0,10525.0,10599.7,48675,1602028799999,520051000.0,734526,23189.7,247740000.0
1602028800000,10599.7,10681.9,10546.2,10666.4,32812,1602115199999,348299000.0,503440,15783.4,167548000.0
1602115200000,10666.4,10950.0,10530.4,10925.6,51960,1602201599999,559312000.0,659291,26482.6,285240000.0
1602201600000,10925.4,11104.6,10829.0,11050.6,48240,1602287999999,530822000.0,635681,25658.6,282410000.0
1602288000000,11050.6,11491.0,11050.5,11293.2,43648,1602374399999,494785000.0,698561,22807.2,258432000.0
1602374400000,11293.2,11445.0,11221.0,11369.0,29044,1602460799999,329928000.0,509714,14470.4,164385000.0
1602460800000,11369.0,11720.0,11172.0,11528.2,52825,1602547199999,604780000.0,740823,26865.9,307665000.0
1602547200000,11528.2,11557.0,11300.0,11420.6,42205,1602633599999,482663000.0,618262,19346.2,221257000.0
1602633600000,11420.6,11548.0,11280.0,11417.9,41415,1602719999999,472007000.0,590025,19070.1,217376000.0
1602720000000,11417.9,11617.3,11250.8,11505.1,48761,1602806399999,556436000.0,662386,24019.2,274171000.0
1602806400000,11505.1,11541.2,11200.0,11319.3,48798,1602892799999,553211000.0,693210,22821.6,258753000.0
1602892800000,11319.2,11402.4,11255.0,11360.2,22369,1602979199999,253583000.0,365973,10318.0,116996000.0
1602979200000,11360.3,11505.0,11346.2,11503.1,23284,1603065599999,266151000.0,346946,12396.1,141744000.0
1603065600000,11503.1,11824.0,11408.0,11751.5,47415,1603151999999,550729000.0,650960,24716.4,287236000.0
1603152000000,11751.5,12038.4,11677.6,11910.0,62135,1603238399999,737426000.0,906111,31911.7,378906000.0
1603238400000,11910.0,13217.7,11887.0,12781.0,114584,1603324799999,1437120000.0,1453620,59033.7,740275000.0
1603324800000,12780.8,13185.0,12678.1,12968.5,70039,1603411199999,905779000.0,1035811,33259.5,430204000.0
1603411200000,12968.8,13027.7,12720.1,12923.1,50387,1603497599999,650680000.0,699313,24685.9,318828000.0
1603497600000,12923.1,13166.7,12870.0,13111.7,35952,1603583999999,468300000.0,536821,18382.7,239455000.0
1603584000000,13111.7,13350.0,12888.0,13028.8,38482,1603670399999,502672000.0,610498,17988.8,235116000.0
1603670400000,13029.6,13238.8,12765.0,13052.2,60952,1603756799999,794396000.0,818144,29610.0,385987000.0
1603756800000,13052.2,13789.3,13019.9,13636.2,80811,1603843199999,1085400000.0,1003615,39833.9,534896000.0
1603843200000,13636.2,13859.5,12888.0,13266.4,94441,1603929599999,1263490000.0,1234511,43387.7,580505000.0
1603929600000,13266.4,13642.9,12920.8,13455.7,74873,1604015999999,997868000.0,1008433,37203.2,495772000.0
1604016000000,13455.7,13670.0,13115.0,13560.1,70658,1604102399999,946819000.0,1060387,34438.6,461668000.0
1604102400000,13560.1,14100.0,13411.5,13791.0,67339,1604188799999,927048000.0,1022202,35823.2,493309000.0
1604188800000,13791.0,13895.0,13603.0,13761.5,36286,1604275199999,499124000.0,606248,17839.5,245433000.0
1604275200000,13761.5,13830.0,13195.0,13549.4,64566,1604361599999,873630000.0,869850,29243.2,395699000.0
1604361600000,13549.6,14066.1,13285.0,14023.5,74116,1604447999999,1009400000.0,1052569,38332.7,522431000.0
1604448000000,14023.5,14259.0,13525.0,14144.0,93017,1604534399999,1293870000.0,1212959,45333.7,630832000.0
1604534400000,14144.0,15750.0,14093.6,15590.0,143742,1604620799999,2131870000.0,1736055,72196.1,1071070000.0
1604620800000,15590.0,15960.0,15166.0,15579.9,122618,1604707199999,1909660000.0,1654968,58528.8,911734000.0
1604707200000,15579.9,15753.5,14344.2,14818.3,101431,1604793599999,1536510000.0,1557021,46204.9,700220000.0
1604793600000,14818.3,15650.0,14703.9,15475.1,65547,1604879999999,998031000.0,998773,31175.7,474979000.0
1604880000000,15475.1,15840.0,14805.5,15328.4,108976,1604966399999,1670450000.0,1505441,51350.4,787324000.0
1604966400000,15328.4,15460.0,15072.5,15297.2,61682,1605052799999,943615000.0,1093466,28945.8,442892000.0
1605052800000,15297.2,15965.0,15272.7,15684.2,78470,1605139199999,1226430000.0,1247167,40030.0,625865000.0
1605139200000,15684.2,16340.7,15440.6,16291.9,102196,1605225599999,1628760000.0,1472049,50445.0,804204000.0
1605225600000,16291.8,16480.0,15952.3,16320.7,75692,1605311999999,1230360000.0,1208773,35301.7,574048000.0
1605312000000,16320.0,16327.0,15670.0,16070.5,59116,1605398399999,944766000.0,931424,27724.8,443001000.0
1605398400000,16069.6,16180.0,15774.7,15957.0,43597,1605484799999,696652000.0,854441,20853.3,333239000.0
1605484800000,15957.0,16880.0,15864.0,16713.6,81301,1605571199999,1335730000.0,1202386,41370.2,679593000.0
1605571200000,16713.1,17858.8,16538.0,17659.4,115221,1605657599999,1982750000.0,1646652,58262.1,1003080000.0
1605657600000,17659.4,18476.9,17214.4,17776.1,149020,1605743999999,2663340000.0,2091832,73412.7,1312370000.0
1605744000000,17777.8,18179.8,17335.7,17802.8,93010,1605830399999,1656790000.0,1513304,45376.6,808307000.0
1605830400000,17802.8,18815.2,17740.0,18655.7,88423,1605916799999,1623140000.0,1444692,43549.5,799575000.0
1605916800000,18655.7,18965.9,18308.6,18703.8,75577,1606003199999,1413640000.0,1451352,36788.1,688352000.0
1606003200000,18703.8,18750.0,17610.9,18414.4,81646,1606089599999,1497660000.0,1528524,39164.4,718709000.0
1606089600000,18413.9,18766.0,18000.0,18368.0,82962,1606175999999,1529060000.0,1629379,39611.4,730351000.0
1606176000000,18368.0,19419.0,18018.0,19160.0,113582,1606262399999,2145300000.0,2179862,58179.2,1098980000.0
1606262400000,19160.0,19484.2,18500.3,18719.1,93267,1606348799999,1774870000.0,1785408,44575.1,848725000.0
1606348800000,18718.8,18915.0,16188.0,17149.5,181005,1606435199999,3127310000.0,2770483,84478.8,1459160000.0
1606435200000,17149.5,17457.6,16438.1,17139.5,85297,1606521599999,1446670000.0,1572299,42507.4,720986000.0
1606521600000,17139.5,17880.5,16865.6,17719.8,64911,1606607999999,1128060000.0,1209385,31785.7,552045000.0
1606608000000,17719.8,18360.1,17517.0,18185.0,55329,1606694399999,996744000.0,1141289,27884.0,502288000.0
1606694400000,18185.0,19863.2,18185.0,19695.9,115463,1606780799999,2205930000.0,1744149,61033.4,1166940000.0
1606780800000,19695.9,19888.0,18001.1,18765.0,127699,1606867199999,2446070000.0,2023802,63805.4,1223280000.0
1606867200000,18765.0,19342.0,18330.0,19204.1,75911,1606953599999,1436900000.0,1566635,36421.7,689901000.0
1606953600000,19204.1,19598.0,18867.2,19421.9,66689,1607039999999,1286550000.0,1242229,33868.3,653783000.0
1607040000000,19422.3,19527.0,18565.3,18650.5,71284,1607126399999,1358080000.0,1286657,32363.5,616745000.0
1607126400000,18650.5,19177.0,18500.0,19147.7,42923,1607212799999,813445000.0,932124,21360.3,405003000.0
1607212800000,19147.7,19420.0,18857.0,19359.4,37043,1607299199999,709559000.0,820382,19009.4,364303000.0
1607299200000,19358.7,19420.9,18902.9,19166.9,41372,1607385599999,793518000.0,840954,18881.8,362250000.0
1607385600000,19166.9,19294.8,18200.0,18324.1,61627,1607471999999,1160660000.0,1143181,27811.4,524064000.0
1607472000000,18324.1,18639.6,17650.0,18541.3,79586,1607558399999,1450130000.0,1302476,36809.0,671042000.0
1607558400000,18541.3,18557.3,17911.1,18254.6,52891,1607644799999,966150000.0,891151,25604.6,467841000.0
1607644800000,18254.8,18292.7,17572.3,18036.5,72611,1607731199999,1301080000.0,1117810,34195.0,612882000.0
1607731200000,18036.5,18948.7,18020.7,18808.7,49520,1607817599999,915553000.0,891810,26056.3,481756000.0
1607817600000,18808.7,19411.0,18711.1,19175.0,56561,1607903999999,1083520000.0,938022,29593.5,566908000.0
1607904000000,19175.0,19349.0,19000.0,19273.1,47257,1607990399999,906102000.0,842382,22657.5,434506000.0
1607990400000,19273.7,19570.0,19050.0,19426.4,61834,1608076799999,1196360000.0,1046423,31194.2,603826000.0
1608076800000,19426.4,21560.0,19278.6,21335.5,114306,1608163199999,2325140000.0,1659135,61245.3,1245920000.0
1608163200000,21335.5,23800.0,21230.0,22797.2,184882,1608249599999,4196650000.0,2795084,92409.4,2097020000.0
1608249600000,22797.2,23285.2,22350.0,23107.4,79646,1608335999999,1820880000.0,1613775,38359.3,877297000.0
1608336000000,23107.4,24171.5,22750.0,23821.6,86045,1608422399999,2018970000.0,1678611,42709.1,1002110000.0
1608422400000,23821.6,24295.0,23060.0,23455.5,76690,1608508799999,1810860000.0,1743225,37124.1,877167000.0
1608508800000,23455.5,24102.8,21815.0,22719.7,88030,1608595199999,2035450000.0,1593949,41983.0,971417000.0
1608595200000,22719.9,23837.1,22353.4,23810.8,87033,1608681599999,2010760000.0,1496277,42681.3,986429000.0
1608681600000,23810.8,24100.0,22600.0,23232.8,119047,1608767999999,2797690000.0,2194611,56660.2,1332360000.0
1608768000000,23232.4,23794.4,22703.4,23729.2,69014,1608854399999,1602390000.0,1421257,35789.1,831484000.0
1608854400000,23729.0,24789.9,23433.6,24712.5,79520,1608940799999,1919770000.0,1504426,41219.1,995216000.0
1608940800000,24712.5,26867.0,24500.0,26493.4,97807,1609027199999,2496530000.0,1735574,49839.0,1272280000.0
1609027200000,26493.4,28422.0,25700.0,26281.7,148456,1609113599999,4028930000.0,2438493,72649.3,1972640000.0
1609113600000,26281.5,27500.0,26101.0,27079.4,79722,1609199999999,2151810000.0,1508204,37895.3,1023060000.0
1609200000000,27079.4,27410.0,25880.0,27385.0,69412,1609286399999,1851620000.0,1605166,34276.9,914954000.0
1609286400000,27385.0,28996.0,27320.0,28875.5,95356,1609372799999,2683950000.0,1916095,48057.9,1352880000.0
1609372800000,28875.6,29300.0,27850.0,28923.6,75509,1609459199999,2173600000.0,1552793,36431.6,1049390000.0
1609459200000,28923.6,29600.0,28624.6,29331.7,54183,1609545599999,1582530000.0,1314910,27455.8,802248000.0
1609545600000,29331.7,33300.0,28946.5,32178.3,129994,1609631999999,4073840000.0,2245922,67446.3,2110330000.0
1609632000000,32176.4,34778.1,31963.0,33000.1,120958,1609718399999,4057600000.0,2369698,59750.3,2004430000.0
1609718400000,33000.1,33600.0,28130.0,31988.7,140900,1609804799999,4429010000.0,2642408,69088.5,2173440000.0
1609804800000,31989.8,34360.0,29900.0,33949.5,116050,1609891199999,3743620000.0,2526851,59691.8,1927200000.0
1609891200000,33949.5,36939.2,33288.0,36769.4,127139,1609977599999,4431950000.0,2591783,63052.9,2199630000.0
1609977600000,36769.4,40365.0,36300.0,39432.3,132826,1610063999999,5062570000.0,2814686,65055.1,2482580000.0
1610064000000,39432.5,41950.0,36500.0,40582.8,139790,1610150399999,5568440000.0,2925632,67300.2,2684980000.0
1610150400000,40587.0,41380.0,38720.0,40088.2,75786,1610236799999,3054780000.0,1998156,37007.3,1491990000.0
1610236800000,40088.2,41350.0,35111.1,38150.0,118210,1610323199999,4604030000.0,2628050,55451.3,2160980000.0
1610323200000,38150.0,38264.7,30420.0,35404.5,251156,1610409599999,8497730000.0,4472957,123242.0,4171890000.0
1610409600000,35410.4,36628.0,32531.0,34051.2,133948,1610495999999,4651300000.0,2674145,65098.3,2261730000.0
1610496000000,34049.1,37850.0,32380.0,37371.4,124478,1610582399999,4322880000.0,2514289,63981.0,2222870000.0
1610582400000,37371.4,40100.0,36701.2,39144.5,102950,1610668799999,3974830000.0,2297466,51264.5,1979440000.0
1610668800000,39145.2,39747.8,34408.0,36742.2,118301,1610755199999,4371590000.0,2560801,57738.0,2133720000.0
1610755200000,36737.4,37950.0,35357.8,35995.0,86348,1610841599999,3178840000.0,2066363,42420.4,1563160000.0
1610841600000,35995.0,36852.5,33850.0,35828.6,80158,1610927999999,2843100000.0,1860642,39513.6,1402650000.0
1610928000000,35825.0,37469.8,34800.0,36631.3,70698,1611014399999,2554840000.0,1707766,35621.5,1289350000.0
1611014400000,36622.5,37850.0,35844.1,35891.5,79611,1611100799999,2935350000.0,1939371,38704.7,1428240000.0
1611100800000,35901.9,36415.3,33400.0,35468.2,89368,1611187199999,3126720000.0,2234539,42546.6,1489290000.0
1611187200000,35468.2,35600.0,30071.0,30850.1,135004,1611273599999,4386780000.0,2881505,63256.2,2057240000.0
1611273600000,30852.0,33826.5,28850.0,32945.2,142972,1611359999999,4483300000.0,2707810,70150.2,2201160000.0
1611360000000,32950.0,33456.0,31390.2,32078.0,64595,1611446399999,2089100000.0,1700056,32680.8,1057110000.0
1611446400000,32078.0,33071.0,30900.0,32259.9,57978,1611532799999,1864610000.0,1528287,27826.1,895721000.0
1611532800000,32259.4,34875.0,31910.0,32254.2,88499,1611619199999,2958760000.0,2106548,44489.5,1488430000.0
1611619200000,32254.2,32921.9,30837.4,32467.8,84972,1611705599999,2708550000.0,2010392,42402.3,1352680000.0
1611705600000,32464.0,32557.3,29241.7,30366.2,95912,1611791999999,2958080000.0,2065953,46664.4,1440080000.0
1611792000000,30362.2,33784.0,29842.1,33364.9,92621,1611878399999,2953550000.0,2060660,46067.8,1468960000.0
1611878400000,33368.2,38531.9,31915.4,34252.2,231827,1611964799999,8195590000.0,4403349,116537.0,4121940000.0
1611964800000,34246.3,34933.0,32825.0,34262.9,84890,1612051199999,2884500000.0,2201040,42418.5,1441980000.0
1612051200000,34262.9,34342.7,32171.7,33093.0,68742,1612137599999,2289640000.0,1707064,32480.4,1082500000.0
1612137600000,33093.0,34717.3,32296.2,33526.4,82718,1612223999999,2791780000.0,1810492,41855.8,1413160000.0
1612224000000,33517.1,35984.3,33418.0,35466.2,78057,1612310399999,2716320000.0,1789672,39216.6,1364790000.0
1612310400000,35472.7,37662.6,35362.4,37618.9,80784,1612396799999,2951230000.0,1881740,39863.1,1456250000.0
1612396800000,37620.3,38708.3,36161.9,36936.7,92081,1612483199999,3452670000.0,2211866,45516.2,1707710000.0
1612483200000,36936.6,38310.1,36570.0,38290.2,66681,1612569599999,2509280000.0,1853253,32756.4,1232710000.0
1612569600000,38289.3,40955.5,38215.9,39186.9,98757,1612655999999,3922100000.0,2291646,52015.5,2065180000.0
1612656000000,39181.0,39700.0,37351.0,38795.7,84364,1612742399999,3256520000.0,1976357,40764.4,1574480000.0
1612742400000,38795.7,46794.4,37988.9,46374.9,138598,1612828799999,5881540000.0,3230961,72345.9,3069310000.0
1612828800000,46374.9,48142.2,44961.1,46420.4,115500,1612915199999,5386260000.0,3119034,57429.6,2679450000.0
1612915200000,46420.4,47310.0,43727.0,44807.6,97154,1613001599999,4431650000.0,2891592,47972.0,2190230000.0
1613001600000,44807.6,48678.9,43994.0,47969.5,89561,1613087999999,4185630000.0,2570949,46138.3,2158340000.0
1613088000000,47968.7,48985.8,46125.0,47287.6,85870,1613174399999,4080570000.0,2418841,41841.0,1990470000.0
1613174400000,47298.1,48150.0,46202.5,47153.7,63768,1613260799999,3007710000.0,2058823,30996.3,1462500000.0
1613260800000,47156.8,49707.4,47014.2,48577.8,73735,1613347199999,3584810000.0,2090070,38752.2,1884010000.0
1613347200000,48580.5,49010.9,45570.8,47911.1,79398,1613433599999,3782220000.0,2313155,38176.4,1819250000.0
1613433600000,47911.1,50689.2,47003.6,49133.4,88813,1613519999999,4349980000.0,2199849,45608.6,2236520000.0
1613520000000,49133.4,52618.7,48947.0,52119.7,85744,1613606399999,4365830000.0,2514374,45055.4,2294100000.0
1613606400000,52117.7,52530.0,50901.9,51552.6,60758,1613692799999,3149970000.0,1891592,28893.4,1498230000.0
1613692800000,51552.6,56368.0,50710.2,55906.0,79660,1613779199999,4251170000.0,2339215,40556.0,2164870000.0
1613779200000,55906.0,57700.5,53863.9,55841.2,80948,1613865599999,4551890000.0,2642846,38636.1,2172830000.0
1613865600000,55841.2,58352.8,55477.6,57408.6,58167,1613951999999,3318000000.0,1950533,29506.1,1683110000.0
1613952000000,57412.4,57508.5,47622.0,54087.7,134019,1614038399999,7213390000.0,3313083,63677.7,3427220000.0
1614038400000,54087.7,54183.6,44892.6,48891.0,169375,1614124799999,8215840000.0,3825196,82464.1,4002200000.0
1614124800000,48891.0,51375.0,46988.7,49676.2,91881,1614211199999,4574030000.0,2194532,45750.7,2278570000.0
1614211200000,49676.2,52041.7,46674.3,47073.7,83311,1614297599999,4152190000.0,2305679,40610.7,2026070000.0
1614297600000,47073.7,48424.1,44106.8,46276.9,109423,1614383999999,5086370000.0,2371766,53626.9,2494190000.0
1614384000000,46276.9,48394.0,45000.0,46106.4,66061,1614470399999,3105900000.0,1757720,31987.0,1505010000.0
1614470400000,46103.7,46638.5,43000.0,45135.7,83055,1614556799999,3708360000.0,1838345,40688.2,1817800000.0
1614556800000,45134.1,49790.0,44950.5,49587.0,85086,1614643199999,4057520000.0,2147223,42617.0,2032570000.0
1614643200000,49595.8,50200.0,47047.6,48440.6,64221,1614729599999,3120470000.0,1855583,31377.0,1525150000.0
1614729600000,48436.6,52640.0,48100.7,50349.4,81036,1614815999999,4109520000.0,2242131,40955.4,2077590000.0
1614816000000,50349.4,51773.9,47500.0,48374.1,82650,1614902399999,4079840000.0,2291936,40270.0,1987960000.0
1614902400000,48374.1,49448.9,46300.0,48751.7,78192,1614988799999,3727130000.0,2054216,38318.3,1827030000.0
1614988800000,48746.8,49200.0,47070.0,48882.2,44399,1615075199999,2143910000.0,1476474,21500.6,1038370000.0
1615075200000,48882.2,51450.0,48882.2,50971.8,55235,1615161599999,2778880000.0,1758101,27885.6,1402780000.0
1615161600000,50959.1,52402.8,49274.7,52375.2,66987,1615247999999,3400850000.0,1999401,33595.4,1706120000.0
1615248000000,52375.2,54895.0,51789.4,54884.5,71657,1615334399999,3861450000.0,2194398,35011.5,1886840000.0
1615334400000,54874.7,57387.7,53005.0,55851.6,84749,1615420799999,4700200000.0,2647284,42651.9,2366860000.0
1615420800000,55851.6,58150.0,54272.8,57773.2,81915,1615507199999,4612370000.0,2509970,40603.4,2288700000.0
1615507200000,57773.1,58081.5,54962.8,57221.7,73405,1615593599999,4162050000.0,2489931,35802.9,2030620000.0
1615593600000,57221.7,61844.0,56078.2,61188.4,83245,1615679999999,4933380000.0,2559002,44387.2,2631390000.0
1615680000000,61188.4,61724.8,58966.8,58968.3,52601,1615766399999,3176400000.0,1829769,25325.3,1530050000.0
1615766400000,58976.1,60633.4,54600.0,55605.2,102771,1615852799999,5874240000.0,2683815,49825.4,2848910000.0
1615852800000,55605.2,56938.3,53271.3,56900.8,77987,1615939199999,4304260000.0,2241208,37825.5,2088110000.0
1615939200000,56900.7,58974.7,54123.7,58913.0,70422,1616025599999,3960990000.0,2204296,34778.7,1957830000.0
1616025600000,58913.0,60130.0,57023.0,57648.2,66580,1616111999999,3900890000.0,2040947,32287.4,1892330000.0
1616112000000,57641.0,59468.0,56270.7,58030.0,52393,1616198399999,3052710000.0,1885830,25552.5,1489270000.0
1616198400000,58030.0,59880.0,57820.2,58102.3,44477,1616284799999,2616540000.0,1724131,22212.4,1307020000.0
1616284800000,58100.0,58589.1,55450.1,57351.6,48564,1616371199999,2774220000.0,1773546,23648.9,1350990000.0
1616371200000,57351.6,58430.7,53650.0,54083.2,62582,1616457599999,3527480000.0,1927345,30749.1,1733580000.0
1616457600000,54083.2,55830.9,53000.0,54340.9,59789,1616543999999,3264650000.0,1740349,29563.4,1614720000.0
1616544000000,54342.8,57200.0,51700.0,52303.6,83537,1616630399999,4583160000.0,2401988,39323.1,2161390000.0
1616630400000,52303.7,53287.0,50427.6,51293.8,87401,1616716799999,4536330000.0,2099425,42947.4,2229350000.0
1616716800000,51293.8,55073.5,51214.6,55025.6,63814,1616803199999,3397040000.0,1773150,31822.5,1694330000.0
1616803200000,55025.6,56700.4,53950.0,55817.1,50105,1616889599999,2767070000.0,1528776,24739.9,1365970000.0
1616889600000,55817.1,56559.8,54691.8,55777.6,39050,1616975999999,2178780000.0,1551283,19262.7,1074960000.0
1616976000000,55777.6,58405.8,54800.0,57635.5,67858,1617062399999,3877130000.0,1983437,34373.8,1963800000.0
1617062400000,57635.5,59368.0,57071.4,58746.6,55122,1617148799999,3221940000.0,1612744,27541.5,1610810000.0
1617148800000,58746.6,59800.0,56769.0,58740.6,60976,1617235199999,3575980000.0,1928224,31074.8,1823820000.0
1617235200000,58739.5,59490.0,57935.4,58720.4,47416,1617321599999,2789240000.0,1594431,22966.3,1351150000.0
1617321600000,58720.4,60200.0,58428.6,58950.0,47382,1617407999999,2811160000.0,1666356,23695.7,1406390000.0
1617408000000,58950.0,59791.7,56880.0,57051.9,47410,1617494399999,2783150000.0,1606805,23058.0,1353960000.0
1617494400000,57051.9,58492.9,56388.0,58202.0,41314,1617580799999,2380140000.0,1499113,20609.1,1187120000.0
1617580800000,58202.0,59272.0,56777.8,59130.0,54258,1617667199999,3155210000.0,2035877,27269.5,1586340000.0
1617667200000,59130.0,59495.2,57413.0,57991.1,54201,1617753599999,3166910000.0,1960513,26699.2,1560540000.0
1617753600000,57990.0,58655.0,55473.0,55953.4,71228,1617839999999,4053290000.0,2206433,34737.6,1977440000.0
1617840000000,55953.4,58153.3,55700.0,58077.5,44283,1617926399999,2531780000.0,1661080,22161.7,1267130000.0
1617926400000,58077.5,58894.9,57654.0,58142.5,40832,1618012799999,2378340000.0,1615962,20354.2,1185680000.0
1618012800000,58142.6,61500.0,57900.0,59769.1,69906,1618099199999,4197140000.0,2470398,36018.6,2162860000.0
1618099200000,59769.1,60699.0,59232.5,60002.4,41157,1618185599999,2462030000.0,1746102,20798.1,1244350000.0
1618185600000,59998.8,61300.0,59350.6,59860.0,56375,1618271999999,3393040000.0,1806298,27645.2,1664590000.0
1618272000000,59860.0,63777.8,59805.1,63575.0,82849,1618358399999,5154880000.0,2703735,41662.5,2592720000.0
1618358400000,63575.0,64854.0,61301.0,62959.5,82616,1618444799999,5239080000.0,2645625,40070.4,2542170000.0
1618444800000,62959.5,63800.0,62020.0,63160.0,51650,1618531199999,3248930000.0,1938028,25628.2,1612300000.0
1618531200000,63158.7,63520.6,60000.0,61334.8,91764,1618617599999,5647290000.0,2639940,43570.0,2680750000.0
1618617600000,61334.8,62506.1,59580.9,60006.7,58912,1618703999999,3605700000.0,2268816,28386.3,1737720000.0
1618704000000,60006.7,60499.0,50931.3,56150.0,124882,1618790399999,6949380000.0,3444089,59404.6,3303950000.0
1618790400000,56150.0,57526.8,54221.6,55633.1,78229,1618876799999,4398620000.0,2390527,38362.4,2156620000.0
1618876800000,55633.1,57076.2,53330.0,56425.0,72744,1618963199999,4037700000.0,2148820,35519.6,1971920000.0
1618963200000,56425.0,56757.9,53536.0,53787.6,66985,1619049599999,3704550000.0,2134946,32188.9,1780070000.0
1619049600000,53787.6,55521.5,50500.0,51691.0,104657,1619135999999,5594980000.0,2744621,50550.8,2703750000.0
1619136000000,51690.9,52131.9,47500.0,51125.1,132231,1619222399999,6571100000.0,2888237,63769.6,3170390000.0
1619222400000,51110.6,51166.2,48657.1,50047.8,55362,1619308799999,2762080000.0,1164985,26782.2,1336610000.0
1619308800000,50047.8,50567.9,46930.0,49066.8,58256,1619395199999,2867860000.0,1475479,27767.3,1367920000.0
1619395200000,49066.8,54356.6,48753.4,54001.4,86311,1619481599999,4555690000.0,2174544,43183.9,2277380000.0
1619481600000,54001.4,55460.0,53222.0,55012.0,54064,1619567999999,2949720000.0,1568666,25631.1,1398730000.0
1619568000000,55012.0,56428.0,53813.2,54846.2,55130,1619654399999,3020240000.0,1830042,26762.0,1466280000.0
1619654400000,54846.2,55195.8,52330.9,53555.0,52486,1619740799999,2823220000.0,1763676,25339.7,1362820000.0
1619740800000,53555.0,57963.0,53013.0,57694.3,68579,1619827199999,3808190000.0,2267648,35634.1,1978870000.0
1619827200000,57697.2,58458.1,56956.1,57800.4,42600,1619913599999,2460340000.0,1743013,20574.8,1188350000.0
1619913600000,57797.4,57911.0,56035.2,56578.2,36813,1619999999999,2089760000.0,1371638,18172.9,1031570000.0
1620000000000,56578.2,58981.4,56435.0,57169.4,57650,1620086399999,3337600000.0,2102128,28536.1,1652290000.0
1620086400000,57169.4,57200.0,53046.7,53200.0,85325,1620172799999,4705400000.0,2492629,41029.7,2262790000.0
1620172800000,53205.1,58069.8,52900.0,57436.1,77264,1620259199999,4327990000.0,2378119,38729.5,2170540000.0
1620259200000,57436.1,58360.0,55200.0,56393.7,70182,1620345599999,3992290000.0,2459881,34248.9,1949210000.0
1620345600000,56393.7,58650.0,55241.6,57314.8,74543,1620431999999,4239370000.0,2361692,36877.6,2097610000.0
1620432000000,57315.5,59500.0,56900.0,58862.1,69710,1620518399999,4079550000.0,2311378,34329.7,2009440000.0
1620518400000,58866.5,59300.0,56235.7,58240.8,69806,1620604799999,4043550000.0,2170139,34301.1,1987960000.0
1620604800000,58240.8,59500.0,53400.0,55816.1,89586,1620691199999,5131780000.0,2575419,43058.0,2468200000.0
1620691200000,55816.1,56862.4,54370.0,56670.0,64330,1620777599999,3583030000.0,1911480,30880.8,1720080000.0
1620777600000,56670.0,58000.0,48600.0,49631.3,99843,1620863999999,5476110000.0,2676826,48299.8,2654900000.0
1620864000000,49537.1,51367.2,46000.0,49671.0,147332,1620950399999,7303690000.0,3570506,71742.0,3558740000.0
1620950400000,49671.9,51483.0,48799.8,49841.4,80082,1621036799999,4015910000.0,2095860,37184.1,1864160000.0
1621036800000,49844.2,50700.0,46555.0,46763.0,89437,1621123199999,4350780000.0,2286791,42257.9,2056300000.0
1621123200000,46763.0,49795.9,43825.4,46431.5,114270,1621209599999,5367500000.0,2661295,53797.6,2528670000.0
1621209600000,46426.8,46686.0,42001.0,43538.0,166657,1621295999999,7346760000.0,3216821,80610.1,3555760000.0
1621296000000,43538.0,45799.3,42250.0,42849.8,116980,1621382399999,5146670000.0,2561165,55703.0,2450850000.0
1621382400000,42849.8,43584.9,30000.0,36690.1,354347,1621468799999,13477700000.0,6331062,168271.0,6410030000.0
1621468800000,36671.2,42451.7,34850.0,40526.6,203018,1621555199999,8019900000.0,4269898,100167.0,3959650000.0
1621555200000,40525.4,42200.0,33488.0,37252.0,202101,1621641599999,7713350000.0,3993336,94002.4,3591750000.0
1621641600000,37263.4,38829.0,35200.6,37449.7,126542,1621727999999,4730570000.0,2716691,63310.5,2367080000.0
1621728000000,37458.5,38270.6,31111.0,34655.2,217136,1621814399999,7431240000.0,4082004,104638.0,3584260000.0
1621814400000,34681.4,39920.0,34031.0,38796.3,161631,1621900799999,5996770000.0,3510578,81584.8,3031030000.0
1621900800000,38811.0,39791.8,36419.6,38324.7,111996,1621987199999,4253520000.0,2508310,54153.5,2057460000.0
1621987200000,38324.7,40841.0,37800.4,39241.9,104781,1622073599999,4113720000.0,2432319,50485.1,1983420000.0
1622073600000,39241.9,40411.1,37134.3,38530.0,86547,1622159999999,3361410000.0,2102182,42256.0,1641680000.0
1622160000000,38530.0,38877.8,34684.0,35663.5,135378,1622246399999,4926260000.0,2659178,64327.3,2341060000.0
1622246400000,35661.8,37338.6,33632.8,34605.1,112663,1622332799999,3949840000.0,2169643,54284.2,1904350000.0
1622332800000,34605.1,36488.0,33379.0,35641.3,73535,1622419199999,2602000000.0,1559892,37406.8,1324620000.0
1622419200000,35641.3,37499.0,34153.8,37253.8,94161,1622505599999,3406050000.0,1896359,46337.9,1677800000.0
1622505600000,37253.8,37894.8,35666.0,36693.1,81235,1622591999999,2973930000.0,1760417,40291.8,1475010000.0
1622592000000,36694.9,38225.0,35920.0,37568.7,67587,1622678399999,2523460000.0,1530915,34328.5,1281850000.0
1622678400000,37568.7,39476.0,37170.0,39246.8,75889,1622764799999,2930950000.0,1949658,38664.3,1493500000.0
1622764800000,39246.8,39289.1,35555.1,36829.0,91318,1622851199999,3379400000.0,1926311,43106.0,1595100000.0
1622851200000,36829.1,37925.0,34800.0,35513.2,70460,1622937599999,2560550000.0,1463754,34397.8,1249710000.0
1622937600000,35516.1,36480.0,35222.0,35796.3,47650,1623023999999,1711860000.0,993430,23661.3,850204000.0
1623024000000,35796.3,36900.0,33300.0,33552.8,77575,1623110399999,2755670000.0,1532260,36431.6,1295760000.0
1623110400000,33557.0,34068.0,31000.0,33380.8,123251,1623196799999,4030780000.0,2074885,60096.0,1966350000.0
1623196800000,33380.8,37534.8,32396.8,37388.1,136608,1623283199999,4794740000.0,2601479,68790.3,2415790000.0
1623283200000,37388.1,38491.0,35782.0,36675.7,109527,1623369599999,4062960000.0,2231430,53639.4,1990490000.0
1623369600000,36677.8,37680.4,35936.8,37332.0,78466,1623455999999,2903040000.0,1727645,39406.7,1458620000.0
1623456000000,37332.0,37463.6,34600.4,35546.1,87718,1623542399999,3132390000.0,1719650,42571.2,1520430000.0
1623542400000,35546.1,39380.0,34757.0,39020.6,86921,1623628799999,3208990000.0,1894103,45675.3,1688610000.0
1623628800000,39020.6,41064.1,38730.0,40516.3,108522,1623715199999,4320310000.0,2185089,53645.9,2135290000.0
1623715200000,40516.3,41330.0,39506.4,40144.0,80680,1623801599999,3247750000.0,1931890,39428.8,1587380000.0
1623801600000,40143.8,40527.1,38116.0,38349.0,87772,1623887999999,3450560000.0,2134897,42137.2,1657140000.0
1623888000000,38349.0,39559.9,37365.0,38093.0,79541,1623974399999,3065620000.0,1620210,37936.8,1462730000.0
1623974400000,38093.0,38202.8,35129.3,35819.8,95228,1624060799999,3507870000.0,1809253,44824.4,1651610000.0
1624060800000,35820.5,36457.0,34803.5,35483.7,68712,1624147199999,2453820000.0,1212278,33788.3,1207080000.0
1624147200000,35483.7,36137.7,33336.0,35600.2,89878,1624233599999,3124630000.0,1691871,44194.1,1537390000.0
1624233600000,35600.2,35750.0,31251.2,31608.9,168779,1624319999999,5545930000.0,2688993,81297.5,2671030000.0
1624320000000,31614.1,33298.8,28805.0,32509.6,204208,1624406399999,6406160000.0,3113977,99149.2,3115470000.0
1624406400000,32509.6,34881.0,31683.0,33678.1,126966,1624492799999,4282250000.0,2026228,63340.0,2136460000.0
1624492800000,33675.1,35298.0,32286.6,34663.1,86626,1624579199999,2925370000.0,1531230,43994.7,1486960000.0
1624579200000,34663.1,35500.0,31275.0,31584.4,116061,1624665599999,3846120000.0,2094932,55656.2,1846080000.0
1624665600000,31576.1,32730.0,30151.0,32283.7,107820,1624751999999,3376420000.0,1814051,52978.2,1659920000.0
1624752000000,32283.7,34749.0,31973.4,34700.3,96613,1624838399999,3199980000.0,1799875,48772.5,1616350000.0
1624838400000,34702.5,35297.7,33862.7,34494.9,82222,1624924799999,2837120000.0,1868627,40552.3,1399860000.0
1624924800000,34494.9,36600.0,34225.4,35911.7,90789,1625011199999,3233950000.0,1673802,45376.6,1616090000.0
1625011200000,35911.7,36100.0,34017.6,35045.0,77152,1625097599999,2688940000.0,1301036,37035.8,1290870000.0
1625097600000,35045.0,35057.6,32711.0,33504.7,71708,1625183999999,2410810000.0,1240681,34986.1,1176000000.0
1625184000000,33502.3,33977.0,32699.0,33786.6,56172,1625270399999,1870190000.0,1176457,27271.7,908204000.0
1625270400000,33786.5,34945.6,33316.7,34669.1,43045,1625356799999,1478420000.0,1078278,21331.9,732586000.0
1625356800000,34669.1,35967.9,34357.1,35286.5,43703,1625443199999,1544460000.0,1164970,21180.3,748187000.0
1625443200000,35288.1,35293.8,33125.6,33690.1,64124,1625529599999,2183410000.0,1109367,31489.9,1071970000.0
1625529600000,33690.1,35118.9,33532.0,34220.0,58211,1625615999999,1991690000.0,1184687,27802.0,951269000.0
1625616000000,34220.0,35059.1,33777.8,33862.1,53808,1625702399999,1857660000.0,1041416,27294.9,941985000.0
1625702400000,33862.1,33929.6,32077.0,32875.7,70136,1625788799999,2304970000.0,1257892,35104.7,1152930000.0
1625788800000,32875.7,34100.0,32261.1,33815.8,47154,1625875199999,1562960000.0,1236351,23660.1,784289000.0
1625875200000,33815.8,34262.0,33004.8,33502.9,34761,1625961599999,1171790000.0,865508,17012.8,573638000.0
1625961600000,33502.9,34666.0,33306.5,34259.0,31573,1626047999999,1070030000.0,952891,16434.5,557337000.0
1626048000000,34259.0,34678.4,32658.3,33086.6,48181,1626134399999,1620650000.0,1176847,22602.9,759878000.0
1626134400000,33086.9,33340.0,32202.2,32729.8,41126,1626220799999,1348580000.0,956053,19588.3,642577000.0
1626220800000,32729.1,33114.0,31550.0,32820.0,46778,1626307199999,1515690000.0,1123129,22516.5,730009000.0
1626307200000,32820.0,33185.2,31133.0,31880.0,51640,1626393599999,1652080000.0,1099367,24866.4,795831000.0
1626393600000,31874.5,32249.2,31020.0,31383.9,48500,1626479999999,1538340000.0,1067591,23963.7,760275000.0
1626480000000,31383.9,31955.9,31164.3,31520.1,34012,1626566399999,1072820000.0,883442,16649.1,525240000.0
1626566400000,31520.1,32435.0,31109.0,31778.6,35924,1626652799999,1140960000.0,760979,17554.2,557710000.0
1626652800000,31778.6,31899.0,30407.4,30839.7,47340,1626739199999,1470560000.0,846029,22709.5,705480000.0
1626739200000,30839.7,31063.1,29278.0,29790.3,61034,1626825599999,1821230000.0,1062139,28424.8,847855000.0
1626825600000,29790.3,32858.0,29482.6,32144.5,82796,1626911999999,2603140000.0,1415058,42584.7,1338360000.0
1626912000000,32144.5,32591.3,31708.0,32287.8,46148,1626998399999,1482760000.0,1000742,23274.5,747849000.0
1626998400000,32287.6,33650.0,31924.3,33634.1,50113,1627084799999,1631950000.0,1394786,25019.0,815391000.0
1627084800000,33634.1,34500.0,33401.1,34258.1,47978,1627171199999,1625050000.0,1196914,23937.6,810983000.0
1627171200000,34261.5,35398.0,33851.1,35381.0,47853,1627257599999,1646940000.0,1245775,24632.1,848321000.0
1627257600000,35381.0,40550.0,35205.8,37237.6,152453,1627343999999,5832480000.0,3330102,77191.3,2953300000.0
1627344000000,37241.3,39542.6,36383.0,39457.9,88397,1627430399999,3335660000.0,1938478,45137.3,1703810000.0
1627430400000,39456.6,40900.0,38772.0,40019.6,101345,1627516799999,4040890000.0,2631048,49019.1,1954990000.0
1627516800000,40019.6,40640.0,39200.0,40016.5,53998,1627603199999,2154190000.0,1428738,26700.9,1065510000.0
1627603200000,40018.5,42316.7,38313.2,42206.4,73603,1627689599999,2939830000.0,1797012,37730.4,1509170000.0
1627689600000,42206.4,42448.0,41000.1,41461.8,44850,1627775999999,1868290000.0,1565380,22844.2,951888000.0
1627776000000,41461.8,42599.0,39422.0,39845.4,53953,1627862399999,2227570000.0,1603964,25796.8,1066580000.0
1627862400000,39850.3,40480.0,38690.0,39147.8,50837,1627948799999,2010930000.0,1162878,24558.0,971597000.0
1627948800000,39146.9,39780.0,37642.0,38207.1,57117,1628035199999,2195360000.0,1379871,27683.5,1064120000.0
1628035200000,38207.0,39969.7,37508.6,39723.2,52329,1628121599999,2028790000.0,1220555,26804.2,1039350000.0
1628121600000,39723.2,41350.0,37332.7,40862.5,84344,1628207999999,3314530000.0,1913281,41673.1,1638360000.0
1628208000000,40862.5,43392.4,39853.9,42836.9,75754,1628294399999,3148020000.0,2223356,38278.0,1591630000.0
1628294400000,42836.9,44700.0,42446.4,44572.5,73397,1628380799999,3197410000.0,2258213,37355.6,1627870000.0
1628380800000,44572.5,45310.0,43261.0,43794.4,69329,1628467199999,3074920000.0,1857112,34099.2,1512450000.0
1628467200000,43794.4,46454.1,42779.0,46253.4,74588,1628553599999,3362870000.0,2130595,38464.6,1735620000.0
1628553600000,46248.9,46700.0,44589.5,45585.0,53815,1628639999999,2452490000.0,1951330,26592.4,1212340000.0
1628640000000,45585.0,46743.5,45341.1,45511.0,52735,1628726399999,2432790000.0,1862925,27064.4,1248930000.0
1628726400000,45510.7,46218.1,43770.0,44399.0,55266,1628812799999,2478760000.0,1623329,26765.1,1200330000.0
1628812800000,44400.1,47886.0,44217.4,47800.0,48239,1628899199999,2239440000.0,1804716,25368.0,1177390000.0
1628899200000,47800.0,48144.0,45971.0,47068.5,46114,1628985599999,2166460000.0,1849556,22999.5,1080740000.0
1628985600000,47068.5,47372.3,45500.0,46973.8,42111,1629071999999,1950750000.0,1580122,21129.9,979120000.0
1629072000000,46973.8,48053.8,45660.0,45901.3,52481,1629158399999,2462130000.0,1655378,25847.9,1213160000.0
1629158400000,45901.3,47160.0,44376.0,44695.9,57039,1629244799999,2616340000.0,1781303,27320.3,1253910000.0
1629244800000,44695.9,46000.0,44203.3,44705.3,54099,1629331199999,2439670000.0,1656723,28538.2,1286720000.0
1629331200000,44699.4,47033.0,43927.7,46760.6,53412,1629417599999,2416320000.0,1774382,27193.5,1230830000.0
1629417600000,46760.6,49383.0,46623.0,49322.5,56850,1629503999999,2721130000.0,1950404,29725.9,1422940000.0
1629504000000,49322.5,49757.0,48222.0,48821.9,46745,1629590399999,2290970000.0,2069725,23119.7,1133340000.0
1629590400000,48821.9,49500.0,48050.0,49239.2,37008,1629676799999,1807170000.0,1610192,18587.9,907708000.0
1629676800000,49239.2,50500.0,49029.0,49488.9,52463,1629763199999,2616720000.0,2143309,26219.0,1307820000.0
1629763200000,49488.9,49860.0,47600.0,47674.0,51015,1629849599999,2486080000.0,1692896,24702.9,1203900000.0
1629849600000,47674.0,49264.3,47126.3,48973.3,44656,1629935999999,2149440000.0,1559186,21796.9,1049710000.0
1629936000000,48973.3,49352.8,46250.0,46843.9,49371,1630022399999,2333900000.0,1532753,23686.6,1120010000.0
1630022400000,46843.9,49149.9,46348.0,49069.9,42068,1630108799999,2007070000.0,1320503,21727.1,1036770000.0
1630108800000,49069.9,49299.0,48346.9,48895.4,26681,1630195199999,1303970000.0,793012,13895.8,679194000.0
1630195200000,48895.4,49632.3,47762.5,48767.8,32652,1630281599999,1588660000.0,1193046,16157.0,786599000.0
1630281600000,48767.8,48888.6,46853.0,46982.9,40288,1630367999999,1932340000.0,1204012,19637.8,942219000.0
1630368000000,46982.9,48246.1,46700.0,47100.9,48646,1630454399999,2303800000.0,1300400,24426.2,1156880000.0
1630454400000,47100.9,49156.0,46512.0,48810.5,49905,1630540799999,2386070000.0,1280384,25102.4,1200480000.0
1630540800000,48810.5,50450.1,48584.1,49246.6,54411,1630627199999,2704190000.0,1549849,28351.8,1409410000.0
1630627200000,49246.6,51000.0,48316.8,49999.1,59026,1630713599999,2949570000.0,1645163,29625.4,1481240000.0
1630713600000,49998.0,50535.7,49370.0,49915.6,34665,1630799999999,1733530000.0,1225830,16739.7,837225000.0
1630800000000,49917.5,51900.0,49450.0,51756.9,40545,1630886399999,2049210000.0,1417660,21557.2,1090240000.0
1630886400000,51756.9,52780.0,50969.3,52663.9,49250,1630972799999,2549290000.0,1678015,24620.4,1274640000.0
1630972800000,52666.2,52920.0,42843.1,46863.7,123049,1631059199999,6004110000.0,3321711,57935.6,2832270000.0
1631059200000,46868.6,47341.0,44412.0,46048.3,65069,1631145599999,3000610000.0,1796101,31796.7,1466540000.0
1631145600000,46048.3,47400.0,45513.1,46395.1,50652,1631231999999,2351860000.0,1567586,24183.4,1122990000.0
1631232000000,46395.1,47033.0,44132.3,44850.9,49048,1631318399999,2243700000.0,1569941,24358.6,1114490000.0
1631318400000,44842.2,45987.9,44722.2,45173.7,30440,1631404799999,1380370000.0,1060890,14804.3,671123000.0
1631404800000,45173.7,46460.0,44742.1,46025.2,32094,1631491199999,1464780000.0,1179808,15735.5,718436000.0
1631491200000,46025.2,46880.0,43370.0,44940.7,65429,1631577599999,2930670000.0,1703512,32041.1,1435590000.0
1631577600000,44940.7,47250.0,44594.4,47111.5,44856,1631663999999,2072260000.0,1210258,22182.5,1025160000.0
1631664000000,47103.3,48500.0,46682.3,48121.4,43205,1631750399999,2057000000.0,1176050,20903.5,995198000.0
1631750400000,48121.4,48557.0,47021.1,47737.8,40725,1631836799999,1948450000.0,1176129,19907.8,952503000.0
1631836800000,47737.8,48150.0,46699.6,47300.0,34462,1631923199999,1637120000.0,1033968,16599.5,788563000.0
1631923200000,47300.0,48843.2,47035.6,48292.7,30906,1632009599999,1491460000.0,976346,15219.9,734476000.0
1632009600000,48292.8,48372.8,46829.2,47241.8,29847,1632095999999,1421640000.0,909785,14346.8,683250000.0
1632096000000,47241.8,47347.2,42500.0,43015.6,78004,1632182399999,3457140000.0,1842231,36108.4,1600110000.0
1632182400000,43016.6,43639.0,39600.0,40734.4,84534,1632268799999,3552000000.0,1820721,38942.7,1637800000.0
1632268800000,40734.1,44000.6,40565.4,43543.6,58349,1632355199999,2482640000.0,1304011,29321.5,1248030000.0
1632355200000,43546.4,44978.0,43069.1,44865.3,48700,1632441599999,2147210000.0,1196106,24503.0,1080400000.0
1632441600000,44865.3,45200.0,40675.0,42810.6,84113,1632527999999,3596720000.0,1819744,41952.8,1794510000.0
1632528000000,42810.6,42966.8,41646.3,42670.6,33595,1632614399999,1428240000.0,949787,16555.7,703948000.0
1632614400000,42670.6,43950.0,40750.0,43160.9,49880,1632700799999,2124660000.0,1374145,24762.7,1055230000.0
1632700800000,43160.9,44350.0,42098.0,42147.4,39777,1632787199999,1728910000.0,1001487,19307.9,839586000.0
1632787200000,42147.4,42787.4,40888.0,41026.5,43372,1632873599999,1816310000.0,1045389,20710.1,867307000.0
1632873600000,41025.0,42590.0,40753.9,41524.3,33512,1632959999999,1399630000.0,884909,16338.4,682466000.0
1632960000000,41524.3,44141.4,41410.2,43824.1,46381,1633046399999,2005490000.0,1197815,23348.9,1009690000.0
1633046400000,43820.0,48495.0,43283.0,48141.6,66245,1633132799999,3076090000.0,1771237,34156.9,1585410000.0
1633132800000,48141.6,48336.6,47430.2,47634.9,30509,1633219199999,1459060000.0,996116,15180.5,726008000.0
1633219200000,47634.9,49228.1,47088.0,48200.0,30825,1633305599999,1482760000.0,1114294,15426.8,742443000.0
1633305600000,48200.0,49536.1,46891.0,49224.9,46796,1633391999999,2258460000.0,1437692,23032.5,1112230000.0
1633392000000,49224.9,51886.3,49022.4,51472.0,52126,1633478399999,2618100000.0,1641651,26687.4,1341050000.0
1633478400000,51472.0,55750.0,50382.4,55315.0,79878,1633564799999,4236930000.0,2443126,40664.0,2158330000.0
1633564800000,55315.0,55332.3,53357.0,53785.2,54917,1633651199999,2983140000.0,1703147,26485.9,1438830000.0
1633651200000,53785.2,56100.0,53617.6,53951.4,46160,1633737599999,2522090000.0,1548832,22643.2,1237800000.0
1633737600000,53955.7,55489.0,53661.7,54949.7,55177,1633823999999,3024860000.0,1609483,27686.7,1518040000.0
1633824000000,54949.7,56561.3,54080.0,54659.0,89238,1633910399999,4923960000.0,2427176,44656.9,2464420000.0
1633910400000,54659.0,57839.0,54415.1,57471.4,52933,1633996799999,2994670000.0,1690409,26858.8,1519830000.0
1633996800000,57471.4,57680.0,53879.0,55996.9,53471,1634083199999,3017210000.0,1554412,26157.4,1477080000.0
1634083200000,55996.9,57777.0,54167.2,57367.0,55808,1634169599999,3123310000.0,1610489,27985.1,1566810000.0
1634169600000,57370.8,58532.5,56818.1,57347.9,43053,1634255999999,2481920000.0,1372048,21940.3,1265140000.0
1634256000000,57347.9,62933.0,56850.0,61672.4,82513,1634342399999,4959390000.0,2649137,43913.7,2638970000.0
1634342400000,61672.4,62378.4,60150.0,60875.6,35468,1634428799999,2173370000.0,1360379,17286.5,1059540000.0
1634428800000,60875.6,61718.4,58963.0,61528.3,39099,1634515199999,2371700000.0,1331655,19289.9,1170520000.0
1634515200000,61528.3,62695.8,59844.4,62009.8,51798,1634601599999,3195090000.0,1629184,25859.1,1595450000.0
1634601600000,62005.6,64486.0,61322.2,64280.6,53628,1634687999999,3370860000.0,1755708,27436.5,1724670000.0
1634688000000,64280.6,67000.0,63481.4,66001.4,51429,1634774399999,3362880000.0,1823286,27624.0,1806650000.0
1634774400000,66001.4,66639.7,62000.0,62193.1,68539,1634860799999,4407760000.0,2181665,32008.5,2060110000.0
1634860800000,62193.1,63732.4,60000.0,60688.2,52119,1634947199999,3229380000.0,1555280,25440.7,1576810000.0
1634947200000,60688.2,61747.6,59562.1,61286.8,27627,1635033599999,1686120000.0,982103,13352.6,815307000.0
1635033600000,61286.8,61500.0,59510.6,60852.2,31227,1635119999999,1889690000.0,1052085,15682.2,949151000.0
1635120000000,60852.2,63710.6,60650.0,63078.8,36854,1635206399999,2309340000.0,1270453,18577.3,1164150000.0
1635206400000,63078.8,63293.5,59817.6,60328.8,40218,1635292799999,2492610000.0,1334460,18699.3,1160290000.0
1635292800000,60328.8,61496.0,58000.0,58413.4,62124,1635379199999,3688310000.0,1913083,29983.4,1780490000.0
1635379200000,58413.4,62499.0,57820.0,60575.9,61056,1635465599999,3677630000.0,1878275,30447.4,1835340000.0
1635465600000,60575.9,62980.0,60174.8,62253.7,43974,1635551999999,2706090000.0,1417344,22262.9,1370330000.0
1635552000000,62253.7,62359.2,60673.0,61859.2,31478,1635638399999,1937860000.0,1197748,15583.5,959369000.0
1635638400000,61859.2,62405.3,59945.4,61299.8,39268,1635724799999,2396560000.0,1563417,19362.1,1181450000.0
1635724800000,61299.8,62437.7,59405.0,60911.1,44688,1635811199999,2737280000.0,1472636,22140.0,1356680000.0
1635811200000,60911.1,64270.0,60624.7,63220.0,46368,1635897599999,2909220000.0,1858362,23852.1,1496450000.0
1635897600000,63220.6,63500.0,60382.8,62896.5,43336,1635983999999,2713390000.0,1601925,20662.3,1294310000.0
1635984000000,62896.5,63086.3,60677.0,61395.0,35931,1636070399999,2218140000.0,1346081,17843.4,1101750000.0
1636070400000,61395.0,62595.7,60721.0,60937.1,31604,1636156799999,1943350000.0,1243074,15769.2,969781000.0
1636156800000,60940.2,61560.5,60050.0,61470.6,25591,1636243199999,1556770000.0,965309,12511.5,761294000.0
1636243200000,61470.6,63286.4,61322.8,63273.6,25516,1636329599999,1585740000.0,1068629,13567.1,843384000.0
1636329600000,63273.6,67789.0,63273.6,67525.8,54442,1636415999999,3575720000.0,2349581,28879.2,1897320000.0
1636416000000,67525.8,68524.2,66222.4,66947.7,44661,1636502399999,3014330000.0,1847655,22243.2,1501550000.0
1636502400000,66947.7,69000.0,62822.9,64882.4,65172,1636588799999,4335580000.0,2347934,31344.7,2088310000.0
1636588800000,64882.4,65600.1,64100.0,64774.3,37238,1636675199999,2415540000.0,1327827,18589.5,1205890000.0
1636675200000,64774.2,65450.7,62278.0,64122.2,44490,1636761599999,2844290000.0,1479149,21028.5,1344880000.0
1636761600000,64122.2,65000.0,63360.2,64380.0,22505,1636847999999,1442440000.0,904149,11094.1,711146000.0
1636848000000,64380.0,65550.5,63576.3,65519.1,25705,1636934399999,1658470000.0,951393,12629.8,815040000.0
1636934400000,65519.1,66401.8,63400.0,63606.7,37829,1637020799999,2460920000.0,1305209,19160.5,1247280000.0
1637020800000,63606.7,63617.3,58574.1,60058.9,77455,1637107199999,4705740000.0,2353681,36375.3,2209840000.0
1637107200000,60058.9,60840.2,58373.0,60344.9,46289,1637193599999,2767800000.0,1471305,22545.2,1348540000.0
1637193600000,60344.9,60976.0,56474.3,56891.6,62147,1637279999999,3644820000.0,1960419,29742.2,1745200000.0
1637280000000,56891.6,58320.0,55600.0,58052.2,50716,1637366399999,2896190000.0,1560459,24072.3,1374770000.0
1637366400000,58057.1,59845.0,57353.0,59707.5,33812,1637452799999,1982720000.0,1200190,16682.3,978340000.0
1637452800000,59707.5,60029.8,58486.6,58622.0,31902,1637539199999,1886580000.0,1249219,14949.1,884084000.0
1637539200000,58617.7,59444.0,55610.0,56247.2,51724,1637625599999,2968620000.0,1624768,24835.0,1425670000.0
1637625600000,56243.8,58010.0,55317.0,57541.3,49918,1637711999999,2837210000.0,1570845,25217.7,1433170000.0
1637712000000,57541.3,57735.0,55837.0,57138.3,39612,1637798399999,2246370000.0,1432991,19625.1,1113180000.0
1637798400000,57138.3,59398.9,57000.0,58960.4,42154,1637884799999,2455660000.0,1604266,21112.8,1230020000.0
1637884800000,58960.4,59150.0,53500.0,53726.5,65928,1637971199999,3649350000.0,2138184,31287.5,1731970000.0
1637971200000,53723.7,55280.0,53610.0,54721.0,29717,1638057599999,1623170000.0,1110145,14462.9,790192000.0
1638057600000,54716.5,57445.1,53256.6,57274.9,36164,1638143999999,1982200000.0,1253408,18520.7,1016070000.0
1638144000000,57274.9,58866.0,56666.7,57776.2,40125,1638230399999,2313370000.0,1349625,19520.2,1125240000.0
1638230400000,57776.2,59177.0,55875.6,56950.6,49161,1638316799999,2823640000.0,1587472,23867.8,1371720000.0
1638316800000,56950.6,59053.6,56458.0,57184.1,44957,1638403199999,2584930000.0,1442301,21501.3,1236410000.0
1638403200000,57184.1,57375.5,55777.8,56480.3,37574,1638489599999,2127110000.0,1307890,18375.5,1040370000.0
1638489600000,56484.3,57600.0,51680.0,53601.1,58928,1638575999999,3246200000.0,1865063,27287.3,1505560000.0
1638576000000,53601.1,53859.1,42000.3,49152.5,114203,1638662399999,5495710000.0,3362771,52876.6,2544630000.0
1638662400000,49152.5,49699.1,47727.2,49396.3,45581,1638748799999,2231490000.0,1371839,22420.9,1097790000.0
1638748800000,49396.3,50891.1,47100.0,50441.9,58571,1638835199999,2851530000.0,1741956,28820.3,1403460000.0
1638835200000,50441.9,51936.3,50039.7,50588.9,38253,1638921599999,1950570000.0,1212350,18679.1,952551000.0
1638921600000,50588.9,51200.0,48600.0,50471.2,38426,1639007999999,1925460000.0,1118225,18126.8,908411000.0
1639008000000,50471.2,50797.8,47320.0,47545.6,37693,1639094399999,1841470000.0,1130599,18097.1,884083000.0
1639094400000,47535.9,50125.0,46852.0,47140.5,44234,1639180799999,2135020000.0,1215231,21144.0,1021000000.0
1639180800000,47140.5,49485.7,46751.0,49390.0,28889,1639267199999,1397520000.0,957390,14452.3,699252000.0
1639267200000,49390.0,50777.0,48638.0,50053.9,26018,1639353599999,1292320000.0,863605,13266.0,658923000.0
1639353600000,50053.9,50190.0,45672.8,46702.8,50870,1639439999999,2423890000.0,1399599,23487.0,1119970000.0
1639440000000,46702.8,48700.4,46290.0,48343.3,39956,1639526399999,1887430000.0,1194992,20010.8,945501000.0
1639526400000,48336.9,49500.0,46547.0,48865.0,51629,1639612799999,2487010000.0,1438176,25861.2,1246100000.0
1639612800000,48865.0,49436.4,47511.0,47632.4,31950,1639699199999,1551200000.0,1023983,15281.9,742115000.0
1639699200000,47632.4,47996.0,45456.0,46131.2,43104,1639785599999,2015970000.0,1261780,19846.8,928666000.0
1639785600000,46133.8,47392.4,45500.0,46834.5,25020,1639871999999,1165210000.0,862066,12635.5,588649000.0
1639872000000,46834.5,48300.0,46406.9,46681.2,29306,1639958399999,1384960000.0,874827,14646.8,692560000.0
1639958400000,46681.2,47537.6,45558.9,46914.2,35849,1640044799999,1663360000.0,1076488,17666.3,819818000.0
1640044800000,46914.2,49329.0,46630.0,48889.9,37714,1640131199999,1827230000.0,1119412,19356.3,937648000.0
1640131200000,48887.6,49576.1,48421.9,48588.2,27004,1640217599999,1322420000.0,949480,13402.5,656467000.0
1640217600000,48588.2,51375.0,47920.4,50838.8,35193,1640303999999,1738130000.0,1176050,17397.7,859605000.0
1640304000000,50838.8,51810.0,50384.4,50820.0,31685,1640390399999,1618090000.0,1075177,15108.4,771557000.0
1640390400000,50820.0,51156.2,50142.3,50399.7,19136,1640476799999,971491000.0,766979,9928.3,504103000.0
1640476800000,50399.7,51280.0,49412.0,50775.5,22570,1640563199999,1132200000.0,797133,11285.7,566375000.0
1640563200000,50775.5,52088.0,50449.0,50701.4,28792,1640649599999,1472070000.0,1009411,14436.1,738369000.0
1640649600000,50701.4,50704.1,47313.0,47543.7,45853,1640735999999,2242100000.0,1345774,21743.2,1063170000.0
1640736000000,47543.7,48139.1,46097.0,46464.7,39499,1640822399999,1873790000.0,1114074,19089.6,905970000.0
1640822400000,46464.7,47900.0,45900.0,47120.9,30352,1640908799999,1428760000.0,910157,14886.5,700792000.0
1640908800000,47120.9,48548.3,45678.0,46216.9,34938,1640995199999,1650720000.0,1059783,17315.5,818332000.0
1640995200000,46216.9,47954.6,46208.4,47722.6,19604,1641081599999,924155000.0,714899,9942.37,468739000.0
1641081600000,47722.7,47990.0,46654.0,47286.2,18340,1641167999999,866611000.0,709624,9166.47,433182000.0
1641168000000,47286.2,47570.0,45696.0,46446.1,27662,1641254399999,1292200000.0,885624,13524.8,631879000.0
1641254400000,46446.1,47557.5,45500.0,45832.0,35491,1641340799999,1649170000.0,1021815,17689.3,821725000.0
1641340800000,45832.0,47070.0,42500.0,43451.1,51784,1641427199999,2334290000.0,1478532,23553.0,1063290000.0
1641427200000,43451.1,43816.0,42430.6,43082.3,38880,1641513599999,1674470000.0,1150707,19268.8,829887000.0
1641513600000,43082.3,43145.8,40610.0,41566.5,54837,1641599999999,2293850000.0,1406635,26519.4,1109740000.0
1641600000000,41566.5,42300.0,40501.0,41679.7,32953,1641686399999,1367230000.0,1021908,16462.5,683156000.0
1641686400000,41679.7,42786.7,41200.0,41864.6,22724,1641772799999,952830000.0,752733,11399.8,478047000.0
1641772800000,41864.6,42248.5,39650.0,41822.5,50729,1641859199999,2088110000.0,1250983,24654.5,1015940000.0
1641859200000,41822.5,43100.0,41268.9,42729.3,37296,1641945599999,1574800000.0,1015526,18522.0,782176000.0
1641945600000,42729.3,44322.0,42450.0,43902.7,33943,1642031999999,1470910000.0,1023902,17584.3,762206000.0
1642032000000,43902.6,44500.0,42311.2,42560.1,34911,1642118399999,1515940000.0,1036234,17175.4,746075000.0
1642118400000,42558.4,43448.8,41725.9,43060.0,32641,1642204799999,1392000000.0,946938,15434.2,658472000.0
1642204800000,43060.0,43800.0,42555.0,43084.3,21936,1642291199999,946488000.0,752688,11133.2,480516000.0
1642291200000,43084.3,43475.0,42581.8,43071.7,20602,1642377599999,887203000.0,732171,10052.2,432900000.0
1642377600000,43071.7,43176.2,41540.4,42201.6,27562,1642463999999,1169380000.0,918029,13448.5,570690000.0
1642464000000,42201.6,42691.0,41250.0,42352.1,29324,1642550399999,1228460000.0,905061,14527.8,608579000.0
1642550400000,42352.1,42559.1,41138.6,41660.0,31686,1642636799999,1327480000.0,924528,15603.7,653808000.0
1642636800000,41660.0,43505.0,40553.3,40680.9,42330,1642723199999,1784800000.0,1098761,20201.5,852630000.0
1642723200000,40680.9,41100.0,35440.4,36445.3,88861,1642809599999,3405500000.0,2092561,41615.1,1595830000.0
1642809600000,36445.3,36835.2,34008.0,35071.4,90471,1642895999999,3207530000.0,2099978,42722.3,1514030000.0
1642896000000,35071.4,36499.0,34601.0,36244.6,44280,1642982399999,1572410000.0,1142407,22841.4,811502000.0
1642982400000,36244.6,37550.0,32917.2,36660.4,91905,1643068799999,3192040000.0,1999352,46469.3,1615890000.0
1643068800000,36660.4,37545.1,35701.0,36958.3,49232,1643155199999,1799220000.0,1248246,24988.4,913198000.0
1643155200000,36958.3,38920.0,36234.6,36809.3,69830,1643241599999,2627490000.0,1584468,35240.3,1326480000.0
1643241600000,36807.2,37234.5,35507.0,37160.1,53021,1643327999999,1925920000.0,1308408,26750.9,971816000.0
1643328000000,37160.1,38000.0,36155.0,37716.6,42154,1643414399999,1560200000.0,1061101,21496.5,795848000.0
1643414400000,37716.6,38720.7,37268.4,38166.8,26129,1643500799999,989652000.0,816601,13292.4,503624000.0
1643500800000,38166.8,38359.3,37351.6,37881.8,21431,1643587199999,812750000.0,698593,10798.4,409621000.0
1643587200000,37881.8,38744.0,36632.6,38466.9,36855,1643673599999,1386750000.0,936014,18422.3,693360000.0
1643673600000,38466.9,39265.2,38000.0,38694.6,34574,1643759999999,1334270000.0,917617,17731.0,684447000.0
1643760000000,38694.6,38855.9,36586.9,36896.4,35795,1643846399999,1353090000.0,907905,17251.4,652533000.0
1643846400000,36896.4,37387.0,36250.0,37311.6,32081,1643932799999,1179500000.0,848961,16468.1,605530000.0
1643932800000,37312.0,41772.3,37026.7,41574.2,64704,1644019199999,2526570000.0,1380724,33053.7,1291950000.0
1644019200000,41571.7,41913.7,40843.0,41382.6,32532,1644105599999,1349810000.0,1006352,16566.1,687353000.0
1644105600000,41382.6,42656.0,41116.6,42380.9,22405,1644191999999,934169000.0,788291,11546.4,481653000.0
1644192000000,42380.9,44500.5,41645.9,43840.0,51061,1644278399999,2204520000.0,1473274,25457.8,1099940000.0
1644278400000,43840.0,45492.0,42666.0,44043.0,64880,1644364799999,2847490000.0,1653350,33004.1,1448180000.0
1644364800000,44043.0,44799.0,43117.9,44372.7,34428,1644451199999,1512500000.0,1066395,17115.6,752211000.0
1644451200000,44372.7,45821.0,43174.0,43495.4,62357,1644537599999,2772190000.0,1541483,30323.1,1348870000.0
1644537600000,43495.4,43920.0,41938.5,42373.7,44975,1644623999999,1937870000.0,1169354,22063.8,950914000.0
1644624000000,42373.7,43079.5,41688.9,42217.9,26557,1644710399999,1123140000.0,830322,12814.6,542062000.0
1644710400000,42217.9,42760.0,41870.0,42053.7,17732,1644796799999,750533000.0,624898,8333.13,352742000.0
1644796800000,42053.6,42842.4,41550.6,42535.9,34010,1644883199999,1436930000.0,867622,16912.8,714599000.0
1644883200000,42535.9,44751.4,42427.0,44544.9,38095,1644969599999,1672860000.0,990694,19180.3,842363000.0
1644969600000,44544.9,44550.0,43307.0,43873.6,28472,1645055999999,1250970000.0,823745,14106.7,619774000.0
1645056000000,43873.6,44164.7,40073.2,40515.7,47246,1645142399999,1993400000.0,1067658,21468.6,906038000.0
1645142400000,40515.7,40959.9,39450.0,39974.4,43846,1645228799999,1765620000.0,1025882,20609.1,829953000.0
1645228800000,39974.4,40444.3,39639.0,40079.2,18042,1645315199999,721961000.0,586653,8374.97,335210000.0
1645315200000,40079.2,40125.4,38000.0,38386.9,33439,1645401599999,1293220000.0,811235,15338.3,592897000.0
1645401600000,38386.9,39494.4,36800.0,37008.2,62348,1645487999999,2382030000.0,1352290,30617.1,1170270000.0
1645488000000,37008.2,38429.0,36350.0,38230.3,53786,1645574399999,2010630000.0,1212527,27322.7,1021950000.0
1645574400000,38230.3,39249.9,37036.8,37250.0,43561,1645660799999,1665490000.0,1030872,21450.0,820640000.0
1645660800000,37250.0,39843.0,34322.3,38327.2,120476,1645747199999,4335110000.0,2622780,60103.1,2164380000.0
1645747200000,38328.7,39683.5,38014.4,39219.2,56575,1645833599999,2197890000.0,1408558,29904.0,1161440000.0
1645833600000,39219.2,40348.4,38573.2,39116.7,29361,1645919999999,1152620000.0,924257,14658.9,575852000.0
1645920000000,39116.7,39855.7,37000.0,37699.1,46229,1646006399999,1780510000.0,1265753,21789.2,840142000.0
1646006400000,37699.1,44225.8,37450.2,43160.0,73946,1646092799999,2975160000.0,1931087,38543.8,1553140000.0
1646092800000,43160.0,44949.0,42810.0,44421.2,61743,1646179199999,2701610000.0,1866871,30937.5,1353520000.0
1646179200000,44421.2,45400.0,43334.1,43893.0,57783,1646265599999,2550790000.0,1653131,28624.1,1264170000.0
1646265600000,43893.0,44101.1,41832.3,42454.0,50941,1646351999999,2192150000.0,1289320,24438.4,1051970000.0
1646352000000,42454.0,42527.3,38550.0,39148.7,61965,1646438399999,2527000000.0,1465066,29322.6,1196440000.0
1646438400000,39148.6,39613.2,38407.6,39398.0,30363,1646524799999,1187690000.0,879727,14846.6,580820000.0
1646524800000,39398.0,39693.9,38088.6,38420.8,39677,1646611199999,1542260000.0,986352,19055.2,740741000.0
1646611200000,38420.8,39547.6,37155.0,37988.0,63994,1646697599999,2449360000.0,1456041,31641.5,1211100000.0
1646697600000,37988.0,39362.1,37867.6,38730.6,55583,1646783999999,2149650000.0,1271128,27964.1,1081520000.0
1646784000000,38730.6,42594.1,38656.4,41941.7,67393,1646870399999,2797240000.0,1570230,34598.3,1435300000.0
1646870400000,41941.7,42039.6,38539.7,39422.0,71963,1646956799999,2854310000.0,1512655,33804.3,1340240000.0
1646956800000,39422.0,40236.3,38223.6,38729.6,59019,1647043199999,2305830000.0,1252571,29148.0,1139090000.0
1647043200000,38729.6,39486.7,38660.5,38807.4,24034,1647129599999,939663000.0,671733,11869.9,464114000.0
1647129600000,38807.4,39310.0,37578.5,37777.3,32792,1647215999999,1268440000.0,841844,15150.3,586406000.0
1647216000000,37777.4,39947.1,37555.0,39671.4,46945,1647302399999,1821920000.0,1114899,24146.8,937313000.0
1647302400000,39671.4,39887.6,38098.3,39280.3,46016,1647388799999,1796570000.0,1060517,22657.9,885084000.0
1647388800000,39280.3,41718.0,38828.5,41114.0,88121,1647475199999,3552560000.0,2051837,44119.7,1779530000.0
1647475200000,41114.0,41478.8,40500.0,40917.9,37189,1647561599999,1521080000.0,935784,18581.0,760016000.0
1647561600000,40917.9,42325.0,40135.0,41757.5,45408,1647647999999,1862340000.0,1065054,22374.9,918116000.0
1647648000000,41757.5,42400.0,41499.3,42201.1,29067,1647734399999,1216710000.0,801197,14463.1,605481000.0
1647734400000,42201.1,42296.3,40911.0,41262.1,30653,1647820799999,1273880000.0,799695,14636.7,608328000.0
1647820800000,41262.1,41544.2,40467.9,41002.2,39426,1647907199999,1618790000.0,947206,19079.4,783366000.0
1647907200000,41002.3,43361.0,40875.5,42364.1,59455,1647993599999,2525980000.0,1367343,30215.5,1283330000.0
1647993600000,42364.1,43026.0,41751.5,42882.8,40829,1648079999999,1725790000.0,916671,20211.3,854480000.0
1648080000000,42882.8,44220.9,42560.5,43991.5,56195,1648166399999,2436260000.0,1202541,27963.1,1212350000.0
1648166400000,43991.5,45094.1,43579.0,44313.2,54614,1648252799999,2421150000.0,1141588,27819.3,1233480000.0
1648252800000,44313.2,44793.0,44072.0,44511.3,23042,1648339199999,1022800000.0,693647,11422.6,507080000.0
1648339200000,44511.3,46999.0,44421.5,46827.8,41875,1648425599999,1907020000.0,1135096,21674.8,987241000.0
1648425600000,46827.8,48189.8,46663.6,47122.2,58949,1648511999999,2789900000.0,1498975,29097.8,1377280000.0
1648512000000,47122.2,48096.5,46950.9,47434.8,36772,1648598399999,1748600000.0,1095678,18192.4,865179000.0
1648598400000,47434.8,47700.2,46445.4,47068.0,40947,1648684799999,1932150000.0,1081607,20896.4,985947000.0
1648684800000,47068.0,47600.0,45200.0,45510.3,48645,1648771199999,2262490000.0,1290541,22879.5,1064280000.0
1648771200000,45510.4,46720.1,44200.0,46283.5,56271,1648857599999,2556530000.0,1372216,28041.4,1274360000.0
1648857600000,46283.5,47213.0,45620.0,45811.0,37074,1648943999999,1721690000.0,1056716,18562.9,862198000.0
1648944000000,45811.0,47444.1,45530.9,46407.4,33395,1649030399999,1551000000.0,966563,16740.2,777616000.0
1649030400000,46407.4,46890.7,45118.0,46580.5,44642,1649116799999,2053430000.0,1171998,21913.0,1008160000.0
1649116800000,46580.5,47200.0,45353.8,45497.6,42193,1649203199999,1951670000.0,1046080,20607.6,953495000.0
1649203200000,45497.5,45507.1,43121.0,43170.5,60849,1649289599999,2700640000.0,1471912,29467.3,1307730000.0
1649289600000,43170.5,43901.0,42727.4,43444.2,37397,1649375999999,1623880000.0,999816,18567.3,806359000.0
1649376000000,43444.2,43970.6,42107.1,42252.0,42375,1649462399999,1830700000.0,1108136,20530.6,887197000.0
1649462400000,42252.0,42800.0,42125.5,42754.0,17892,1649548799999,759275000.0,640230,8910.47,378158000.0
1649548800000,42754.0,43410.3,41868.0,42158.9,22771,1649635199999,971460000.0,678983,10952.2,467439000.0
1649635200000,42158.9,42414.7,39200.0,39530.4,63560,1649721599999,2602040000.0,1385924,30543.1,1251710000.0
1649721600000,39530.4,40699.0,39254.6,40074.9,57751,1649807999999,2309510000.0,1153667,28345.0,1133660000.0
1649808000000,40074.9,41561.3,39588.5,41147.8,41342,1649894399999,1677170000.0,948061,20522.5,832653000.0
1649894400000,41147.8,41500.0,39551.9,39942.4,36807,1649980799999,1494730000.0,803756,17787.8,722217000.0
1649980800000,39942.4,40870.4,39766.4,40551.9,24026,1650067199999,966888000.0,616536,11755.5,473100000.0
1650067200000,40551.9,40709.4,39991.6,40378.7,15805,1650153599999,638276000.0,423446,7642.38,308642000.0
1650153600000,40378.7,40595.7,39546.2,39678.1,19988,1650239999999,803414000.0,590241,9578.92,385125000.0
1650240000000,39678.1,41116.7,38536.5,40801.1,54243,1650326399999,2153570000.0,1157741,27097.2,1076510000.0
1650326400000,40801.1,41760.0,40571.0,41493.2,35789,1650412799999,1472360000.0,934526,17806.8,732539000.0
1650412800000,41493.2,42199.0,40820.0,41358.2,40877,1650499199999,1697040000.0,1063843,20007.3,830755000.0
1650499200000,41358.2,42976.0,39751.0,40480.0,59316,1650585599999,2476060000.0,1515456,29413.9,1228430000.0
1650585600000,40480.0,40795.1,39177.0,39709.2,46664,1650671999999,1870170000.0,1043471,23248.7,931655000.0
1650672000000,39709.2,39980.0,39285.0,39441.6,20291,1650758399999,804677000.0,724132,10217.2,405193000.0
1650758400000,39441.6,39940.0,38929.6,39450.1,26704,1650844799999,1056340000.0,868183,12639.7,500130000.0
1650844800000,39450.1,40616.0,38200.0,40426.1,63037,1650931199999,2470070000.0,1280351,31958.4,1252790000.0
1650931200000,40426.1,40797.3,37702.3,38112.6,66650,1651017599999,2615210000.0,1381618,31936.9,1253690000.0
1651017600000,38112.6,39474.7,37881.3,39235.7,57083,1651103999999,2218520000.0,1232083,28942.1,1124750000.0
1651104000000,39235.7,40372.6,38881.4,39742.1,56087,1651190399999,2223810000.0,1135242,28519.5,1130870000.0
1651190400000,39742.1,39925.2,38175.0,38596.1,51454,1651276799999,2006140000.0,1101140,24773.6,966126000.0
1651276800000,38596.1,38795.4,37578.2,37630.8,35321,1651363199999,1354900000.0,1017369,16523.4,634076000.0
1651363200000,37630.8,38675.0,37386.4,38468.4,38812,1651449599999,1478260000.0,1021157,19551.1,744826000.0
1651449600000,38468.4,39167.3,38052.0,38525.2,53201,1651535999999,2058450000.0,1053893,27276.3,1055370000.0
1651536000000,38525.2,38651.5,37517.8,37728.9,40316,1651622399999,1539320000.0,1005131,20002.8,764017000.0
1651622400000,37728.9,40023.8,37670.0,39690.0,62575,1651708799999,2438550000.0,1238847,32968.2,1284540000.0
1651708800000,39690.0,39845.5,35571.9,36553.0,88722,1651795199999,3329680000.0,1979692,41786.4,1568950000.0
1651795200000,36553.0,36675.6,35258.0,36013.8,68438,1651881599999,2466510000.0,1214518,34536.4,1245060000.0
1651881600000,36013.8,36146.3,34785.0,35472.4,34282,1651967999999,1222540000.0,746488,15385.2,548855000.0
1651968000000,35472.4,35514.2,33713.9,34038.4,72446,1652054399999,2498370000.0,1301451,32350.0,1115550000.0
1652054400000,34038.4,34243.1,30033.3,30076.3,191877,1652140799999,6166370000.0,2564538,86539.0,2781050000.0
1652140800000,30074.2,32659.0,29730.4,31017.1,165532,1652227199999,5179860000.0,2470325,73691.2,2307180000.0
1652227200000,31017.1,32162.6,27785.0,29103.9,207064,1652313599999,6300300000.0,3559270,99622.1,3036300000.0
1652313600000,29103.9,30243.0,26700.0,29029.8,204507,1652399999999,5795450000.0,3951233,101465.0,2877460000.0
1652400000000,29029.7,31083.4,28751.7,29287.1,97872,1652486399999,2956860000.0,2051900,48827.7,1475640000.0
1652486400000,29287.1,30343.3,28630.0,30086.7,51096,1652572799999,1501480000.0,1204626,25908.2,761546000.0
1652572800000,30086.7,31460.0,29480.0,31328.9,46276,1652659199999,1401500000.0,1016769,24163.4,732333000.0
1652659200000,31328.9,31328.9,29087.0,29874.0,73082,1652745599999,2185570000.0,1561954,36284.1,1085180000.0
1652745600000,29874.0,30788.4,29450.4,30444.9,56724,1652831999999,1715110000.0,1175382,28600.4,865032000.0
1652832000000,30444.9,30710.0,28654.5,28715.3,59749,1652918399999,1762840000.0,1379212,29501.8,870623000.0
1652918400000,28715.3,30545.2,28691.4,30319.2,67877,1653004799999,2014360000.0,1860780,35339.7,1049160000.0
1653004800000,30319.2,30777.3,28730.0,29201.0,60517,1653091199999,1800590000.0,1694004,30890.4,919468000.0
1653091200000,29201.0,29656.2,28947.3,29445.1,20987,1653177599999,616195000.0,643486,10558.9,310046000.0
1653177600000,29445.1,30488.0,29255.1,30293.9,36159,1653263999999,1082530000.0,862880,18538.1,555044000.0
1653264000000,30293.9,30670.5,28866.3,29109.2,63901,1653350399999,1914310000.0,1328317,30476.7,913814000.0
1653350400000,29109.1,29845.9,28669.0,29654.6,59443,1653436799999,1740260000.0,946421,29480.1,863517000.0
1653436800000,29654.6,30223.7,29294.2,29542.2,59537,1653523199999,1771710000.0,985440,28847.0,858587000.0
1653523200000,29542.1,29886.6,28019.6,29201.3,94582,1653609599999,2759060000.0,1431112,45206.9,1319430000.0
1653609600000,29201.3,29397.7,28282.9,28629.8,90999,1653695999999,2626520000.0,1321406,43590.1,1258910000.0
1653696000000,28629.8,29266.0,28450.0,29031.3,34479,1653782399999,994674000.0,684423,17561.2,506633000.0
1653782400000,29031.3,29587.8,28839.2,29468.1,27567,1653868799999,804778000.0,635311,13735.4,401057000.0
1653868800000,29468.1,32222.0,29299.6,31734.2,96786,1653955199999,2980530000.0,1380410,45024.5,1384940000.0
1653955200000,31734.2,32399.0,31200.0,31801.0,62433,1654041599999,1981260000.0,1161340,30047.0,953575000.0
1654041600000,31801.1,31983.0,29301.0,29805.8,103396,1654127999999,3171190000.0,1404611,47614.8,1460770000.0
1654128000000,29805.8,30689.0,29594.6,30452.6,56961,1654214399999,1711650000.0,1086183,28555.1,858193000.0
1654214400000,30452.6,30699.0,29282.4,29700.2,54067,1654300799999,1615620000.0,993769,26583.3,794355000.0
1654300800000,29700.2,29988.9,29485.0,29864.0,25618,1654387199999,760874000.0,618037,12971.7,385358000.0
1654387200000,29864.0,30189.0,29531.4,29919.2,23140,1654473599999,691202000.0,604680,11753.5,351151000.0
1654473600000,29919.2,31765.6,29890.2,31373.1,68837,1654559999999,2149500000.0,1124745,34225.5,1068380000.0
1654560000000,31373.1,31589.6,29219.0,31125.3,110675,1654646399999,3347400000.0,1743957,54831.5,1661150000.0
1654646400000,31125.3,31327.2,29843.9,30204.8,68543,1654732799999,2087270000.0,1236327,32668.4,995180000.0
1654732800000,30204.8,30700.0,29944.1,30109.9,46291,1654819199999,1399840000.0,841562,23082.3,697949000.0
1654819200000,30109.9,30382.8,28850.0,29091.9,76204,1654905599999,2255870000.0,1258608,35502.2,1050880000.0
1654905600000,29091.9,29440.4,28100.0,28424.7,65901,1654991999999,1892010000.0,1084163,31848.3,914365000.0
1654992000000,28424.7,28545.0,26560.0,26574.5,92475,1655078399999,2551770000.0,1451271,43538.8,1201390000.0
1655078400000,26574.5,26895.8,21925.8,22487.4,254611,1655164799999,6192250000.0,3261484,121399.0,2953980000.0
1655164800000,22485.3,23362.9,20846.0,22136.4,187202,1655251199999,4136110000.0,2583151,92764.7,2051110000.0
1655251200000,22136.4,22800.0,20111.6,22583.7,200774,1655337599999,4249280000.0,2847831,98340.1,2083010000.0
1655337600000,22583.7,22995.7,20232.0,20401.3,99674,1655423999999,2130040000.0,1690477,48048.9,1027310000.0
1655424000000,20400.6,21365.4,20246.7,20468.8,86694,1655510399999,1796580000.0,1352992,43066.9,892584000.0
1655510400000,20468.8,20792.1,17622.0,18970.8,196442,1655596799999,3726640000.0,2467372,96560.0,1833510000.0
1655596800000,18970.8,20815.9,17960.4,20574.0,128321,1655683199999,2487560000.0,1950660,65871.8,1277950000.0
1655683200000,20574.0,21090.0,19637.0,20573.9,109029,1655769599999,2220400000.0,1639448,54047.8,1100880000.0
1655769600000,20573.9,21723.0,20348.4,20723.5,104371,1655855999999,2198600000.0,1515321,52193.3,1099450000.0
1655856000000,20723.5,20900.0,19770.5,19988.0,92134,1655942399999,1872200000.0,1394981,44907.3,912711000.0
1655942400000,19988.0,21233.0,19890.1,21110.1,83127,1656028799999,1710690000.0,1207858,42716.8,879244000.0
1656028800000,21110.1,21558.4,20736.7,21237.7,77430,1656115199999,1635130000.0,1309709,38582.4,815027000.0
1656115200000,21237.7,21614.5,20906.6,21491.2,51432,1656201599999,1093870000.0,874540,25240.2,536863000.0
1656201600000,21491.2,21888.0,20964.7,21038.1,53278,1656287999999,1139260000.0,885306,26051.2,557193000.0
1656288000000,21038.1,21539.8,20510.0,20742.6,64475,1656374399999,1354370000.0,1002214,31992.5,672191000.0
1656374400000,20742.6,21212.1,20202.0,20281.3,63801,1656460799999,1321860000.0,1064497,30490.8,631852000.0
1656460800000,20281.3,20432.3,19854.9,20123.0,77309,1656547199999,1556550000.0,1210636,37814.1,761473000.0
1656547200000,20123.0,20179.1,18626.0,19942.2,93847,1656633599999,1808990000.0,1438163,45448.0,876021000.0
1656633600000,19942.2,20918.3,18975.0,19279.8,111845,1656719999999,2197020000.0,1668363,56417.6,1108490000.0
1656720000000,19279.8,19467.4,18977.0,19252.8,46180,1656806399999,888416000.0,833508,23693.9,455851000.0
1656806400000,19252.8,19647.6,18781.0,19315.8,51087,1656892799999,980256000.0,880786,25362.0,486753000.0
1656892800000,19315.8,20354.0,19055.3,20236.7,74814,1656979199999,1470990000.0,1282843,38543.7,758242000.0
1656979200000,20236.7,20750.0,19304.4,20175.8,96041,1657065599999,1919950000.0,1612273,48358.5,967110000.0
1657065600000,20175.8,20675.2,19761.2,20564.5,82440,1657151999999,1665480000.0,1472221,41580.7,840151000.0
1657152000000,20564.5,21838.1,20251.7,21625.0,85015,1657238399999,1783220000.0,1653722,42731.5,896703000.0
1657238400000,21625.0,22527.4,21189.3,21594.8,403082,1657324799999,8781330000.0,4358216,201798.0,4396550000.0
1657324800000,21594.8,21980.0,21322.1,21591.8,178418,1657411199999,3857190000.0,3524386,89418.0,1933130000.0
1657411200000,21592.2,21607.7,20655.0,20862.5,192188,1657497599999,4062790000.0,3434401,95376.8,2016290000.0
1657497600000,20861.1,20868.5,19875.2,19963.6,137535,1657583999999,2813720000.0,3232941,66869.5,1368290000.0
1657584000000,19963.6,20059.4,19240.0,19328.8,139506,1657670399999,2754220000.0,3626399,67681.1,1336340000.0
1657670400000,19331.3,20366.6,18910.9,20234.9,209250,1657756799999,4096310000.0,4789109,103667.0,2029860000.0
1657756800000,20234.9,20900.0,19616.1,20588.8,174809,1657843199999,3526210000.0,4576355,87993.1,1775440000.0
1657843200000,20588.8,21200.0,20382.3,20830.0,143343,1657929599999,2984340000.0,4411375,71354.9,1485930000.0
1657929600000,20830.0,21588.9,20478.6,21195.6,121012,1658015999999,2539620000.0,3723401,61225.5,1285100000.0
1658016000000,21195.6,21684.5,20750.0,20798.2,118229,1658102399999,2511250000.0,4261057,59551.0,1265040000.0
1658102400000,20799.6,22777.6,20762.4,22432.6,239943,1658188799999,5263400000.0,6564387,122398.0,2685270000.0
1658188800000,22432.6,23800.0,21579.5,23396.6,263771,1658275199999,5954420000.0,6488375,132874.0,2999610000.0
1658275200000,23398.5,24276.7,22906.2,23223.3,238762,1658361599999,5631800000.0,6364038,119821.0,2826790000.0
1658361600000,23223.3,23442.8,22341.5,23152.2,184818,1658447999999,4232410000.0,4808194,92958.8,2128900000.0
1658448000000,23152.2,23756.5,22500.0,22684.8,171598,1658534399999,3981390000.0,4745582,85027.0,1973170000.0
1658534400000,22684.8,23000.8,21934.6,22451.1,122138,1658620799999,2745260000.0,3762227,61569.9,1383870000.0
1658620800000,22448.6,23014.6,22257.2,22579.7,115190,1658707199999,2610820000.0,3671238,58087.0,1316720000.0
1658707200000,22577.1,22666.0,21250.0,21310.9,180345,1658793599999,3954000000.0,4807238,88021.9,1930050000.0
1658793600000,21310.9,21347.8,20706.5,21254.7,177817,1658879999999,3738770000.0,4545385,87353.5,1836820000.0
1658880000000,21254.7,23112.6,21042.5,22952.4,210971,1658966399999,4614910000.0,5475738,106519.0,2330760000.0
1658966400000,22954.3,24199.7,22582.1,23842.9,236029,1659052799999,5511390000.0,6500034,118171.0,2759520000.0
1659052800000,23845.2,24442.7,23414.0,23773.8,198299,1659139199999,4733780000.0,6221401,100166.0,2391310000.0
1659139200000,23777.3,24668.0,23502.2,23643.5,151060,1659225599999,3634600000.0,4801528,75778.6,1823460000.0
1659225600000,23644.6,24194.8,23227.3,23293.3,127743,1659311999999,3028390000.0,4463721,63737.4,1511330000.0
1659312000000,23296.4,23509.7,22850.0,23268.0,144210,1659398399999,3346370000.0,4775213,71458.4,1658450000.0
1659398400000,23266.9,23459.9,22654.4,22987.8,158073,1659484799999,3631020000.0,5066511,78122.1,1794830000.0
1659484800000,22985.9,23647.7,22681.2,22818.4,145949,1659571199999,3385430000.0,4887642,72355.6,1678930000.0
1659571200000,22816.9,23223.3,22400.0,22623.0,154855,1659657599999,3537430000.0,4966138,76123.8,1739250000.0
1659657600000,22622.4,23472.9,22586.9,23312.4,175252,1659743999999,4046440000.0,5340569,88240.6,2037540000.0
1659744000000,23313.6,23354.4,22909.5,22954.2,83912,1659830399999,1944690000.0,3360228,41439.0,960462000.0
1659830400000,22954.2,23402.0,22844.6,23174.4,88890,1659916799999,2051760000.0,3646643,44744.9,1032890000.0
1659916800000,23174.4,24245.0,23154.2,23810.0,170958,1660003199999,4078050000.0,5892045,85942.3,2050120000.0
1660003200000,23811.0,23933.2,22865.0,23149.9,143183,1660089599999,3347110000.0,5105613,70598.8,1650310000.0
1660089600000,23151.3,24226.0,22664.7,23954.1,208917,1660175999999,4918830000.0,6818207,105047.0,2473680000.0
1660176000000,23954.1,24918.5,23852.1,23934.4,249760,1660262399999,6097810000.0,8269994,125002.0,3051730000.0
1660262400000,23933.1,24456.5,23583.0,24403.7,174208,1660348799999,4175830000.0,6134163,87283.3,2092460000.0
1660348800000,24401.7,24888.0,24291.2,24441.4,152852,1660435199999,3751420000.0,5617859,76352.5,1873990000.0
1660435200000,24443.1,25047.6,24144.0,24305.2,151206,1660521599999,3708570000.0,5473905,75297.0,1847150000.0
1660521600000,24305.2,25211.3,23773.2,24094.8,242540,1660607999999,5894070000.0,7488466,120284.0,2923410000.0
1660608000000,24093.0,24247.5,23671.2,23854.7,179325,1660694399999,4294910000.0,5978567,89812.6,2151240000.0
1660694400000,23856.2,24446.7,23180.4,23342.7,210669,1660780799999,4993660000.0,6901586,105159.0,2493210000.0
1660780800000,23342.7,23600.0,23111.0,23191.2,144186,1660867199999,3375340000.0,6029662,71864.1,1682460000.0
1660867200000,23191.4,23208.7,20783.6,20834.4,283996,1660953599999,6181760000.0,8860928,139602.0,3038570000.0
1660953600000,20834.4,21382.8,20761.9,21140.1,183042,1661039999999,3871240000.0,5723362,91862.6,1943010000.0
1661040000000,21140.1,21800.0,21069.1,21515.6,159201,1661126399999,3405040000.0,5034461,80239.2,1716250000.0
1661126400000,21516.7,21548.7,20890.2,21399.8,222222,1661212799999,4721410000.0,6443370,110926.0,2356920000.0
1661212800000,21400.8,21684.9,20890.1,21529.1,200968,1661299199999,4299810000.0,6333442,101222.0,2165910000.0
1661299200000,21529.1,21900.0,21145.0,21368.1,174383,1661385599999,3744200000.0,5561412,86499.8,1857350000.0
1661385600000,21368.1,21819.9,21310.2,21559.0,169916,1661471999999,3672150000.0,5618785,84555.1,1827390000.0
1661472000000,21559.0,21886.8,20107.9,20241.1,273812,1661558399999,5785150000.0,7587244,135781.0,2869440000.0
1661558400000,20239.1,20402.9,19800.0,20037.6,162582,1661644799999,3269760000.0,5263328,80923.0,1627550000.0
1661644800000,20037.6,20171.2,19520.0,19555.6,139308,1661731199999,2781130000.0,4678693,69363.5,1384970000.0
1661731200000,19555.6,20433.6,19550.8,20285.7,210509,1661817599999,4211330000.0,5840323,105810.0,2116900000.0
1661817600000,20287.2,20576.2,19540.0,19811.7,256634,1661903999999,5157980000.0,6593178,126919.0,2551090000.0
1661904000000,19813.0,20490.0,19797.9,20050.0,276947,1661990399999,5595830000.0,6389133,140474.0,2838460000.0
1661990400000,20048.4,20208.4,19565.7,20131.5,245290,1662076799999,4893160000.0,5937975,121158.0,2417160000.0
1662076800000,20132.6,20441.3,19755.3,19951.9,245987,1662163199999,4946890000.0,5740705,122617.0,2466030000.0
1662163200000,19951.0,20055.9,19652.7,19831.9,146639,1662249599999,2908820000.0,3739909,72556.8,1439330000.0
1662249600000,19832.4,20029.2,19583.1,20000.3,145589,1662335999999,2883230000.0,3838915,72789.3,1441740000.0
1662336000000,20000.3,20057.3,19633.8,19796.8,222543,1662422399999,4404970000.0,4657233,110786.0,2193010000.0
1662422400000,19795.3,20180.0,18649.5,18790.6,356315,1662508799999,6976810000.0,7124384,175782.0,3443140000.0
1662508800000,18790.6,19464.1,18510.8,19292.8,287395,1662595199999,5436830000.0,5597127,142701.0,2700090000.0
1662595200000,19292.8,19458.2,19012.0,19319.8,262813,1662681599999,5057220000.0,6013826,131429.0,2529250000.0
1662681600000,19320.5,21597.2,19291.8,21360.1,428920,1662767999999,8929830000.0,7777214,217979.0,4537140000.0
1662768000000,21361.6,21810.8,21111.1,21648.3,307997,1662854399999,6589750000.0,5615783,154171.0,3299000000.0
1662854400000,21647.2,21860.0,21350.0,21826.9,280703,1662940799999,6064640000.0,4801844,141172.0,3050250000.0
1662940800000,21826.9,22488.0,21538.5,22395.7,395396,1663027199999,8743760000.0,6979539,199490.0,4411480000.0
1663027200000,22395.4,22799.0,19860.0,20173.6,431915,1663113599999,9302240000.0,8126869,217145.0,4679540000.0
1663113600000,20173.6,20541.5,19617.6,20226.7,340826,1663199999999,6886240000.0,6313052,169671.0,3428400000.0
1663200000000,20227.2,20330.2,19497.0,19701.9,333070,1663286399999,6655260000.0,6690974,165653.0,3310220000.0
1663286400000,19701.9,19890.0,19320.0,19803.3,283791,1663372799999,5584010000.0,5120935,141085.0,2776290000.0
1663372800000,19803.3,20189.0,19748.1,20113.6,179350,1663459199999,3578670000.0,3862666,89621.6,1788390000.0
1663459200000,20112.6,20117.3,19335.6,19416.2,254217,1663545599999,5033970000.0,4634096,124481.0,2465060000.0
1663545600000,19417.4,19686.2,18232.6,19537.0,380512,1663631999999,7215200000.0,6820580,189241.0,3589310000.0
1663632000000,19537.0,19634.6,18711.9,18875.0,324098,1663718399999,6206040000.0,5900070,160716.0,3077610000.0
1663718400000,18874.3,19956.0,18126.0,18461.4,385034,1663804799999,7338670000.0,6907777,190299.0,3628360000.0
1663804800000,18461.4,19550.2,18356.4,19401.6,379322,1663891199999,7203740000.0,6251862,190987.0,3627120000.0
1663891200000,19401.6,19500.0,18531.4,19289.9,385887,1663977599999,7330340000.0,5906265,194842.0,3701390000.0
1663977600000,19288.6,19316.1,18805.3,18920.5,239497,1664063999999,4568930000.0,3907636,120501.0,2298980000.0
1664064000000,18922.0,19180.2,18629.2,18807.4,191191,1664150399999,3625140000.0,3714450,94989.4,1801230000.0
1664150400000,18809.1,19319.0,18680.7,19227.8,439239,1664236799999,8356950000.0,5837041,220623.0,4198010000.0
1664236800000,19226.7,20385.9,18816.3,19079.1,593261,1664323199999,11705800000.0,8152473,296728.0,5856650000.0
1664323200000,19078.1,19790.0,18471.3,19412.8,521385,1664409599999,9964460000.0,7357437,260944.0,4988230000.0
1664409600000,19412.8,19645.5,18843.0,19591.5,406425,1664495999999,7868790000.0,5631615,203188.0,3934340000.0
1664496000000,19590.5,20185.0,19155.4,19422.6,444323,1664582399999,8694130000.0,6254203,220030.0,4304850000.0
1664582400000,19422.6,19484.0,19159.4,19310.9,165625,1664668799999,3200350000.0,2470590,82734.2,1598690000.0
1664668800000,19312.2,19395.9,18920.3,19056.8,206812,1664755199999,3970720000.0,3320217,102972.0,1977190000.0
1664755200000,19057.7,19719.1,18959.7,19629.1,293586,1664841599999,5672110000.0,4471910,147384.0,2847850000.0
1664841600000,19629.1,20475.0,19490.6,20337.8,327012,1664927999999,6533430000.0,4871932,165646.0,3309940000.0
1664928000000,20337.8,20365.6,19730.0,20158.3,312240,1665014399999,6275440000.0,4540004,155249.0,3120340000.0
1665014400000,20158.3,20456.6,19853.0,19960.7,320122,1665100799999,6452890000.0,5085004,161558.0,3256880000.0
1665100800000,19960.7,20068.8,19320.0,19530.1,220875,1665187199999,4353680000.0,4324772,109800.0,2164490000.0
1665187200000,19530.1,19627.4,19237.1,19418.0,102480,1665273599999,1995920000.0,2637385,50775.1,988953000.0
1665273600000,19416.5,19558.0,19316.0,19439.0,113901,1665359999999,2215010000.0,2833704,57166.3,1111740000.0
1665360000000,19440.0,19525.0,19020.2,19131.9,212509,1665446399999,4101750000.0,4432688,104849.0,2023910000.0
1665446400000,19131.9,19268.1,18860.0,19060.0,243474,1665532799999,4642840000.0,4792106,121219.0,2311680000.0
1665532800000,19060.0,19238.3,18965.9,19155.5,213826,1665619199999,4086900000.0,4556597,106609.0,2037740000.0
1665619200000,19155.1,19513.8,18190.0,19375.1,399757,1665705599999,7554310000.0,7470896,199869.0,3777960000.0
1665705600000,19375.6,19951.9,19070.4,19176.9,351634,1665791999999,6877620000.0,6688310,175798.0,3438780000.0
1665792000000,19176.9,19227.7,18975.2,19069.4,113848,1665878399999,2178320000.0,3052219,56109.0,1073640000.0
1665878400000,19068.4,19425.8,19063.7,19263.0,131895,1665964799999,2531550000.0,3438605,66536.8,1277130000.0
1665964800000,19263.0,19677.0,19152.0,19549.9,222814,1666051199999,4331670000.0,5162979,111854.0,2174640000.0
1666051200000,19548.5,19706.7,19091.0,19327.4,260313,1666137599999,5065950000.0,5588482,129478.0,2520040000.0
1666137600000,19327.4,19360.2,19066.0,19124.0,186137,1666223999999,3575040000.0,4545820,92346.1,1773770000.0
1666224000000,19123.3,19347.8,18900.0,19041.9,223530,1666310399999,4276030000.0,5391090,110662.0,2117090000.0
1666310400000,19041.9,19250.0,18650.0,19164.4,269311,1666396799999,5126620000.0,5679281,133589.0,2543270000.0
1666396800000,19164.4,19257.0,19112.7,19204.3,110404,1666483199999,2117400000.0,2887106,54134.1,1038230000.0
1666483200000,19204.3,19695.0,19070.1,19570.4,167057,1666569599999,3233390000.0,3939703,84465.8,1635060000.0
1666569600000,19570.4,19601.2,19157.0,19329.7,256168,1666655999999,4957160000.0,5676899,126809.0,2453990000.0
1666656000000,19330.6,20415.9,19237.0,20080.1,326371,1666742399999,6454150000.0,7214687,163351.0,3230610000.0
1666742400000,20079.0,21020.0,20050.4,20771.6,380493,1666828799999,7833550000.0,8512349,190913.0,3930270000.0
1666828800000,20771.6,20872.2,20200.0,20295.1,328644,1666915199999,6771210000.0,7748080,163139.0,3361630000.0
1666915200000,20295.1,20750.0,20000.1,20591.8,287040,1667001599999,5849600000.0,6638096,143078.0,2915980000.0
1667001600000,20591.8,21085.0,20554.0,20809.7,254882,1667087999999,5303040000.0,6255599,127942.0,2662030000.0
1667088000000,20809.7,20931.2,20515.0,20627.5,192796,1667174399999,3994390000.0,4920007,96047.9,1990080000.0
1667174400000,20627.5,20845.9,20237.9,20490.7,303568,1667260799999,6226300000.0,6571526,151222.0,3101780000.0
1667260800000,20490.7,20700.0,20330.7,20483.6,279932,1667347199999,5740100000.0,5971938,139278.0,2856020000.0
1667347200000,20482.8,20800.0,20048.0,20151.8,373716,1667433599999,7633400000.0,7431698,185786.0,3795160000.0
1667433600000,20151.8,20393.3,20031.2,20207.8,319185,1667519999999,6461670000.0,6948227,159940.0,3237970000.0
1667520000000,20207.1,21302.1,20181.0,21148.5,453694,1667606399999,9409860000.0,9249613,227404.0,4716670000.0
1667606400000,21148.5,21480.7,21080.7,21299.4,245622,1667692799999,5240400000.0,5570832,123030.0,2624930000.0
1667692800000,21299.4,21365.3,20886.1,20905.6,230037,1667779199999,4877540000.0,5268210,114034.0,2418050000.0
1667779200000,20905.6,21069.8,20384.9,20591.1,386978,1667865599999,8035050000.0,8344242,191603.0,3978530000.0
1667865600000,20590.7,20700.9,17166.8,18547.2,760705,1667951999999,14758400000.0,14530601,374776.0,7271200000.0
1667952000000,18545.4,18587.8,15588.0,15922.8,731927,1668038399999,12737700000.0,13605474,358703.0,6245800000.0
1668038400000,15922.7,18199.0,15754.3,17601.2,608448,1668124799999,10323300000.0,12719887,302899.0,5141660000.0
1668124800000,17602.4,17695.0,16361.6,17070.3,393553,1668211199999,6725270000.0,9900073,197415.0,3374090000.0
1668211200000,17070.0,17119.1,16631.4,16812.1,167820,1668297599999,2827930000.0,5046837,83267.9,1403240000.0
1668297600000,16813.2,16954.3,16229.0,16329.8,184961,1668383999999,3074280000.0,5382834,91914.4,1527840000.0
1668384000000,16331.8,17190.0,15815.2,16619.5,380211,1668470399999,6273920000.0,9215128,189502.0,3127500000.0
1668470400000,16617.7,17134.7,16527.7,16900.6,282462,1668556799999,4758550000.0,7200265,141016.0,2375750000.0
1668556800000,16900.6,17015.9,16378.6,16662.8,261493,1668643199999,4362540000.0,6297404,129645.0,2162760000.0
1668643200000,16661.6,16751.0,16410.7,16692.6,228039,1668729599999,3785200000.0,5352083,113347.0,1881540000.0
1668729600000,16692.6,17011.0,16546.0,16700.4,214224,1668815999999,3588470000.0,5114799,106366.0,1781850000.0
1668816000000,16699.4,16822.4,16553.5,16700.7,104963,1668902399999,1747630000.0,3142123,52397.3,872445000.0
1668902400000,16700.7,16753.3,16180.0,16280.2,154842,1668988799999,2561170000.0,4557344,75959.1,1256440000.0
1668988800000,16279.5,16319.0,15476.0,15781.3,324097,1669075199999,5188800000.0,7440871,159995.0,2561910000.0
1669075200000,15781.3,16315.0,15616.6,16226.9,239548,1669161599999,3823610000.0,6276097,119384.0,1905920000.0
1669161600000,16228.0,16706.0,16160.2,16603.1,264928,1669247999999,4368040000.0,6260616,132804.0,2189680000.0
1669248000000,16603.1,16812.6,16458.1,16598.9,206566,1669334399999,3431720000.0,5031851,103203.0,1714660000.0
1669334400000,16599.6,16666.0,16342.8,16522.1,182089,1669420799999,3003550000.0,4396465,90187.6,1487720000.0
1669420800000,16521.3,16702.0,16385.0,16458.6,181805,1669507199999,3011990000.0,3817130,89646.2,1485220000.0
1669507200000,16457.6,16600.0,16401.0,16428.8,162025,1669593599999,2679050000.0,3362221,80097.0,1324410000.0
1669593600000,16428.8,16487.0,15995.3,16212.9,252695,1669679999999,4096400000.0,5570407,125767.0,2038830000.0
1669680000000,16212.2,16548.7,16100.0,16442.5,248106,1669766399999,4072650000.0,5206638,123715.0,2030830000.0
1669766400000,16442.9,17249.0,16428.3,17163.6,303020,1669852799999,5123600000.0,6519330,151765.0,2566040000.0
1669852800000,17165.5,17324.0,16855.0,16977.4,232818,1669939199999,3972610000.0,5097720,116019.0,1979690000.0
1669939200000,16978.0,17105.7,16787.8,17092.7,202372,1670025599999,3432390000.0,4305515,99556.1,1688510000.0
1670025600000,17092.1,17189.0,16858.7,16885.2,154543,1670111999999,2622500000.0,3308694,76214.6,1293350000.0
1670112000000,16885.2,17202.8,16878.2,17105.7,178619,1670198399999,3040020000.0,3948990,89359.4,1520950000.0
1670198400000,17106.7,17424.2,16867.0,16966.3,233703,1670284799999,4015330000.0,5138207,115508.0,1984550000.0
1670284800000,16966.3,17107.0,16906.4,17089.0,218731,1670371199999,3717930000.0,4416864,108450.0,1843470000.0
1670371200000,17089.0,17142.2,16678.8,16836.6,220657,1670457599999,3723210000.0,4284989,107803.0,1819000000.0
1670457600000,16836.6,17299.0,16733.5,17224.1,236418,1670543999999,4009430000.0,4520282,117239.0,1988380000.0
1670544000000,17224.1,17360.0,17058.2,17128.6,238422,1670630399999,4097970000.0,4282003,118032.0,2028740000.0
1670630400000,17128.6,17227.7,17092.0,17127.5,140574,1670716799999,2411930000.0,3032257,70355.3,1207130000.0
1670716800000,17127.5,17271.0,17071.0,17085.1,155286,1670803199999,2663690000.0,3260722,77740.4,1333500000.0
1670803200000,17085.1,17241.9,16871.8,17209.8,226227,1670889599999,3844790000.0,4463916,112287.0,1908400000.0
1670889600000,17208.9,18000.0,17080.1,17774.7,284463,1670975999999,4983900000.0,6242080,143923.0,2521690000.0
1670976000000,17775.8,18387.9,17660.9,17803.2,266681,1671062399999,4779920000.0,5743730,133308.0,2389610000.0
1671062400000,17804.0,17854.8,17275.5,17356.3,223702,1671148799999,3923380000.0,4789226,110194.0,1932610000.0
1671148800000,17357.0,17531.7,16527.3,16632.1,253379,1671235199999,4308930000.0,5703001,123375.0,2098190000.0
1671235200000,16631.5,16796.8,16579.8,16776.5,144826,1671321599999,2417850000.0,3905843,72289.7,1206890000.0
1671321600000,16777.5,16863.3,16663.1,16738.2,112619,1671407999999,1884670000.0,3369193,55539.1,929480000.0
1671408000000,16739.0,16816.0,16256.3,16438.9,179094,1671494399999,2981090000.0,4681887,87610.2,1458310000.0
1671494400000,16438.9,17061.3,16397.2,16895.6,248809,1671580799999,4177000000.0,5945803,124217.0,2085420000.0
1671580800000,16896.2,16925.0,16723.0,16824.7,156811,1671667199999,2638530000.0,4375570,77675.4,1307020000.0
1671667200000,16824.7,16868.5,16559.8,16821.4,176044,1671753599999,2949610000.0,4678640,87573.9,1467280000.0
1671753600000,16821.9,16955.1,16731.1,16778.5,161612,1671839999999,2720020000.0,4561020,81034.2,1363870000.0
1671840000000,16778.5,16870.0,16776.6,16836.1,100224,1671926399999,1686760000.0,3076985,49578.2,834395000.0
1671926400000,16835.7,16858.0,16721.0,16832.1,125441,1672012799999,2108860000.0,3570157,62073.5,1043560000.0
1672012800000,16832.1,16944.5,16791.0,16919.4,124564,1672099199999,2099040000.0,3915571,61741.2,1040420000.0
1672099200000,16919.4,16972.8,16592.4,16706.4,173750,1672185599999,2918380000.0,5047628,86096.6,1446100000.0
1672185600000,16706.1,16785.2,16465.3,16547.3,193038,1672271999999,3210890000.0,5465468,96118.2,1598770000.0
1672272000000,16547.3,16664.4,16488.9,16633.5,160998,1672358399999,2671670000.0,4553877,80977.6,1343800000.0
1672358400000,16633.5,16677.3,16333.0,16607.5,164916,1672444799999,2726830000.0,4310415,82170.5,1358630000.0
1672444800000,16607.5,16644.1,16470.0,16542.4,114490,1672531199999,1897050000.0,3344374,57021.1,944834000.0
1672531200000,16541.8,16628.0,16499.0,16616.8,96925,1672617599999,1604790000.0,3218355,48548.8,803842000.0
1672617600000,16617.2,16799.2,16548.7,16672.9,121889,1672703999999,2034680000.0,4036118,60925.3,1017070000.0
1672704000000,16672.8,16778.4,16605.3,16675.2,159542,1672790399999,2662770000.0,5097596,79595.8,1328470000.0
1672790400000,16675.7,16991.9,16652.7,16850.4,220362,1672876799999,3709830000.0,6310703,109747.0,1847620000.0
1672876800000,16850.4,16879.8,16753.0,16831.8,163474,1672963199999,2751080000.0,4842014,80959.6,1362470000.0
1672963200000,16831.8,17041.0,16679.0,16950.7,207401,1673049599999,3490310000.0,5388661,103320.0,1738830000.0
1673049600000,16950.3,16981.9,16908.0,16943.6,104527,1673135999999,1770200000.0,3227161,51624.8,874295000.0
1673136000000,16943.8,17177.0,16911.0,17127.8,135156,1673222399999,2291930000.0,4036092,67200.6,1139650000.0
1673222400000,17127.8,17398.8,17104.7,17178.3,266212,1673308799999,4590280000.0,6327667,131749.0,2271680000.0
1673308800000,17179.0,17499.0,17146.3,17440.7,221382,1673395199999,3829250000.0,5448751,109377.0,1892000000.0
1673395200000,17440.6,18000.0,17315.6,17943.3,262222,1673481599999,4586970000.0,5627464,129945.0,2273370000.0
1673481600000,17943.3,19117.0,17892.1,18846.6,454568,1673567999999,8348430000.0,8911373,227295.0,4174810000.0
1673568000000,18846.6,20000.0,18714.1,19930.0,368616,1673654399999,7061630000.0,8021774,183449.0,3515300000.0
1673654400000,19930.0,21258.0,19888.1,20954.9,393914,1673740799999,8183070000.0,8659545,197818.0,4109570000.0
1673740800000,20952.8,21050.7,20551.0,20871.5,178542,1673827199999,3710530000.0,5194354,88310.8,1835440000.0
1673827200000,20873.0,21474.1,20611.5,21185.7,293078,1673913599999,6168650000.0,6856434,145353.0,3059600000.0
1673913600000,21185.7,21647.4,20841.3,21134.8,275408,1673999999999,5840590000.0,6440138,137122.0,2908230000.0
1674000000000,21132.3,21650.0,20407.2,20677.5,350916,1674086399999,7399720000.0,7617173,173174.0,3652040000.0
1674086400000,20677.5,21192.0,20659.2,21071.6,251386,1674172799999,5243020000.0,5819932,124924.0,2605630000.0
1674172800000,21071.6,22755.9,20861.3,22667.2,338079,1674259199999,7256170000.0,7382435,170200.0,3654040000.0
1674259200000,22666.0,23371.8,22422.0,22783.6,346445,1674345599999,7938940000.0,7796520,172663.0,3956920000.0
1674345600000,22783.3,23078.7,22292.4,22707.9,253578,1674431999999,5775550000.0,6603827,125843.0,2866410000.0
1674432000000,22706.0,23180.0,22500.0,22916.4,293588,1674518399999,6704190000.0,7258655,145855.0,3330930000.0
1674518400000,22917.8,23162.2,22462.9,22632.9,293159,1674604799999,6721430000.0,7395584,144240.0,3307410000.0
1674604800000,22631.9,23816.7,22300.0,23060.9,346043,1674691199999,7875590000.0,8060446,172648.0,3929820000.0
1674691200000,23060.4,23282.5,22850.0,23009.7,288924,1674777599999,6664590000.0,7181086,143185.0,3303060000.0
1674777600000,23009.7,23500.0,22534.9,23074.2,280834,1674863999999,6461710000.0,7079096,139699.0,3214620000.0
1674864000000,23074.2,23189.0,22878.5,23022.6,148116,1674950399999,3408990000.0,4181816,73861.8,1700060000.0
1674950400000,23021.4,23960.5,22967.8,23742.3,295689,1675036799999,6941920000.0,7030837,149508.0,3510030000.0
1675036800000,23743.4,23800.5,22500.0,22826.2,302406,1675123199999,7020730000.0,7790224,149097.0,3461490000.0
1675123200000,22827.4,23320.0,22714.8,23125.1,264649,1675209599999,6083860000.0,6798411,133028.0,3058370000.0
1675209600000,23125.1,23812.7,22760.2,23732.7,310790,1675295999999,7212540000.0,7863213,156108.0,3623730000.0
1675296000000,23731.4,24255.0,23363.3,23488.9,364177,1675382399999,8673700000.0,9102300,181814.0,4330720000.0
1675382400000,23489.3,23715.7,23204.6,23431.9,332571,1675468799999,7806490000.0,8007846,166143.0,3900040000.0
1675468800000,23431.9,23587.8,23254.0,23326.8,166126,1675555199999,3886780000.0,4852404,81863.9,1915440000.0
1675555200000,23327.7,23433.3,22743.0,22932.9,209251,1675641599999,4842460000.0,5903916,103885.0,2404290000.0
1675641600000,22932.9,23158.2,22628.1,22762.5,265372,1675727999999,6076050000.0,6956395,132351.0,3030470000.0
1675728000000,22762.5,23350.2,22745.8,23240.5,308007,1675814399999,7085930000.0,8293878,154613.0,3557210000.0
1675814400000,23242.4,23452.0,22665.8,22963.0,280056,1675900799999,6457590000.0,7896433,138628.0,3196780000.0
1675900800000,22961.8,23011.4,21688.0,21796.3,402895,1675987199999,9052970000.0,9784291,199310.0,4478800000.0
1675987200000,21797.8,21938.2,21451.0,21625.2,338592,1676073599999,7369460000.0,6993675,167420.0,3644090000.0
1676073600000,21625.2,21906.3,21599.8,21862.6,177022,1676159999999,3842000000.0,4207940,87938.0,1908640000.0
1676160000000,21862.0,22090.0,21630.0,21783.5,204436,1676246399999,4469820000.0,4561903,101194.0,2212550000.0
1676246400000,21782.4,21895.0,21351.1,21774.0,295731,1676332799999,6404810000.0,6503611,147221.0,3188730000.0
1676332800000,21774.6,22319.1,21532.8,22199.8,361958,1676419199999,7938390000.0,7695927,182007.0,3991900000.0
1676419200000,22199.8,24380.0,22047.3,24324.1,375669,1676505599999,8604130000.0,8335550,190798.0,4372350000.0
1676505600000,24322.9,25250.0,23505.2,23517.7,450081,1676591999999,11075000000.0,11006793,224397.0,5522890000.0
1676592000000,23517.7,25021.1,23339.4,24570.0,496813,1676678399999,11968500000.0,10895009,249088.0,6001870000.0
1676678400000,24568.2,24877.0,24430.0,24631.9,216917,1676764799999,5339920000.0,6296097,107467.0,2645650000.0
1676764800000,24632.1,25192.0,24192.6,24271.8,300396,1676851199999,7408750000.0,7660484,149680.0,3692030000.0
1676851200000,24272.5,25121.2,23840.8,24842.2,346939,1676937599999,8561230000.0,9808728,174453.0,4305470000.0
1676937600000,24843.9,25250.0,24148.3,24452.2,376001,1677023999999,9280990000.0,10712371,187030.0,4617220000.0
1677024000000,24450.7,24476.1,23574.7,24182.2,379426,1677110399999,9101750000.0,11395957,188204.0,4515000000.0
1677110400000,24182.2,24599.6,23608.0,23940.2,398400,1677196799999,9596080000.0,11396877,198081.0,4771380000.0
1677196800000,23940.2,24132.3,22841.2,23185.3,343583,1677283199999,8087520000.0,11531424,170263.0,4008150000.0
1677283200000,23184.0,23219.1,22722.0,23157.1,191312,1677369599999,4406290000.0,9124568,94440.1,2175280000.0
1677369600000,23157.1,23690.0,23059.2,23554.8,202324,1677455999999,4716160000.0,9506015,101003.0,2354570000.0
1677456000000,23554.8,23898.0,23106.8,23492.1,283706,1677542399999,6659790000.0,11754195,141360.0,3318350000.0
1677542400000,23492.1,23600.0,23021.0,23141.6,264141,1677628799999,6172930000.0,9568743,131201.0,3066250000.0
1677628800000,23141.6,24000.0,23020.0,23629.0,315287,1677715199999,7441570000.0,9390487,157962.0,3728260000.0
1677715200000,23629.8,23796.9,23195.9,23465.3,239315,1677801599999,5603770000.0,7435815,119522.0,2798800000.0
1677801600000,23465.3,23476.9,21971.1,22354.3,319954,1677887999999,7167180000.0,8214639,156827.0,3512250000.0
1677888000000,22354.3,22410.0,22157.1,22346.6,121257,1677974399999,2706420000.0,4169260,60043.3,1340200000.0
1677974400000,22346.6,22662.1,22189.2,22430.2,154842,1678060799999,3473010000.0,4835978,77394.4,1735990000.0
1678060800000,22430.2,22602.2,22258.0,22410.0,203752,1678147199999,4569100000.0,6471278,102110.0,2289890000.0
1678147200000,22409.4,22557.9,21927.0,22198.0,292520,1678233599999,6517600000.0,7813394,145499.0,3242140000.0
1678233600000,22198.6,22287.0,21580.0,21705.4,301461,1678319999999,6641170000.0,8018963,150008.0,3304860000.0
1678320000000,21704.4,21835.0,20042.7,20362.2,443658,1678406399999,9403030000.0,10076702,217901.0,4619800000.0
1678406400000,20362.2,20367.8,19549.1,20150.7,618456,1678492799999,12345000000.0,12106261,308156.0,6151480000.0
1678492800000,20150.7,20686.5,19765.0,20455.7,427832,1678579199999,8651590000.0,10412300,213151.0,4310530000.0
1678579200000,20455.7,22150.0,20270.6,21997.1,430945,1678665599999,8982420000.0,9721933,218639.0,4558130000.0
1678665600000,21998.1,24500.0,21813.9,24113.5,687889,1678751999999,15825000000.0,14820760,346688.0,7976620000.0
1678752000000,24112.3,26386.9,23976.4,24670.4,699361,1678838399999,17465300000.0,15223589,351739.0,8783920000.0
1678838400000,24670.4,25197.0,23896.9,24285.7,581451,1678924799999,14291000000.0,12613034,291193.0,7157470000.0
1678924800000,24285.7,25167.4,24123.0,24998.8,439421,1679011199999,10847300000.0,10418081,220403.0,5441430000.0
1679011200000,24998.8,27756.8,24890.0,27395.1,624461,1679097599999,16476700000.0,13113359,318023.0,8392480000.0
1679097600000,27395.1,27724.8,26578.0,26907.5,371239,1679183999999,10135900000.0,9948603,185688.0,5070480000.0
1679184000000,26907.5,28390.1,26827.2,27972.9,372067,1679270399999,10264700000.0,9578297,188151.0,5191100000.0
1679270400000,27972.9,28472.0,27124.5,27717.0,477378,1679356799999,13300400000.0,11775950,239765.0,6680710000.0
1679356800000,27717.0,28438.6,27303.1,28105.5,420930,1679443199999,11760500000.0,11530870,210472.0,5880940000.0
1679443200000,28107.8,28868.1,26601.8,27251.0,224113,1679529599999,6272100000.0,3589327,110356.0,3089590000.0
1679529600000,27251.0,28750.0,27105.0,28295.4,128650,1679615999999,3591120000.0,2159091,65172.0,1819320000.0
1679616000000,28295.4,28374.3,27000.0,27454.5,86242,1679702399999,2403440000.0,1511137,41449.6,1155150000.0
1679702400000,27454.5,27787.3,27156.1,27462.9,50844,1679788799999,1397230000.0,1088721,25326.9,696043000.0
1679788800000,27463.0,28194.4,27417.8,27968.1,49672,1679875199999,1380970000.0,1068196,25248.2,702028000.0
1679875200000,27968.1,28023.9,26508.1,27124.9,88039,1679961599999,2407130000.0,1575264,43151.9,1179910000.0
1679961600000,27124.9,27520.0,26631.8,27261.1,78602,1680047999999,2124530000.0,1521981,38972.6,1053470000.0
1680048000000,27261.1,28650.0,27240.1,28348.6,89486,1680134399999,2519890000.0,1704217,45742.1,1288220000.0
1680134400000,28348.6,29184.7,27686.0,28028.5,98865,1680220799999,2808470000.0,1843652,49100.2,1394970000.0
1680220800000,28028.5,28656.7,27511.7,28465.4,78198,1680307199999,2203250000.0,1537349,39636.5,1117180000.0
1680307200000,28465.4,28819.7,28220.3,28452.7,30238,1680393599999,860804000.0,822781,15171.4,431932000.0
1680393600000,28452.7,28530.0,27856.4,28171.9,37366,1680479999999,1053600000.0,938464,17897.0,504647000.0
1680480000000,28171.9,28501.0,27200.2,27800.0,79180,1680566399999,2214360000.0,1651062,40534.8,1133870000.0
1680566400000,27800.0,28444.4,27662.8,28165.5,49723,1680652799999,1397140000.0,1102007,25084.0,704845000.0
1680652800000,28165.5,28775.0,27805.1,28170.0,60738,1680739199999,1721100000.0,1262730,30556.9,865971000.0
1680739200000,28170.0,28182.1,27711.0,28033.8,40119,1680825599999,1122710000.0,934548,19308.6,540384000.0
1680825600000,28033.8,28100.0,27766.9,27906.3,24762,1680911999999,691324000.0,655634,11983.1,334559000.0
1680912000000,27906.3,28155.0,27859.0,27938.4,19480,1680998399999,545325000.0,624159,9729.24,272367000.0
1680998400000,27938.4,28530.0,27800.0,28323.8,32531,1681084799999,913916000.0,777589,16885.7,474454000.0
1681084800000,28323.8,29770.0,28170.0,29637.3,67754,1681171199999,1955300000.0,1285695,36147.6,1043140000.0
1681171200000,29637.3,30550.0,29590.0,30200.4,67990,1681257599999,2046080000.0,1340458,34766.9,1046250000.0
1681257600000,30200.4,30486.0,29637.4,29888.1,62049,1681343999999,1863500000.0,1246556,31136.4,935224000.0
1681344000000,29888.1,30595.0,29854.6,30373.8,51934,1681430399999,1571090000.0,1054144,26767.7,809749000.0
1681430400000,30373.8,31000.0,29966.0,30466.9,75984,1681516799999,2323270000.0,1504180,38406.6,1174370000.0
1681516800000,30466.9,30595.6,30202.0,30295.1,25430,1681603199999,772211000.0,732418,12424.3,377294000.0
1681603200000,30295.1,30550.0,30120.0,30304.7,26432,1681689599999,801323000.0,708233,13163.7,399116000.0
1681689600000,30304.7,30316.1,29240.7,29430.3,56442,1681775999999,1675290000.0,1137294,26880.2,797711000.0
1681776000000,29430.3,30485.0,29096.8,30380.0,62005,1681862399999,1861000000.0,1141562,32417.6,972770000.0
1681862400000,30380.0,30413.5,28520.0,28797.1,86575,1681948799999,2541280000.0,1699891,41467.8,1217560000.0
1681948800000,28797.1,29088.3,28010.0,28243.7,76879,1682035199999,2198850000.0,1434642,36919.6,1055950000.0
1682035200000,28243.7,28374.0,27125.0,27262.8,77685,1682121599999,2164670000.0,1463628,38419.1,1070540000.0
1682121600000,27262.8,27882.7,27140.3,27816.8,36024,1682207999999,989379000.0,859500,18612.9,511201000.0
1682208000000,27816.8,27816.8,27311.2,27590.6,34812,1682294399999,959390000.0,873485,17610.5,485329000.0
1682294400000,27590.6,28000.0,26942.8,27510.9,53112,1682380799999,1458410000.0,1211080,25641.3,704080000.0
1682380800000,27510.9,28400.0,27192.0,28300.8,52325,1682467199999,1446330000.0,1087067,26833.5,742069000.0
1682467200000,28300.8,30036.0,27235.0,28415.3,129228,1682553599999,3719700000.0,2261942,64540.6,1857700000.0
1682553600000,28415.3,29890.0,28378.9,29472.8,95431,1682639999999,2784860000.0,1990148,48602.0,1418440000.0
1682640000000,29472.8,29599.5,28891.0,29311.7,54298,1682726399999,1590680000.0,1129240,26659.2,780785000.0
1682726400000,29311.7,29448.9,29031.0,29230.4,20467,1682812799999,599467000.0,619319,10024.6,293627000.0
1682812800000,29230.4,29969.4,29079.6,29233.2,39753,1682899199999,1172160000.0,949458,19894.3,586712000.0
1682899200000,29233.2,29337.3,27666.9,28068.3,64434,1682985599999,1828220000.0,1362793,30761.9,872712000.0
1682985600000,28068.3,28879.9,27872.0,28669.9,50825,1683071999999,1441730000.0,1174697,24789.4,703207000.0
1683072000000,28669.8,29266.7,28113.7,29026.2,64616,1683158399999,1845960000.0,1502909,32291.2,922550000.0
1683158400000,29026.2,29379.8,28663.6,28838.2,42575,1683244799999,1233820000.0,961542,20470.2,593281000.0
1683244800000,28838.2,29677.0,28800.0,29505.6,58416,1683331199999,1709790000.0,1288027,29072.0,850975000.0
1683331200000,29505.6,29820.0,28300.0,28848.2,49249,1683417599999,1429520000.0,1221021,23316.0,676717000.0
1683417600000,28848.2,29138.3,28395.2,28430.1,30003,1683503999999,865839000.0,855425,14904.0,430162000.0
1683504000000,28430.1,28631.0,27262.0,27668.8,68244,1683590399999,1903050000.0,1600637,32347.6,901988000.0
1683590400000,27668.8,27818.0,27353.0,27628.3,40113,1683676799999,1106920000.0,1003698,20094.1,554562000.0
1683676800000,27628.3,28331.4,26777.0,27598.8,71155,1683763199999,1971170000.0,1534579,34398.8,953153000.0
1683763200000,27598.7,27630.1,26702.1,26968.6,47635,1683849599999,1295800000.0,1257000,23270.1,632926000.0
1683849600000,26968.6,27091.1,25811.5,26795.0,67208,1683935999999,1777050000.0,1351633,33147.3,876487000.0
1683936000000,26795.0,27045.4,26692.0,26775.3,22815,1684022399999,612063000.0,605049,10959.3,294039000.0
1684022400000,26775.3,27200.0,26560.5,26917.6,21595,1684108799999,580802000.0,629537,10672.1,287060000.0
1684108800000,26917.6,27663.6,26726.0,27162.1,40430,1684195199999,1104630000.0,935914,19301.2,527238000.0
1684195200000,27162.2,27296.9,26852.1,27033.8,33270,1684281599999,900273000.0,815642,15971.0,432214000.0
1684281600000,27033.8,27500.0,26544.7,27405.6,42959,1684367999999,1159710000.0,1016823,21634.0,584186000.0
1684368000000,27405.6,27485.3,26361.2,26821.3,49199,1684454399999,1330750000.0,1057318,23659.9,640128000.0
1684454400000,26821.3,27183.6,26630.0,26880.3,28754,1684540799999,772865000.0,756295,13622.2,366170000.0
1684540800000,26880.3,27150.0,26825.1,27102.4,14435,1684627199999,389226000.0,481382,6769.94,182563000.0
1684627200000,27102.4,27277.6,26666.0,26747.8,21348,1684713599999,575214000.0,568937,9855.44,265527000.0
1684713600000,26747.8,27099.9,26538.2,26849.3,26459,1684799999999,709595000.0,717111,12639.7,338983000.0
1684800000000,26849.3,27495.8,26798.1,27219.6,38701,1684886399999,1054570000.0,816399,18966.2,516738000.0
1684886400000,27219.6,27219.6,26080.5,26329.0,54393,1684972799999,1442640000.0,1012767,26698.9,707870000.0
1684972800000,26329.0,26632.0,25871.9,26473.8,37435,1685059199999,984118000.0,753125,17773.1,467288000.0
1685059200000,26473.8,26932.2,26327.2,26705.9,35061,1685145599999,932818000.0,655755,16507.4,439209000.0
1685145600000,26705.9,26895.0,26551.0,26854.3,15096,1685231999999,403337000.0,415694,7152.3,191117000.0
1685232000000,26854.3,28261.3,26764.4,28065.0,43916,1685318399999,1205760000.0,843861,23346.6,640870000.0
1685318400000,28065.0,28447.1,27524.6,27736.4,42385,1685404799999,1182680000.0,805579,20199.9,563722000.0
1685404800000,27736.4,28038.6,27554.0,27694.4,32687,1685491199999,908654000.0,745633,15196.5,422439000.0
1685491200000,27694.4,27835.5,26839.0,27210.3,46589,1685577599999,1265950000.0,908537,21962.7,596494000.0
1685577600000,27210.4,27350.0,26605.1,26817.9,39218,1685663999999,1055130000.0,814389,18620.7,500961000.0
1685664000000,26817.9,27300.0,26505.0,27242.6,36381,1685750399999,983857000.0,811087,18134.7,490485000.0
1685750400000,27242.6,27333.3,26914.9,27069.2,16595,1685836799999,450589000.0,466520,7745.79,210328000.0
1685836800000,27069.2,27455.0,26951.0,27115.2,19258,1685923199999,523747000.0,504474,9511.72,258700000.0
1685923200000,27115.2,27129.3,25388.0,25728.2,65806,1686009599999,1722670000.0,1420829,30583.4,799867000.0
1686009600000,25728.2,27355.3,25351.0,27230.1,68393,1686095999999,1797640000.0,1345725,35083.8,922716000.0
1686096000000,27230.1,27391.8,26125.0,26339.3,59619,1686182399999,1589290000.0,1311928,28095.5,749083000.0
1686182400000,26339.3,26810.0,26210.0,26498.6,31076,1686268799999,823024000.0,848252,14614.6,387106000.0
1686268800000,26498.6,26783.3,26269.9,26477.8,27935,1686355199999,741158000.0,746911,12757.1,338455000.0
1686355200000,26477.8,26533.9,25358.0,25841.2,64945,1686441599999,1673800000.0,1713871,31558.1,813190000.0
1686441600000,25841.2,26206.9,25634.7,25925.6,30014,1686527999999,776111000.0,833902,14266.1,368954000.0
1686528000000,25925.5,26106.5,25602.1,25905.2,29901,1686614399999,773304000.0,858037,14220.0,367771000.0
1686614400000,25905.2,26433.2,25712.6,25934.2,41066,1686700799999,1068990000.0,1007138,20120.3,523777000.0
1686700800000,25934.2,26098.0,24820.6,25128.6,45077,1686787199999,1152810000.0,957418,20726.1,530122000.0
1686787200000,25128.6,25759.0,24800.0,25598.5,48665,1686873599999,1224440000.0,943268,24035.8,604884000.0
1686873600000,25598.5,26518.0,25175.6,26345.0,51597,1686959999999,1335160000.0,926194,24055.7,622526000.0
1686960000000,26345.0,26840.0,26181.0,26517.0,27842,1687046399999,738492000.0,666967,13843.7,367249000.0
1687046400000,26517.0,26700.0,26255.8,26340.0,21538,1687132799999,571013000.0,555956,10367.1,274864000.0
1687132800000,26340.0,27068.1,26256.6,26844.3,35873,1687219199999,954194000.0,732735,17593.2,468128000.0
1687219200000,26844.3,28402.7,26652.0,28308.0,69667,1687305599999,1912800000.0,1189024,35052.6,962783000.0
1687305600000,28308.0,30800.0,28258.0,29993.9,108926,1687391999999,3210300000.0,1872873,55847.0,1646170000.0
1687392000000,29993.9,30500.0,29525.6,29884.9,59055,1687478399999,1775820000.0,1146092,27902.9,839284000.0
1687478400000,29884.9,31431.9,29800.0,30688.5,73932,1687564799999,2265080000.0,1338533,36289.3,1112440000.0
1687564800000,30688.5,30800.0,30250.0,30527.4,30513,1687651199999,933244000.0,776343,14497.6,443501000.0
1687651200000,30527.4,31046.0,30277.5,30462.7,30223,1687737599999,926317000.0,789910,14628.0,448415000.0
1687737600000,30462.7,30666.0,29930.0,30268.0,45180,1687823999999,1367840000.0,954783,22277.6,674541000.0
1687824000000,30268.0,30995.0,30226.2,30692.4,42700,1687910399999,1306210000.0,824373,21151.3,647204000.0
1687910400000,30692.4,30709.7,29858.8,30077.4,40464,1687996799999,1224100000.0,895470,19176.8,580227000.0
1687996800000,30077.4,30844.0,30050.0,30447.3,36331,1688083199999,1107940000.0,758428,17834.4,543873000.0
1688083200000,30447.3,31282.0,29500.0,30472.0,89419,1688169599999,2726360000.0,1559366,44319.8,1351740000.0
1688169600000,30472.0,30661.6,30320.6,30585.9,17502,1688255999999,533859000.0,567975,8102.14,247175000.0
1688256000000,30585.9,30791.0,30155.0,30617.0,23286,1688342399999,711031000.0,591533,10630.2,324616000.0
1688342400000,30617.0,31380.0,30570.3,31156.2,43762,1688428799999,1352640000.0,781855,20885.9,645699000.0
1688428800000,31156.2,31350.7,30620.0,30766.5,33206,1688515199999,1028790000.0,779472,14107.4,437126000.0
1688515200000,30766.5,30878.1,30200.0,30504.8,33216,1688601599999,1013690000.0,827926,15619.1,476478000.0
1688601600000,30504.8,31500.0,29850.4,29895.4,71320,1688687999999,2181760000.0,1397042,33952.6,1039140000.0
1688688000000,29895.4,30449.0,29701.0,30344.7,34071,1688774399999,1027460000.0,912948,14875.9,448639000.0
1688774400000,30344.7,30386.8,30044.5,30284.6,13095,1688860799999,395760000.0,480214,5990.91,181083000.0
1688860800000,30284.6,30445.5,30061.1,30160.7,15389,1688947199999,465782000.0,473168,7017.35,212434000.0
1688947200000,30160.7,31045.8,29950.0,30411.6,41263,1689033599999,1254290000.0,896853,19574.2,595391000.0
1689033600000,30411.6,30813.6,30300.0,30622.1,28477,1689119999999,868966000.0,691213,13670.2,417205000.0
1689120000000,30622.1,30983.2,30210.0,30380.0,38109,1689206399999,1166500000.0,784195,18251.3,558743000.0
1689206400000,30380.0,31804.2,30251.0,31454.2,70773,1689292799999,2194930000.0,1301632,36084.8,1119540000.0
1689292800000,31454.2,31630.0,29900.0,30312.0,60749,1689379199999,1869440000.0,1274387,28513.8,877642000.0
1689379200000,30312.0,30390.9,30200.0,30289.5,14119,1689465599999,427921000.0,488354,6430.55,194913000.0
1689465600000,30289.5,30441.5,30064.3,30232.0,15760,1689551999999,477189000.0,494225,7322.44,221714000.0
1689552000000,30232.0,30337.0,29659.2,30138.0,30883,1689638399999,929648000.0,816466,14352.2,432106000.0
1689638400000,30138.0,30239.8,29512.0,29859.1,30004,1689724799999,897157000.0,754775,13771.2,411749000.0
1689724800000,29859.1,30189.1,29762.0,29909.2,25657,1689811199999,769255000.0,617415,12261.0,367624000.0
1689811200000,29909.2,30417.5,29571.0,29800.0,37541,1689897599999,1125950000.0,749723,18061.3,541742000.0
1689897600000,29800.0,30061.7,29726.3,29901.7,23881,1689983999999,713123000.0,555611,11566.4,345404000.0
1689984000000,29901.7,29999.0,29625.1,29794.0,14660,1690070399999,437786000.0,423988,6725.51,200848000.0
1690070400000,29794.0,30350.0,29730.0,30083.8,18293,1690156799999,548940000.0,519434,8889.36,266761000.0
1690156800000,30083.8,30099.6,28861.9,29176.5,39629,1690243199999,1162560000.0,869107,18047.7,529389000.0
1690243200000,29176.5,29376.0,29047.7,29228.9,21566,1690329599999,629531000.0,533797,10257.3,299467000.0
1690329600000,29228.9,29690.0,29096.9,29352.0,33932,1690415999999,995569000.0,750401,15987.9,469156000.0
1690416000000,29351.9,29567.5,29083.8,29222.8,22476,1690502399999,659594000.0,583045,10385.0,304729000.0
1690502400000,29222.8,29542.2,29123.1,29314.1,23994,1690588799999,702705000.0,543177,11422.4,334589000.0
1690588800000,29314.1,29406.9,29256.2,29352.9,10851,1690675199999,318277000.0,339750,5443.09,159659000.0
1690675200000,29352.9,29449.0,29033.2,29281.1,15707,1690761599999,459830000.0,454846,7720.42,226013000.0
1690761600000,29281.1,29530.0,29101.8,29232.2,22605,1690847999999,663025000.0,563115,11029.2,323482000.0
1690848000000,29232.3,29739.2,28585.7,29706.0,44720,1690934399999,1299160000.0,900141,21831.8,634596000.0
1690934400000,29706.0,30047.5,28927.5,29186.0,48182,1691020799999,1419730000.0,945158,22953.8,676257000.0
1691020800000,29186.0,29433.3,28968.0,29193.6,26477,1691107199999,773303000.0,651970,12901.1,376857000.0
1691107200000,29193.7,29333.1,28807.5,29114.0,23552,1691193599999,686643000.0,544850,10539.6,307285000.0
1691193600000,29114.0,29152.2,28978.6,29072.1,11646,1691279999999,338479000.0,331924,5491.5,159612000.0
1691280000000,29072.1,29205.1,28991.9,29088.4,13178,1691366399999,383210000.0,338654,6471.24,188193000.0
1691366400000,29088.4,29276.8,28701.0,29211.1,30967,1691452799999,899493000.0,671438,15375.5,446703000.0
1691452800000,29211.1,30244.0,29146.4,29770.4,45701,1691539199999,1352930000.0,877168,24189.6,716161000.0
1691539200000,29770.4,30160.0,29376.7,29582.0,38004,1691625599999,1130400000.0,750252,18700.9,556446000.0
1691625600000,29582.0,29738.0,29320.2,29455.8,23463,1691711999999,692863000.0,513691,11204.1,330887000.0
1691712000000,29455.8,29564.5,29252.4,29426.0,20637,1691798399999,607176000.0,437828,9803.94,288452000.0
1691798400000,29426.0,29481.3,29381.6,29430.2,8971,1691884799999,263949000.0,310852,4181.99,123039000.0
1691884800000,29430.2,29474.7,29272.3,29303.8,11102,1691971199999,326265000.0,341726,5257.07,154502000.0
1691971200000,29303.8,29695.3,29102.4,29430.9,31443,1692057599999,924614000.0,671592,15036.1,442248000.0
1692057600000,29430.9,29499.3,29059.6,29200.0,27504,1692143999999,806684000.0,591162,12751.6,374046000.0
1692144000000,29200.0,29259.8,28723.1,28730.5,32997,1692230399999,959871000.0,768028,14761.9,429510000.0
1692230400000,28730.5,28783.5,25166.0,26623.4,100272,1692316799999,2755820000.0,1976577,47496.0,1302550000.0
1692316800000,26623.4,26832.6,25619.0,26054.0,69791,1692403199999,1834220000.0,1293122,33522.2,881096000.0
1692403200000,26054.0,26281.0,25801.1,26100.0,26161,1692489599999,680624000.0,615764,12952.3,337010000.0
1692489600000,26100.0,26299.0,25971.1,26190.0,19057,1692575999999,497881000.0,451543,9909.13,258890000.0
1692576000000,26190.0,26258.4,25812.0,26126.9,30267,1692662399999,788205000.0,565987,14052.1,365942000.0
1692662400000,26126.9,26139.4,25300.0,26056.0,34247,1692748799999,886782000.0,603624,16436.9,425662000.0
1692748800000,26056.0,26819.3,25812.8,26432.7,44024,1692835199999,1156330000.0,673711,21955.7,576734000.0
1692835200000,26432.7,26577.9,25864.0,26180.1,30205,1692921599999,792967000.0,575619,13987.9,367233000.0
1692921600000,26180.1,26314.1,25777.2,26060.0,27753,1693007999999,722611000.0,611438,13258.7,345214000.0
1693008000000,26060.0,26125.8,25985.9,26017.4,10022,1693094399999,261042000.0,329412,4681.91,121953000.0
1693094400000,26017.4,26182.2,25966.1,26101.8,12100,1693180799999,315548000.0,349090,6170.49,160918000.0
1693180800000,26101.8,26254.0,25864.5,26120.0,22693,1693267199999,591009000.0,523057,10912.4,284226000.0
1693267200000,26120.0,28142.8,25922.0,27716.3,74252,1693353599999,2023330000.0,1137083,37945.6,1034240000.0
1693353600000,27716.3,27768.6,27017.2,27300.0,35448,1693439999999,969086000.0,690292,16715.6,456926000.0
1693440000000,27300.0,27587.5,25655.0,25940.8,51033,1693526399999,1360370000.0,944690,24598.1,655707000.0
1693526400000,25940.8,26156.0,25333.8,25805.1,41032,1693612799999,1059440000.0,881179,19961.0,515430000.0
1693612800000,25805.0,25987.5,25752.5,25869.5,16251,1693699199999,419813000.0,567728,7634.91,197234000.0
1693699200000,25869.5,26135.0,25800.0,25971.2,17474,1693785599999,453101000.0,496412,8583.17,222582000.0
1693785600000,25971.2,26108.0,25631.2,25826.0,21778,1693871999999,563533000.0,596830,10177.4,263366000.0
1693872000000,25826.0,25915.5,25562.6,25792.1,21323,1693958399999,548894000.0,566736,9926.66,255537000.0
1693958400000,25792.1,26040.0,25372.5,25759.9,27263,1694044799999,700763000.0,636302,12736.7,327416000.0
1694044800000,25759.9,26443.1,25615.4,26255.0,27687,1694131199999,718923000.0,631929,13506.2,350741000.0
1694131200000,26255.0,26445.5,25647.3,25910.5,29000,1694217599999,754185000.0,646852,14238.9,370237000.0
1694217600000,25910.5,25945.1,25796.6,25901.6,10981,1694303999999,284109000.0,359038,5212.44,134863000.0
1694304000000,25901.6,26033.7,25570.6,25841.6,18738,1694390399999,483577000.0,489773,8747.51,225753000.0
1694390400000,25841.6,25900.7,24901.0,25162.5,41682,1694476799999,1057370000.0,864138,19664.9,498822000.0
1694476800000,25162.5,26567.0,25131.5,25840.1,56434,1694563199999,1464390000.0,1047056,27720.5,719147000.0
1694563200000,25840.1,26405.2,25764.2,26222.0,31611,1694649599999,825438000.0,714880,15287.0,399100000.0
1694649600000,26222.0,26860.5,26126.8,26522.7,38333,1694735999999,1015270000.0,799278,19440.5,514864000.0
1694736000000,26522.7,26888.0,26224.0,26600.0,26227,1694822399999,695203000.0,654094,12600.4,334046000.0
1694822400000,26600.0,26777.0,26445.0,26559.7,13961,1694908799999,370890000.0,526416,6508.91,172927000.0
1694908800000,26559.7,26623.2,26399.0,26527.5,12998,1694995199999,344704000.0,476775,6359.89,168676000.0
1694995200000,26527.5,27409.0,26377.3,26762.5,43000,1695081599999,1158780000.0,938705,21551.7,580913000.0
1695081600000,26762.5,27483.6,26667.8,27210.3,36191,1695167999999,981539000.0,898076,17851.2,484061000.0
1695168000000,27210.2,27388.6,26800.0,27125.0,34207,1695254399999,927206000.0,867288,16983.4,460402000.0
1695254400000,27125.0,27159.6,26377.7,26568.1,34477,1695340799999,920768000.0,823416,16878.8,450738000.0
1695340800000,26568.1,26743.4,26468.8,26580.1,18198,1695427199999,484332000.0,567149,8484.1,225806000.0
1695427200000,26580.1,26632.8,26509.0,26576.0,9441,1695513599999,250874000.0,421717,4387.2,116581000.0
1695513600000,26576.0,26738.5,26122.1,26248.4,15707,1695599999999,416368000.0,545045,7547.06,200078000.0
1695600000000,26248.4,26446.2,25990.5,26304.8,26266,1695686399999,688253000.0,873488,12654.6,331622000.0
1695686400000,26304.8,26397.5,26088.3,26221.7,18495,1695772799999,485218000.0,697727,8813.76,231247000.0
1695772800000,26221.7,26850.0,26112.1,26373.0,34772,1695859199999,918798000.0,939690,16813.8,444221000.0
1695859200000,26373.0,27308.5,26342.4,27021.4,44518,1695945599999,1193420000.0,1158974,22463.2,602341000.0
1695945600000,27021.4,27244.9,26665.2,26907.0,28479,1696031999999,767827000.0,878610,14409.4,388591000.0
1696032000000,26907.0,27095.0,26886.3,26962.6,12805,1696118399999,345406000.0,534908,6221.24,167819000.0
1696118400000,26962.6,28065.5,26954.1,27992.6,24603,1696204799999,674657000.0,883593,12816.0,351623000.0
1696204800000,27992.6,28580.0,27281.4,27494.5,57071,1696291199999,1600940000.0,1464158,28423.6,797599000.0
1696291200000,27494.5,27676.5,27160.5,27426.5,28929,1696377599999,794302000.0,1202377,13562.0,372402000.0
1696377600000,27426.4,27839.7,27202.0,27778.6,29816,1696463999999,820421000.0,1188381,15077.7,414807000.0
1696464000000,27778.6,28120.4,27352.0,27410.4,30681,1696550399999,849416000.0,1210397,14986.0,415040000.0
1696550400000,27410.4,28295.0,27175.9,27931.1,37983,1696636799999,1052860000.0,1326700,19091.2,529241000.0
1696636800000,27931.1,28029.7,27842.1,27956.7,13349,1696723199999,372820000.0,641623,6392.35,178535000.0
1696723200000,27956.7,28095.1,27687.5,27917.1,19694,1696809599999,549840000.0,822730,9216.08,257333000.0
1696809600000,27917.1,27987.9,27260.0,27590.1,31535,1696895999999,870015000.0,1156525,15077.4,415887000.0
1696896000000,27590.1,27735.0,27298.0,27390.1,22777,1696982399999,626259000.0,1002272,10851.2,298354000.0
1696982400000,27390.1,27477.4,26538.7,26875.5,37349,1697068799999,1007070000.0,1336479,17460.1,470620000.0
1697068800000,26875.5,26947.0,26555.0,26759.6,23429,1697155199999,626909000.0,1066082,11128.9,297795000.0
1697155200000,26759.6,27130.0,26685.0,26862.0,24116,1697241599999,647554000.0,1035322,11209.7,301049000.0
1697241600000,26862.0,26989.6,26789.0,26852.5,10417,1697327999999,280059000.0,517837,4378.85,117730000.0
1697328000000,26852.5,27293.3,26808.2,27154.2,15275,1697414399999,412674000.0,682942,7802.69,210834000.0
1697414400000,27154.1,30000.0,27112.7,28500.8,78399,1697500799999,2210790000.0,2289339,40738.0,1148700000.0
1697500800000,28500.8,28613.7,28069.3,28395.9,38428,1697587199999,1090740000.0,1345810,18994.1,539218000.0
1697587200000,28395.9,28982.4,28142.9,28320.0,32162,1697673599999,914774000.0,1215235,15590.1,443516000.0
1697673600000,28320.0,28916.9,28100.7,28713.7,35896,1697759999999,1023980000.0,1330256,18427.2,525696000.0
1697760000000,28713.7,30207.6,28578.3,29669.0,59422,1697846399999,1753410000.0,1915748,29466.8,869635000.0
1697846400000,29669.1,30380.0,29464.8,29909.8,27518,1697932799999,821964000.0,1152137,13836.1,413324000.0
1697932800000,29909.8,30248.0,29640.0,29992.5,22853,1698019199999,683855000.0,1008299,11161.5,334011000.0
1698019200000,29992.5,34741.9,29883.6,33070.0,93514,1698105599999,2941620000.0,2839938,47839.2,1505820000.0
1698105600000,33070.0,35280.0,32832.3,33922.7,115265,1698191999999,3933190000.0,2850160,57409.3,1959450000.0
1698192000000,33922.7,35132.9,33679.1,34496.1,54887,1698278399999,1888210000.0,1643976,26150.5,900236000.0
1698278400000,34496.1,34824.1,33751.0,34151.7,39745,1698364799999,1363080000.0,1382785,18528.4,635548000.0
1698364800000,34151.7,34245.0,33390.9,33892.0,32330,1698451199999,1096890000.0,1112240,14310.3,485406000.0
1698451200000,33892.0,34493.3,33860.0,34081.0,16880,1698537599999,575937000.0,607438,8313.31,283657000.0
1698537600000,34081.0,34750.1,33930.0,34525.9,20686,1698623999999,711653000.0,717480,10054.0,345934000.0
1698624000000,34525.9,34856.0,34062.8,34474.7,33658,1698710399999,1159770000.0,1117727,15237.6,525162000.0
1698710400000,34474.7,34720.5,34025.0,34639.8,32738,1698796799999,1125440000.0,1179053,15843.8,544723000.0
1698796800000,34639.8,35582.0,34097.4,35421.4,53473,1698883199999,1856350000.0,1624635,25779.0,895388000.0
1698883200000,35421.4,35985.0,34300.0,34941.6,48016,1698969599999,1686140000.0,1450837,23303.4,818366000.0
1698969600000,34941.6,34946.5,34120.0,34716.8,39071,1699055999999,1347960000.0,1237373,19168.9,661176000.0
1699056000000,34716.8,35255.0,34585.2,35062.1,18378,1699142399999,639959000.0,794787,9229.17,321480000.0
1699142400000,35062.1,35380.0,34448.0,35011.9,24529,1699228799999,859351000.0,1038468,11870.3,415912000.0
1699228800000,35011.9,35276.3,34725.9,35046.1,22346,1699315199999,782428000.0,988246,10770.3,377126000.0
1699315200000,35046.1,35888.0,34523.1,35399.1,38689,1699401599999,1358030000.0,1352796,19375.3,680382000.0
1699401600000,35399.1,36106.0,35100.0,35624.7,33401,1699487999999,1185490000.0,1132568,17192.8,610315000.0
1699488000000,35624.7,37972.2,35534.1,36701.1,82538,1699574399999,3033420000.0,2138765,42156.8,1550250000.0
1699574400000,36701.1,37526.0,36324.7,37301.6,43414,1699660799999,1605070000.0,1297729,21388.6,790672000.0
1699660800000,37301.6,37408.3,36666.9,37130.0,22985,1699747199999,851925000.0,923300,10728.7,397673000.0
1699747200000,37130.0,37222.2,36731.1,37064.1,17687,1699833599999,655571000.0,810885,8506.46,315285000.0
1699833600000,37064.1,37418.0,36333.0,36462.9,32798,1699919999999,1208040000.0,1217191,15442.4,568917000.0
1699920000000,36462.9,36744.0,34800.0,35551.2,45504,1700006399999,1639130000.0,1404428,21205.2,763842000.0
1700006400000,35551.2,37980.0,35360.0,37858.2,53569,1700092799999,1963250000.0,1545427,28142.1,1031670000.0
1700092800000,37858.2,37929.5,35500.0,36163.5,47490,1700179199999,1744500000.0,1542446,22214.0,815933000.0
1700179200000,36163.5,36800.0,35861.1,36613.9,38284,1700265599999,1391230000.0,1349322,18403.4,668866000.0
1700265600000,36613.9,36845.5,36178.6,36568.1,17102,1700351999999,624434000.0,784498,8101.55,295795000.0
1700352000000,36568.1,37500.0,36384.0,37359.9,21246,1700438399999,781532000.0,862400,10575.3,389090000.0
1700438400000,37359.9,37750.0,36677.0,37448.8,36023,1700524799999,1343720000.0,1485050,17591.2,656246000.0
1700524800000,37448.8,37649.4,35735.0,35741.6,47647,1700611199999,1756750000.0,1936895,22371.4,824920000.0
1700611200000,35741.6,37861.1,35632.0,37408.3,45051,1700697599999,1657140000.0,1648374,23046.7,847145000.0
1700697600000,37408.4,37653.4,36870.0,37294.3,23828,1700783999999,888827000.0,992284,11086.4,413539000.0
1700784000000,37294.3,38414.0,37251.5,37713.6,44681,1700870399999,1688720000.0,1379414,22349.2,844803000.0
1700870400000,37713.6,37888.0,37591.1,37780.7,11396,1700956799999,430165000.0,569448,5153.91,194536000.0
1700956800000,37780.7,37814.6,37150.0,37447.4,21265,1701043199999,797321000.0,848020,10204.5,382571000.0
1701043200000,37447.4,37569.2,36707.0,37242.7,30001,1701129599999,1112560000.0,1238017,14458.6,536129000.0
1701129600000,37242.7,38377.0,36868.4,37818.9,37544,1701215999999,1414360000.0,1272779,18168.6,684514000.0
1701216000000,37818.9,38450.0,37570.0,37854.6,32994,1701302399999,1252590000.0,1131353,15589.0,591918000.0
1701302400000,37854.6,38145.9,37500.0,37724.0,24740,1701388799999,934491000.0,1007791,11484.5,433773000.0
1701388800000,37724.0,38999.0,37615.9,38682.5,43416,1701475199999,1669750000.0,1523417,22408.3,861977000.0
1701475200000,38682.5,39717.1,38641.6,39450.4,26697,1701561599999,1043420000.0,1034690,13166.7,514764000.0
1701561600000,39450.4,40250.0,39274.9,39972.3,26711,1701647999999,1059860000.0,1151524,13333.3,529259000.0
1701648000000,39972.3,42420.0,39972.3,41991.1,79272,1701734399999,3285740000.0,2112219,38595.6,1599710000.0
1701734400000,41991.1,44488.0,41414.0,44073.3,67491,1701820799999,2890210000.0,2072700,34815.8,1491810000.0
1701820800000,44073.8,44297.2,43335.3,43762.7,51431,1701907199999,2256980000.0,1876282,25092.6,1101270000.0
1701907200000,43762.7,44047.3,42821.1,43273.1,47103,1701993599999,2046950000.0,1414759,22635.7,983630000.0
1701993600000,43273.1,44700.0,43081.1,44171.0,42900,1702079999999,1875580000.0,1311268,20818.7,910357000.0
1702080000000,44171.0,44358.0,43584.5,43713.6,24926,1702166399999,1096490000.0,987352,11598.0,510256000.0
1702166400000,43713.6,44049.0,43563.0,43789.5,18957,1702252799999,830485000.0,830667,8841.91,387376000.0
1702252800000,43789.5,43804.5,40222.0,41253.4,76664,1702339199999,3205540000.0,2087142,36499.2,1525640000.0
1702339200000,41253.4,42104.1,40680.0,41492.4,42723,1702425599999,1773960000.0,1526411,21394.9,888438000.0
1702425600000,41492.4,43475.2,40555.0,42869.0,45866,1702511999999,1919700000.0,1724659,22355.0,935785000.0
1702512000000,42869.0,43420.0,41400.0,43022.3,42047,1702598399999,1798740000.0,1599536,20579.8,880356000.0
1702598400000,43022.3,43080.8,41666.0,41940.3,33422,1702684799999,1416900000.0,1323628,16321.1,691713000.0
1702684800000,41940.3,42724.4,41605.0,42278.0,24119,1702771199999,1020470000.0,1180886,12193.5,515909000.0
1702771200000,42278.0,42424.1,41252.0,41374.6,27722,1702857599999,1161960000.0,1227634,13245.9,555309000.0
1702857600000,41374.6,42757.8,40542.9,42657.8,46734,1702943999999,1936000000.0,1741647,23255.8,963775000.0
1702944000000,42657.8,43497.0,41811.1,42276.0,40928,1703030399999,1747830000.0,1609188,20163.7,861083000.0
1703030400000,42276.0,44283.0,42206.0,43668.9,48710,1703116799999,2115810000.0,1934588,23912.1,1038690000.0
1703116800000,43668.9,44242.4,43286.7,43861.8,34624,1703203199999,1514530000.0,1500702,17058.9,746266000.0
1703203200000,43861.8,44398.3,43412.5,43969.0,32783,1703289599999,1436070000.0,1404109,16049.2,703199000.0
1703289600000,43969.0,43988.7,43291.1,43702.2,16557,1703375999999,722944000.0,849658,7765.31,339046000.0
1703376000000,43702.1,43946.0,42500.0,42991.5,25144,1703462399999,1093460000.0,1137678,11841.3,514962000.0
1703462400000,42991.5,43802.3,42720.4,43576.1,27021,1703548799999,1172050000.0,1168428,13691.2,593901000.0
1703548800000,43576.1,43592.7,41637.6,42508.9,41010,1703635199999,1746330000.0,1475816,21096.2,898267000.0
1703635200000,42508.9,43677.0,42098.7,43428.9,36191,1703721599999,1554080000.0,1439770,18982.8,815240000.0
1703721600000,43428.9,43787.6,42241.8,42563.8,35151,1703807999999,1508410000.0,1391826,17422.8,747632000.0
1703808000000,42563.8,43111.0,41300.0,42066.9,42597,1703894399999,1803090000.0,1571137,21195.3,897325000.0
1703894400000,42066.9,42612.3,41520.3,42140.3,22907,1703980799999,964876000.0,936545,11727.7,494134000.0
1703980800000,42140.3,42899.0,41965.8,42283.6,23586,1704067199999,1001520000.0,1016484,11997.1,509479000.0
1704067200000,42283.6,44184.1,42180.8,44179.6,27174,1704153599999,1170000000.0,1114623,14331.7,617352000.0
1704153600000,44179.6,45879.6,44148.3,44946.9,65146,1704239999999,2944330000.0,2247532,33817.1,1527960000.0
1704240000000,44946.9,45500.0,40750.0,42845.2,81195,1704326399999,3507100000.0,2658041,39104.0,1687670000.0
1704326400000,42845.2,44729.6,42613.8,44151.1,48038,1704412799999,2095100000.0,1819944,23605.9,1030080000.0
1704412800000,44151.1,44357.5,42450.0,44145.1,48075,1704499199999,2100950000.0,2064845,24015.1,1049660000.0
1704499200000,44145.1,44214.4,43397.1,43968.3,17835,1704585599999,781213000.0,956642,9048.57,396342000.0
1704585600000,43968.3,44480.6,43572.1,43929.0,23024,1704671999999,1014640000.0,1109259,11613.5,511871000.0
1704672000000,43929.0,47249.0,43175.0,46951.0,72815,1704758399999,3298770000.0,2364464,38728.8,1755310000.0
1704758400000,46951.0,47972.0,44748.7,46110.0,69928,1704844799999,3251440000.0,2637745,34825.5,1620150000.0
1704844800000,46110.0,47695.9,44300.4,46654.0,89911,1704931199999,4123810000.0,3133588,46910.8,2153130000.0
1704931200000,46654.0,48969.5,45606.1,46339.2,87470,1705017599999,4105140000.0,2998451,44076.2,2070470000.0
1705017600000,46339.2,46515.5,41500.0,42782.7,86328,1705103999999,3827480000.0,2809192,41707.6,1850840000.0
1705104000000,42782.7,43257.0,42436.1,42848.0,36118,1705190399999,1547370000.0,1434243,17748.1,760432000.0
1705190400000,42848.0,43079.0,41720.0,41732.4,28228,1705276799999,1202210000.0,1235727,13690.3,583262000.0
1705276800000,41732.4,43400.4,41718.1,42511.1,40270,1705363199999,1718980000.0,1657611,19924.8,849997000.0
1705363200000,42511.1,43578.0,42050.0,43137.9,45046,1705449599999,1931950000.0,1716580,24064.6,1031530000.0
1705449600000,43137.9,43198.0,42200.7,42776.1,33266,1705535999999,1419890000.0,1438172,16648.2,710533000.0
1705536000000,42776.1,42930.0,40683.3,41327.5,43908,1705622399999,1839430000.0,1466087,21085.1,883293000.0
1705622400000,41327.5,42196.9,40280.0,41659.0,48343,1705708799999,1993850000.0,1641428,24347.5,1004480000.0
1705708800000,41659.0,41872.6,41456.3,41696.0,15924,1705795199999,662768000.0,807324,7557.37,314535000.0
1705795200000,41696.1,41881.4,41501.0,41580.3,11730,1705881599999,489152000.0,657817,5576.56,232552000.0
1705881600000,41580.3,41689.6,39431.6,39568.0,55426,1705967999999,2247450000.0,2147250,26788.1,1086650000.0
1705968000000,39568.0,40176.7,38555.0,39897.6,57957,1706054399999,2275850000.0,2043925,30914.0,1214420000.0
1706054400000,39897.6,40555.0,39484.2,40084.9,39294,1706140799999,1569700000.0,1675615,20673.1,825887000.0
1706140800000,40084.9,40300.2,39550.0,39961.1,31022,1706227199999,1238810000.0,1291233,15685.2,626369000.0
1706227200000,39961.1,42246.8,39822.5,41823.5,47385,1706313599999,1951700000.0,1624861,24674.8,1016110000.0
1706313600000,41823.5,42200.0,41394.3,42120.6,16224,1706399999999,678419000.0,751148,7485.65,312939000.0
1706400000000,42120.6,42842.7,41620.8,42031.1,27295,1706486399999,1154370000.0,1032493,12971.2,548670000.0
1706486400000,42031.1,43333.0,41804.9,43302.7,31543,1706572799999,1343460000.0,1197856,15996.9,681505000.0
1706572800000,43302.7,43882.4,42684.0,42941.1,37619,1706659199999,1633250000.0,1316610,19317.3,838876000.0
1706659200000,42941.1,43745.1,42276.8,42580.0,39871,1706745599999,1711670000.0,1499559,20289.9,871010000.0
1706745600000,42580.0,43285.1,41884.3,43082.9,35231,1706831999999,1497120000.0,1392269,18134.8,770636000.0
1706832000000,43082.9,43488.0,42546.8,43200.0,29672,1706918399999,1277920000.0,1086342,15645.6,673835000.0
1706918400000,43200.0,43380.0,42880.0,43011.1,12033,1707004799999,518775000.0,609962,5691.79,245377000.0
1707004800000,43011.1,43119.0,42222.0,42582.9,17067,1707091199999,731000000.0,931235,8427.13,360929000.0
1707091200000,42582.9,43569.8,42258.1,42708.7,29468,1707177599999,1262620000.0,1317397,14984.1,642078000.0
1707177600000,42708.7,43400.0,42574.0,43098.9,24676,1707263999999,1061050000.0,1120760,12811.0,550866000.0
1707264000000,43099.0,44396.5,42788.0,44349.6,34393,1707350399999,1496010000.0,1378809,17755.9,772721000.0
1707350400000,44349.6,45614.3,44331.1,45288.6,45440,1707436799999,2042910000.0,1863650,22731.5,1021960000.0
1707436800000,45288.7,48200.0,45242.1,47132.8,73503,1707523199999,3453040000.0,2323884,37361.0,1754880000.0
1707523200000,47132.8,48170.0,46800.0,47751.1,24802,1707609599999,1176080000.0,1323421,12740.7,604397000.0
1707609600000,47751.1,48592.7,47557.2,48300.0,29959,1707695999999,1443310000.0,1407270,15741.4,758412000.0
1707696000000,48300.0,50334.8,47710.0,49917.3,59010,1707782399999,2898220000.0,1939394,30797.4,1512690000.0
1707782400000,49917.3,50368.6,48300.9,49699.6,55552,1707868799999,2745030000.0,1741811,28409.8,1403780000.0
1707868800000,49699.6,52043.7,49225.0,51795.2,57046,1707955199999,2919600000.0,1859392,29664.5,1518340000.0
1707955200000,51795.2,52816.6,51314.0,51880.0,53816,1708041599999,2802830000.0,1786569,26722.6,1391970000.0
1708041600000,51880.0,52572.1,51566.0,52124.1,37772,1708127999999,1965000000.0,1583711,18309.9,952709000.0
1708128000000,52124.1,52162.8,50625.0,51642.6,25674,1708214399999,1319910000.0,1427773,12655.5,650426000.0
1708214400000,51642.6,52377.0,51163.3,52137.7,21992,1708300799999,1139210000.0,1375422,11281.3,584447000.0
1708300800000,52137.7,52488.8,51677.0,51774.7,29535,1708387199999,1539600000.0,1542990,15266.4,795825000.0
1708387200000,51774.7,52985.0,50760.4,52258.8,49614,1708473599999,2574870000.0,1971912,24994.2,1297330000.0
1708473600000,52258.8,52366.8,50625.0,51849.4,43079,1708559999999,2210280000.0,1824860,22239.7,1140910000.0
1708560000000,51849.4,52065.8,50940.8,51288.4,35309,1708646399999,1820950000.0,1688184,17830.5,919599000.0
1708646400000,51288.4,51548.5,50521.0,50744.1,30546,1708732799999,1559140000.0,1487039,14610.8,745821000.0
1708732800000,50744.1,51698.0,50585.0,51568.2,16560,1708819199999,847793000.0,855015,8462.16,433240000.0
1708819200000,51568.2,51958.6,51279.8,51728.9,18722,1708905599999,966951000.0,923992,9544.18,492953000.0
1708905600000,51728.9,54910.0,50901.4,54476.5,51257,1708991999999,2710400000.0,1808909,27198.8,1438370000.0
1708992000000,54476.5,57588.1,54450.1,57037.3,67195,1709078399999,3795950000.0,2414285,34970.3,1975470000.0
1709078400000,57037.4,64000.0,56691.9,62432.1,118763,1709164799999,7162580000.0,3895062,62066.6,3742430000.0
1709164800000,62432.1,63676.4,60364.7,61131.0,78425,1709251199999,4872210000.0,3169405,39463.1,2452520000.0
1709251200000,61131.0,63114.2,60777.0,62387.9,47738,1709337599999,2956540000.0,1947444,24195.7,1498770000.0
1709337600000,62387.9,62433.2,61561.1,61987.3,25535,1709423999999,1582570000.0,1641808,12691.4,786583000.0
1709424000000,61987.3,63231.9,61320.0,63114.0,28995,1709510399999,1804540000.0,1992011,14905.2,927869000.0
1709510400000,63114.0,68499.0,62300.0,68245.7,84835,1709596799999,5568880000.0,3887853,45319.1,2974400000.0
1709596800000,68245.7,69000.0,59005.0,63724.0,132697,1709683199999,8674530000.0,5310706,65991.8,4318210000.0
1709683200000,63724.0,67641.1,62779.1,66074.0,78739,1709769599999,5197740000.0,3302981,40344.3,2663880000.0
1709769600000,66074.0,67980.0,65551.0,66823.2,53060,1709855999999,3548090000.0,2428227,27935.7,1867850000.0
1709856000000,66823.2,69990.0,66082.7,68124.2,74262,1709942399999,5044400000.0,2943927,37711.5,2563350000.0
1709942400000,68124.2,68541.1,67861.1,68313.3,19873,1710028799999,1355960000.0,1345341,10005.6,682720000.0
1710028800000,68313.3,69887.6,68094.8,68955.9,38405,1710115199999,2659310000.0,2139518,19188.8,1328750000.0
1710115200000,68955.9,72800.0,67025.0,72078.1,75293,1710201599999,5352700000.0,3043414,39435.9,2803360000.0
1710201600000,72078.1,73000.0,68620.8,71452.0,68784,1710287999999,4909670000.0,3047890,34517.2,2465200000.0
1710288000000,71452.0,73650.2,71333.3,73072.4,52660,1710374399999,3829760000.0,2501197,26787.1,1948380000.0
1710374400000,73072.4,73777.0,68555.0,71388.9,71758,1710460799999,5132190000.0,2994869,35676.8,2552190000.0
1710460800000,71388.9,72419.7,65600.0,69499.9,103334,1710547199999,7065280000.0,3904445,49844.7,3409390000.0
1710547200000,69499.8,70043.0,64780.0,65300.6,55927,1710633599999,3788540000.0,2729019,27240.2,1846730000.0
1710633600000,65300.6,68904.4,64533.0,68393.5,49742,1710719999999,3322960000.0,2449156,25328.3,1692080000.0
1710720000000,68393.5,68956.0,66565.2,67610.0,55691,1710806399999,3768280000.0,2464515,28529.7,1930730000.0
1710806400000,67610.0,68124.1,61555.0,61937.4,101005,1710892799999,6484810000.0,3593832,48205.3,3095260000.0
1710892800000,61937.4,68100.0,60775.0,67840.5,90421,1710979199999,5769770000.0,3549793,45523.8,2907220000.0
1710979200000,67840.5,68240.5,64529.0,65501.3,53357,1711065599999,3551220000.0,2388390,26650.1,1774830000.0
1711065600000,65501.3,66649.6,62260.0,63796.6,51482,1711151999999,3310480000.0,2492881,24578.9,1580940000.0
1711152000000,63796.6,65999.0,63000.0,63990.0,26410,1711238399999,1706150000.0,1753566,12749.0,823893000.0
1711238400000,63990.0,67628.7,63772.3,67210.0,31396,1711324799999,2059310000.0,1880774,16689.7,1095820000.0
1711324800000,67210.0,71150.0,66385.1,69880.0,53431,1711411199999,3679960000.0,2632220,27815.6,1915610000.0
1711411200000,69880.0,71561.1,69280.0,69988.0,38934,1711497599999,2738540000.0,2176807,19498.9,1371710000.0
1711497600000,69988.0,71769.5,68359.2,69470.0,49119,1711583999999,3426460000.0,2453366,24902.3,1737330000.0
1711584000000,69470.0,71552.1,68903.6,70780.6,35439,1711670399999,2500570000.0,1799897,18007.3,1270850000.0
1711670400000,70780.6,70916.2,69009.0,69850.5,25445,1711756799999,1779610000.0,1522607,11839.1,828040000.0
1711756800000,69850.5,70321.1,69540.0,69582.2,13645,1711843199999,954556000.0,1110488,6423.89,449436000.0
1711843200000,69582.2,71366.0,69563.0,71280.0,19396,1711929599999,1367520000.0,1181926,10142.5,715151000.0
1711929600000,71280.0,71288.2,68062.9,69649.8,41445,1712015999999,2876490000.0,1893438,20211.2,1402850000.0
1712016000000,69649.8,69674.2,64550.0,65464.0,71800,1712102399999,4750030000.0,2662410,35520.2,2348260000.0
1712102400000,65464.0,66903.6,64493.1,65963.3,39887,1712188799999,2630560000.0,2172096,20618.6,1360360000.0
1712188800000,65963.3,69309.9,65064.5,68487.8,41510,1712275199999,2795470000.0,2000945,21013.3,1415700000.0
1712275200000,68487.8,68756.7,65952.6,67820.6,37915,1712361599999,2555460000.0,1901980,18890.0,1273220000.0
1712361600000,67820.6,69692.0,67447.8,68896.0,20134,1712447999999,1373130000.0,1171460,9973.86,680801000.0
1712448000000,68896.0,70326.3,68824.0,69360.4,21535,1712534399999,1496210000.0,1269048,11149.9,774907000.0
1712534400000,69360.4,72798.0,69043.2,71620.0,45724,1712620799999,3270850000.0,2037025,25309.9,1811210000.0
1712620800000,71620.0,71758.2,68210.0,69146.0,39294,1712707199999,2749010000.0,1804157,18896.5,1321870000.0
1712707200000,69146.0,71172.1,67518.0,70631.1,42006,1712793599999,2901560000.0,1852170,20269.3,1401020000.0
1712793600000,70631.1,71305.9,69567.2,70006.2,31917,1712879999999,2247470000.0,1658995,15908.5,1120250000.0
1712880000000,70006.2,71227.5,65086.9,67116.5,56073,1712966399999,3843550000.0,2496617,25935.9,1777810000.0
1712966400000,67116.5,67929.0,60660.6,63924.5,71395,1713052799999,4614470000.0,3341340,33221.7,2144850000.0
1713052800000,63924.5,65840.0,62134.0,65661.8,61599,1713139199999,3946120000.0,2657953,29732.3,1904850000.0
1713139200000,65661.9,66867.1,62274.4,63420.0,52390,1713225599999,3398070000.0,2539048,25206.7,1634570000.0
1713225600000,63420.0,64365.0,61600.0,63793.4,53435,1713311999999,3355340000.0,2604354,26041.3,1635680000.0
1713312000000,63793.4,64499.0,59678.2,61277.4,50611,1713398399999,3128630000.0,2458327,24346.7,1506360000.0
1713398400000,61277.4,64117.1,60803.4,63470.1,43602,1713484799999,2726740000.0,2142511,20870.2,1305030000.0
1713484800000,63470.1,65450.0,59600.0,63818.0,69774,1713571199999,4419890000.0,2828284,34941.5,2214810000.0
1713571200000,63818.0,65419.0,63090.1,64940.6,23137,1713657599999,1486950000.0,1376712,11811.8,759078000.0
1713657600000,64940.6,65695.6,64237.5,64941.1,19316,1713743999999,1254400000.0,1390153,9734.72,632258000.0
1713744000000,64941.1,67232.4,64500.0,66819.3,31398,1713830399999,2071690000.0,1816591,16466.1,1086400000.0
1713830400000,66819.3,67183.0,65765.8,66414.0,22600,1713916799999,1502140000.0,1433915,10854.2,721405000.0
1713916800000,66414.0,67070.4,63606.1,64289.6,33596,1714003199999,2195710000.0,1784897,16899.5,1104370000.0
1714003200000,64289.6,65297.9,62794.0,64498.3,31341,1714089599999,2007700000.0,1375324,14808.6,948738000.0
1714089600000,64498.3,64820.0,63297.5,63770.0,27085,1714175999999,1736630000.0,1025561,13570.2,870094000.0
1714176000000,63770.0,63923.4,62391.2,63462.0,20933,1714262399999,1320340000.0,912422,9903.95,624733000.0
1714262400000,63462.0,64370.0,62781.0,63118.6,16949,1714348799999,1078450000.0,790652,7941.34,505261000.0
1714348800000,63118.6,64228.4,61765.5,63866.0,28150,1714435199999,1765040000.0,1152296,13986.6,877053000.0
1714435200000,63866.0,64734.0,59191.6,60672.0,54948,1714521599999,3372140000.0,1985671,26385.4,1620420000.0
1714521600000,60672.0,60841.6,56552.8,58365.0,81166,1714607999999,4705570000.0,2401089,38203.6,2213400000.0
1714608000000,58365.0,59625.0,56911.8,59060.6,47584,1714694399999,2778840000.0,1572898,23240.8,1356150000.0
1714694400000,59060.6,63333.0,58811.3,62882.0,43628,1714780799999,2658190000.0,1558661,22145.4,1349690000.0
1714780800000,62882.0,64540.0,62541.0,63892.0,24369,1714867199999,1547470000.0,1113509,12671.2,804769000.0
1714867200000,63892.0,64646.0,62822.2,64012.0,18527,1714953599999,1182570000.0,992921,8954.93,571783000.0
1714953600000,64012.0,65500.0,62700.0,63165.2,34675,1715039999999,2218130000.0,1392557,17179.6,1099300000.0
1715040000000,63165.2,64422.4,62261.0,62312.1,25599,1715126399999,1624530000.0,1272898,12502.4,793576000.0
1715126400000,62312.1,63020.2,60888.0,61193.0,26121,1715212799999,1623560000.0,1415152,12669.6,787749000.0
1715212800000,61193.0,63429.0,60630.0,63074.0,30661,1715299199999,1895850000.0,1381957,15120.0,935342000.0
1715299200000,63074.0,63469.1,60187.1,60800.0,36529,1715385599999,2255550000.0,1500643,18066.8,1116490000.0
1715385600000,60800.0,61515.0,60487.1,60826.0,13375,1715471999999,814928000.0,753281,6223.1,379263000.0
1715472000000,60826.0,61888.0,60610.0,61484.0,12753,1715558399999,781042000.0,727113,6416.91,393132000.0
1715558400000,61484.0,63450.0,60749.2,62940.1,32733,1715644799999,2041900000.0,1371433,16717.9,1043060000.0
1715644800000,62940.1,63118.4,61142.8,61577.5,29089,1715731199999,1800170000.0,1127939,13815.8,855088000.0
1715731200000,61577.5,66444.2,61319.5,66206.5,43560,1715817599999,2794260000.0,1729454,21797.8,1398780000.0
1715817600000,66206.5,66752.0,64602.8,65235.2,31106,1715903999999,2045510000.0,1269793,15645.1,1028960000.0
1715904000000,65235.2,67451.2,65106.4,67024.0,26292,1715990399999,1745970000.0,1117254,13301.1,883129000.0
1715990400000,67024.0,67400.0,66600.0,66915.2,14441,1716076799999,967146000.0,734067,6911.13,462859000.0
1716076800000,66915.2,67700.0,65857.2,66274.0,18025,1716163199999,1204990000.0,823729,8692.17,581378000.0
1716163200000,66274.0,71515.6,66060.3,71446.6,50817,1716249599999,3485470000.0,1930939,26792.5,1839350000.0
1716249600000,71446.6,71979.0,69162.9,70148.3,49607,1716335999999,3509350000.0,2137448,24686.3,1746690000.0
1716336000000,70148.3,70666.0,68842.2,69166.6,27673,1716422399999,1931700000.0,1371973,13124.8,916344000.0
1716422400000,69166.6,70096.1,66312.2,67969.6,40513,1716508799999,2766790000.0,1827855,19791.2,1351640000.0
1716508800000,67969.7,69250.0,66600.1,68550.0,28096,1716595199999,1906440000.0,1165907,14344.3,973457000.0
1716595200000,68550.0,69610.0,68500.0,69290.6,12130,1716681599999,837340000.0,703803,5851.96,403955000.0
1716681600000,69290.6,69562.2,68128.0,68507.7,11872,1716767999999,818915000.0,722849,5934.62,409411000.0
1716768000000,68507.7,70687.6,68250.0,69436.4,23137,1716854399999,1604720000.0,1219341,11709.6,812172000.0
1716854400000,69436.4,69591.8,67277.9,68398.4,32623,1716940799999,2224860000.0,1459351,15543.1,1059920000.0
1716940800000,68398.4,68935.7,67124.6,67652.4,23160,1717027199999,1573100000.0,1221044,11748.6,797928000.0
1717027200000,67652.4,69500.0,67128.0,68352.2,28478,1717113599999,1945000000.0,1272851,14074.4,961595000.0
1717113600000,68352.2,69044.1,66670.0,67540.0,26690,1717199999999,1812660000.0,1177860,13258.1,900414000.0
1717200000000,67540.0,67900.0,67428.4,67766.9,8838,1717286399999,598305000.0,638484,4235.27,286752000.0
1717286400000,67766.8,68460.0,67257.5,67765.6,15426,1717372799999,1046830000.0,812348,7760.23,526769000.0
1717372800000,67765.6,70288.0,67612.5,68809.9,29633,1717459199999,2047760000.0,1253789,15308.7,1058020000.0
1717459200000,68809.9,71063.5,68567.3,70537.8,29620,1717545599999,2069900000.0,1254515,14923.0,1043070000.0
1717545600000,70537.8,71758.0,70383.7,71108.0,28703,1717631999999,2040070000.0,1055115,14210.2,1010050000.0
1717632000000,71108.0,71700.0,70117.6,70799.1,21842,1717718399999,1551470000.0,900226,10287.4,730849000.0
1717718400000,70799.1,71997.0,68420.0,69355.6,35598,1717804799999,2507250000.0,1516415,17318.8,1220810000.0
1717804800000,69355.6,69582.2,69168.0,69310.5,9774,1717891199999,678267000.0,714103,4772.23,331182000.0
1717891200000,69310.5,69857.1,69130.2,69648.1,9891,1717977599999,687345000.0,575583,4883.69,339405000.0
1717977600000,69648.1,70195.9,69172.3,69540.0,17123,1718063999999,1192470000.0,936731,8412.0,585909000.0
1718064000000,69540.0,69590.0,66051.0,67314.2,41436,1718150399999,2793800000.0,1782415,19839.8,1337250000.0
1718150400000,67314.2,69999.0,66905.0,68264.0,37175,1718236799999,2550290000.0,1670745,18975.9,1302070000.0
1718236800000,68264.0,68449.3,66251.8,66773.0,29080,1718323199999,1958900000.0,1518202,13886.1,935614000.0
1718323200000,66773.0,67370.2,65078.0,66044.0,28408,1718409599999,1884450000.0,1736314,13619.4,903708000.0
1718409600000,66044.0,66478.5,65857.1,66228.2,11452,1718495999999,758176000.0,700886,5495.02,363796000.0
1718496000000,66228.2,66998.7,66034.5,66676.9,9393,1718582399999,624654000.0,703295,4750.05,315941000.0
1718582400000,66676.9,67298.8,65130.0,66504.3,27386,1718668799999,1812060000.0,1542620,13716.9,907703000.0
1718668800000,66504.3,66588.2,64060.0,65175.3,42350,1718755199999,2755140000.0,2151711,20076.4,1305950000.0
1718755200000,65175.3,65727.5,64666.0,64974.4,20061,1718841599999,1307730000.0,1078458,10289.8,670876000.0
1718841600000,64974.4,66482.9,64559.1,64870.0,24265,1718927999999,1584900000.0,1282687,11828.9,772646000.0
1718928000000,64870.0,65066.7,63379.4,64143.6,25994,1719014399999,1665540000.0,1362617,12543.3,803463000.0
1719014400000,64143.6,64546.8,63943.8,64262.0,7309,1719100799999,470027000.0,562832,3756.29,241584000.0
1719100800000,64262.0,64521.0,63178.3,63210.0,8224,1719187199999,526849000.0,592759,3974.68,254686000.0
1719187200000,63210.0,63369.8,58402.0,60293.3,52161,1719273599999,3180850000.0,2190787,24495.6,1493630000.0
1719273600000,60293.3,62420.0,60257.1,61806.0,31189,1719359999999,1914900000.0,1277481,15360.1,943072000.0
1719360000000,61806.0,62487.8,60712.0,60865.0,22486,1719446399999,1381720000.0,1112152,11435.0,702676000.0
1719446400000,60865.0,62389.2,60606.6,61706.5,18344,1719532799999,1126710000.0,1062176,9298.26,570914000.0
1719532800000,61706.5,62225.3,60063.0,60427.8,24821,1719619199999,1519870000.0,1479626,12661.5,775500000.0
1719619200000,60427.8,61224.0,60383.8,60986.7,11510,1719705599999,701346000.0,767669,5461.69,332791000.0
1719705600000,60986.7,63058.8,60712.2,62772.0,17326,1719791999999,1070250000.0,1108912,8224.45,508209000.0
1719792000000,62772.0,63861.8,62497.2,62900.0,24547,1719878399999,1550980000.0,1461508,12388.6,782786000.0
1719878400000,62900.0,63288.8,61806.3,62135.5,18573,1719964799999,1160790000.0,1308816,9453.18,590763000.0
1719964800000,62135.5,62285.9,59400.0,60208.6,32160,1720051199999,1945900000.0,1839372,15055.5,910632000.0
1720051200000,60208.6,60498.2,56771.0,57050.0,54569,1720137599999,3168620000.0,2523236,24983.0,1450510000.0
1720137600000,57050.0,57546.0,53485.9,56628.8,81348,1720223999999,4515040000.0,3749255,37926.7,2104680000.0
1720224000000,56628.8,58475.0,56018.0,58230.1,21651,1720310399999,1235400000.0,1411065,11083.5,632724000.0
1720310400000,58230.1,58449.5,55724.4,55857.8,19119,1720396799999,1094140000.0,1289229,9081.67,519830000.0
1720396800000,55857.8,58236.7,54260.2,56714.6,48090,1720483199999,2699940000.0,2554389,23963.9,1346500000.0
1720483200000,56714.6,58296.0,56289.4,58050.0,27732,1720569599999,1592350000.0,1757693,14143.2,812249000.0
1720569600000,58050.0,59470.0,57157.8,57725.9,24952,1720655999999,1452290000.0,1766696,12423.5,723210000.0
1720656000000,57725.9,59650.0,57050.0,57339.9,29761,1720742399999,1728930000.0,2157661,15019.3,872987000.0
1720742400000,57339.9,58526.7,56542.5,57889.1,23652,1720828799999,1360200000.0,1749738,11488.8,661029000.0
1720828800000,57889.1,59850.0,57756.6,59204.0,15358,1720915199999,900429000.0,1114391,7889.36,462601000.0
1720915200000,59204.0,61420.7,59194.0,60797.9,21178,1721001599999,1273560000.0,1456088,10479.5,630300000.0
1721001600000,60797.9,64900.0,60632.3,64724.1,38691,1721087999999,2435540000.0,2600425,19076.5,1201410000.0
1721088000000,64724.1,65389.0,62373.2,65044.0,42531,1721174399999,2725230000.0,2484783,21595.0,1384340000.0
1721174400000,65044.0,66128.6,63854.0,64088.0,29568,1721260799999,1922410000.0,1868671,14616.2,950726000.0
1721260800000,64088.0,65133.3,63238.5,63987.9,22569,1721347199999,1449870000.0,1696742,11288.4,725074000.0
1721347200000,63987.9,67386.0,63300.7,66660.0,35635,1721433599999,2331520000.0,2184889,17971.1,1176750000.0
1721433600000,66660.0,67598.0,66222.5,67140.0,14387,1721519999999,961879000.0,995093,6868.63,459314000.0
1721520000000,67140.0,68366.7,65777.0,68165.3,21819,1721606399999,1465760000.0,1322942,11412.1,766857000.0
1721606400000,68165.4,68474.5,66560.0,67532.0,21451,1721692799999,1448420000.0,1558140,10264.0,693064000.0
1721692800000,67532.0,67751.0,65441.1,65936.0,31406,1721779199999,2088540000.0,1772089,15168.8,1008790000.0
1721779200000,65936.0,67102.0,65111.0,65376.0,23083,1721865599999,1526490000.0,1391053,10827.8,716084000.0
1721865600000,65376.0,66175.5,63456.7,65800.0,35126,1721951999999,2266420000.0,1830360,16579.5,1070150000.0
1721952000000,65800.0,68200.0,65722.6,67908.0,24244,1722038399999,1630840000.0,1406982,12444.5,837159000.0
1722038400000,67908.0,69400.0,66650.0,67896.5,31710,1722124799999,2162330000.0,1690591,15838.9,1080430000.0
1722124800000,67896.5,68318.4,67066.7,68249.9,10869,1722211199999,736756000.0,821210,5403.49,366295000.0
1722211200000,68249.9,70080.0,66428.0,66784.7,36467,1722297599999,2499270000.0,1952812,18196.2,1248740000.0
1722297600000,66784.7,67000.0,65302.7,66188.0,23132,1722383999999,1533270000.0,1622083,11096.8,735708000.0
1722384000000,66188.0,66849.2,64530.0,64628.0,22625,1722470399999,1489440000.0,1609976,10818.5,712275000.0
1722470400000,64628.0,65659.8,62302.0,65354.0,35542,1722556799999,2270880000.0,2397257,16886.9,1079220000.0
1722556800000,65354.0,65596.1,61230.0,61498.3,38820,1722643199999,2469590000.0,2457735,18202.4,1158570000.0
1722643200000,61498.3,62198.2,59850.0,60698.0,28035,1722729599999,1711560000.0,1669555,12948.0,790702000.0
1722729600000,60698.0,61117.6,57122.8,58161.0,31617,1722815999999,1874490000.0,1886195,14556.6,863334000.0
1722816000000,58161.0,58305.6,49000.0,54018.8,162066,1722902399999,8580930000.0,7568497,77363.3,4097740000.0
1722902400000,54018.8,57041.0,53950.0,56022.0,55885,1722988799999,3119020000.0,3433824,27934.2,1559420000.0
1722988800000,56022.0,57736.1,54558.6,55134.2,44269,1723075199999,2490550000.0,2397504,21897.2,1232420000.0
1723075200000,55133.8,62745.1,54730.0,61686.0,48350,1723161599999,2836310000.0,2603042,25676.3,1508140000.0
1723161600000,61686.0,61744.4,59535.0,60838.0,30972,1723247999999,1878350000.0,1827809,15023.1,911225000.0
1723248000000,60838.0,61470.6,60242.0,60923.5,9995,1723334399999,607372000.0,800499,4893.64,297435000.0
1723334400000,60923.5,61858.0,58286.7,58712.6,19190,1723420799999,1152080000.0,1319469,9094.75,546165000.0
1723420800000,58712.6,60711.1,57642.2,59346.6,37010,1723507199999,2186850000.0,2293837,18279.3,1080370000.0
1723507200000,59346.6,61578.1,58392.9,60587.1,27859,1723593599999,1668250000.0,1713485,13647.2,817398000.0
1723593600000,60587.2,61800.0,58433.2,58683.4,28423,1723679999999,1705460000.0,1729342,13263.9,796387000.0
1723680000000,58683.4,59849.4,56078.5,57541.1,37686,1723766399999,2194920000.0,2507858,17255.2,1005340000.0
1723766400000,57541.1,59817.8,57098.6,58874.6,27611,1723852799999,1614650000.0,1999539,13963.5,816741000.0
1723852800000,58874.6,59700.0,58785.1,59492.0,7722,1723939199999,457738000.0,807159,3871.65,229477000.0
1723939200000,59492.0,60285.0,58408.9,58427.4,13635,1724025599999,813167000.0,1099730,6660.58,397459000.0
1724025600000,58427.4,59617.6,57787.3,59438.5,22809,1724111999999,1336290000.0,1636295,11350.3,665066000.0
1724112000000,59438.5,61400.0,58548.2,59013.8,31477,1724198399999,1890620000.0,1904519,16041.2,964181000.0
1724198400000,59013.8,61820.9,58783.5,61156.0,27984,1724284799999,1682530000.0,1981525,14156.9,851830000.0
1724284800000,61156.0,61400.0,59724.9,60375.8,21241,1724371199999,1288540000.0,1718280,10269.3,623042000.0
1724371200000,60375.8,64955.0,60342.1,64037.2,38118,1724457599999,2375920000.0,2555682,20372.9,1270320000.0
1724457600000,64037.2,64494.5,63531.0,64157.0,15857,1724543999999,1015770000.0,1551856,7643.03,489673000.0
1724544000000,64157.0,65000.0,63773.3,64220.0,12305,1724630399999,789935000.0,1263065,6315.72,405556000.0
1724630400000,64220.0,64481.0,62800.0,62834.0,19470,1724716799999,1238340000.0,2152841,8995.68,572188000.0
1724716800000,62834.0,63212.0,58034.0,59415.0,35136,1724803199999,2158140000.0,2995281,15873.2,975361000.0
1724803200000,59415.0,60235.0,57860.0,59034.9,36869,1724889599999,2183050000.0,3664134,17135.9,1014900000.0
1724889600000,59034.9,61167.0,58713.1,59359.0,27021,1724975999999,1617930000.0,2743900,13152.4,787682000.0
1724976000000,59359.0,59944.1,57701.1,59124.0,28519,1725062399999,1680920000.0,2845696,13783.3,812769000.0
1725062400000,59124.0,59462.4,58744.0,58974.0,8798,1725148799999,519849000.0,895944,4195.93,247955000.0
1725148800000,58974.0,59076.6,57201.0,57301.9,20705,1725235199999,1202180000.0,2153180,9651.5,560452000.0
1725235200000,57301.8,59425.7,57128.0,59132.1,22895,1725321599999,1333090000.0,1966119,11295.3,657497000.0
1725321600000,59132.1,59809.6,57415.0,57487.7,22828,1725407999999,1335080000.0,2208758,10979.8,642253000.0
1725408000000,57487.7,58519.0,55606.0,57970.9,35561,1725494399999,2027630000.0,3177549,16861.8,961923000.0
1725494400000,57970.9,58327.1,55643.6,56180.0,27807,1725580799999,1577770000.0,3368058,12955.9,734997000.0
1725580800000,56180.0,57008.0,52550.0,53963.0,54448,1725667199999,2988910000.0,5287281,25325.2,1390550000.0
1725667200000,53963.0,54850.0,53745.5,54160.9,16694,1725753599999,905693000.0,1920923,8023.91,435381000.0
1725753600000,54160.9,55318.0,53629.0,54869.9,16274,1725839999999,885743000.0,1796092,8031.76,437222000.0
1725840000000,54869.9,58088.0,54592.0,57042.0,32385,1725926399999,1809720000.0,3355912,16412.8,917670000.0
1725926400000,57042.0,58044.4,56386.4,57636.0,23627,1726012799999,1349370000.0,2843148,11690.4,667775000.0
1726012800000,57636.0,57981.7,55545.2,57338.0,33027,1726099199999,1875740000.0,4045103,15979.3,907634000.0
1726099200000,57338.0,58588.0,57324.0,58132.3,31074,1726185599999,1802850000.0,3706764,14783.0,857572000.0
1726185600000,58132.3,60625.0,57632.6,60498.0,29825,1726271999999,1760670000.0,3378012,15395.1,909142000.0
1726272000000,60498.0,60610.4,59400.0,59993.0,12138,1726358399999,728527000.0,1288784,5570.22,334303000.0
1726358400000,59993.0,60395.8,58691.1,59132.0,13758,1726444799999,822411000.0,1552950,6431.25,384461000.0
1726444800000,59132.0,59210.7,57493.3,58214.0,26478,1726531199999,1543270000.0,3145152,12859.8,749563000.0
1726531200000,58214.0,61320.0,57610.0,60314.0,33116,1726617599999,1983380000.0,3918209,16390.7,981861000.0
1726617600000,60314.0,61786.2,59174.8,61760.0,36087,1726703999999,2174000000.0,5167671,18429.6,1110620000.0
1726704000000,61760.0,63850.0,61555.0,62948.0,34333,1726790399999,2153180000.0,4438284,17609.6,1104430000.0
1726790400000,62948.0,64133.3,62350.0,63201.1,25466,1726876799999,1611200000.0,3969296,12411.3,785441000.0
1726876800000,63201.1,63559.9,62758.0,63349.0,8375,1726963199999,528658000.0,1283611,3877.74,244803000.0
1726963200000,63349.0,64000.0,62357.9,63578.8,14242,1727049599999,897477000.0,2145736,6923.17,436456000.0
1727049600000,63578.8,64745.9,62538.8,63340.0,24078,1727135999999,1531020000.0,3999187,12331.1,784350000.0
1727136000000,63340.0,64688.0,62700.0,64262.7,23185,1727222399999,1472720000.0,3870157,11522.9,732119000.0
1727222400000,64262.7,64818.0,62947.1,63152.0,17813,1727308799999,1135250000.0,3355531,8384.68,534590000.0
1727308800000,63152.0,65839.0,62670.0,65174.0,28373,1727395199999,1831200000.0,4361333,15042.0,971176000.0
1727395200000,65174.0,66498.0,64819.9,65770.0,22049,1727481599999,1448850000.0,3498529,11092.9,729156000.0
1727481600000,65770.0,66260.0,65422.2,65858.0,9127,1727567999999,600118000.0,1341703,4501.23,296027000.0
1727568000000,65858.0,66076.1,65432.0,65602.0,8338,1727654399999,547980000.0,1413449,4132.94,271622000.0
1727654400000,65602.0,65618.8,62856.3,63327.6,30011,1727740799999,1920250000.0,3978584,14451.9,924324000.0
1727740800000,63327.6,64130.6,60164.0,60805.8,43671,1727827199999,2723670000.0,5607069,20951.7,1308600000.0
1727827200000,60804.9,62390.3,60000.0,60649.3,31535,1727913599999,1928380000.0,5313210,15719.3,961468000.0
1727913600000,60649.3,61477.2,59828.1,60752.7,26221,1727999999999,1590770000.0,5244004,12906.5,783074000.0
1728000000000,60752.7,62484.9,60459.9,62086.0,21295,1728086399999,1311150000.0,3798631,10689.3,658151000.0
1728086400000,62086.0,62370.6,61689.3,62058.0,7807,1728172799999,484588000.0,1183175,3690.56,229108000.0
1728172800000,62058.0,62975.0,61799.0,62819.9,8907,1728259199999,555670000.0,1556553,4798.3,299427000.0
1728259200000,62819.9,64478.2,62128.0,62224.0,25966,1728345599999,1646320000.0,4809342,12760.7,809109000.0
1728345600000,62224.0,63200.0,61860.3,62160.5,19702,1728431999999,1230080000.0,3798438,9614.37,600358000.0
1728432000000,62160.5,62543.8,60301.0,60636.0,20011,1728518399999,1234780000.0,3668363,9454.7,583726000.0
1728518400000,60636.0,61321.7,58946.0,60326.4,23968,1728604799999,1445600000.0,3872577,10827.8,653182000.0
1728604800000,60326.4,63417.6,60087.6,62540.0,23641,1728691199999,1462220000.0,3222180,12099.6,748431000.0
1728691200000,62540.0,63480.0,62487.2,63206.2,10911,1728777599999,686978000.0,1770837,5196.92,327263000.0
1728777600000,63206.2,63285.7,62050.0,62870.0,11909,1728863999999,746564000.0,2242529,5855.05,367046000.0
1728864000000,62870.0,66500.0,62457.8,66084.0,37670,1728950399999,2450090000.0,4977577,19941.1,1297060000.0
1728950400000,66084.0,67950.0,64800.0,67074.1,43684,1729036799999,2894020000.0,6245619,21820.7,1446380000.0
1729036800000,67074.1,68424.0,66750.5,67620.0,29938,1729123199999,2024560000.0,5109685,15212.9,1029210000.0
1729123200000,67620.0,67939.4,66666.0,67421.8,25328,1729209599999,1702160000.0,3981960,12153.9,816887000.0
1729209600000,67421.8,69000.0,67192.4,68428.0,28726,1729295999999,1959740000.0,4010969,14218.2,970441000.0
1729296000000,68428.0,68693.3,68010.0,68378.0,8194,1729382399999,559629000.0,1152428,4071.2,278085000.0
1729382400000,68378.0,69400.0,68100.0,69032.0,12442,1729468799999,854082000.0,1563795,6772.93,465002000.0
1729468800000,69032.0,69519.5,66840.7,67377.5,31374,1729555199999,2130830000.0,3686777,13593.6,923861000.0
1729555200000,67377.5,67836.0,66571.4,67426.0,24599,1729641599999,1654290000.0,3669291,12400.5,834161000.0
1729641600000,67426.0,67472.8,65260.0,66668.6,25530,1729727999999,1695100000.0,3807365,11888.3,789385000.0
1729728000000,66668.6,68850.0,66510.0,68198.3,22590,1729814399999,1526740000.0,3797462,11502.6,777936000.0
1729814400000,68198.3,68771.5,65596.3,66698.3,34480,1729900799999,2320670000.0,5332593,16031.0,1079350000.0
1729900800000,66698.3,67454.5,66439.9,67092.8,11843,1729987199999,792887000.0,2373501,6069.19,406370000.0
1729987200000,67092.8,68332.0,66913.7,68021.7,8653,1730073599999,585006000.0,1771989,4417.74,298700000.0
1730073600000,68021.7,70270.0,67618.0,69962.2,29047,1730159999999,2005110000.0,4432446,15218.3,1051610000.0
1730160000000,69962.2,73620.1,69760.0,72736.4,50129,1730246399999,3602470000.0,5645430,26898.5,1932610000.0
1730246400000,72736.4,72961.0,71436.0,72344.7,26886,1730332799999,1941210000.0,4040734,13487.2,973898000.0
1730332800000,72344.8,72700.0,69685.8,70292.0,29352,1730419199999,2091140000.0,4525542,14205.1,1012050000.0
1730419200000,70292.0,71633.0,68820.1,69496.0,38302,1730505599999,2677360000.0,4569271,18044.2,1261660000.0
1730505600000,69496.0,69914.4,69000.1,69374.7,10522,1730591999999,731232000.0,1603561,5227.51,363371000.0
1730592000000,69374.7,69391.0,67478.7,68776.0,24996,1730678399999,1709670000.0,3668029,12277.6,839939000.0
1730678400000,68776.0,69500.0,66835.0,67850.0,29800,1730764799999,2033900000.0,5377048,14927.2,1019260000.0
1730764800000,67850.0,70577.9,67476.6,69372.0,33355,1730851199999,2310420000.0,4955644,17059.9,1181820000.0
1730851200000,69372.0,76400.0,69298.0,75572.0,104127,1730937599999,7702280000.0,8434184,53243.9,3938520000.0
1730937600000,75572.0,76850.0,74416.0,75857.9,44869,1731023999999,3391800000.0,5207722,21805.5,1648280000.0
1731024000000,75857.9,77200.0,75555.0,76509.8,36521,1731110399999,2784450000.0,4877489,17555.4,1339020000.0
1731110400000,76509.8,76900.0,75714.7,76677.5,16942,1731196799999,1294710000.0,2585264,8032.79,614029000.0
1731196800000,76677.5,81500.0,76492.0,80370.0,61830,1731283199999,4905440000.0,7128598,32751.0,2597410000.0
1731283200000,80370.0,89530.5,80216.0,88648.0,82324,1731369599999,6944270000.0,9348890,42837.3,3613900000.0
1731369600000,88648.0,89940.0,85072.0,87952.0,97300,1731455999999,8540080000.0,11499058,49589.3,4353450000.0
1731456000000,87952.0,93265.6,86128.0,90375.2,86764,1731542399999,7790930000.0,11962100,44342.3,3983690000.0
1731542400000,90375.2,91790.0,86668.2,87325.6,56730,1731628799999,5073860000.0,9828858,27940.9,2499210000.0
1731628800000,87325.6,91850.0,87073.4,91032.1,47928,1731715199999,4276240000.0,8009111,24800.6,2213150000.0
1731715200000,91032.1,91779.7,90056.2,90586.9,22718,1731801599999,2067960000.0,4239455,11496.3,1046690000.0
1731801600000,90588.0,91450.0,88722.0,89856.0,23868,1731887999999,2153870000.0,4930719,11852.8,1070090000.0
1731888000000,89856.0,92594.0,89376.9,90464.1,46545,1731974399999,4239910000.0,7161125,23628.9,2153160000.0
1731974400000,90464.1,93905.5,90357.0,92310.8,43660,1732060799999,4025110000.0,5647789,22127.9,2040300000.0
1732060800000,92310.8,94832.0,91500.0,94286.6,42203,1732147199999,3950930000.0,7365987,20425.3,1912350000.0
1732147200000,94286.6,98988.0,94040.0,98317.1,69228,1732233599999,6722810000.0,9048605,35424.1,3440470000.0
1732233600000,98317.1,99588.0,97122.1,98892.0,46189,1732319999999,4555540000.0,7271311,22709.7,2240640000.0
1732320000000,98892.0,98908.9,97136.0,97672.4,24758,1732406399999,2431610000.0,3839138,11176.2,1097540000.0
1732406400000,97672.4,98564.0,95734.8,97900.0,31201,1732492799999,3034170000.0,4964720,15124.1,1471310000.0
1732492800000,97900.0,98871.8,92600.2,93010.0,50847,1732579199999,4883440000.0,8289691,23486.9,2255520000.0
1732579200000,93010.0,94973.4,90791.1,91965.2,57859,1732665599999,5370920000.0,10225809,29120.3,2702540000.0
1732665600000,91965.2,97208.2,91792.1,95863.1,41153,1732751999999,3894360000.0,6648690,20316.6,1922620000.0
1732752000000,95863.1,96564.0,94640.0,95644.0,28815,1732838399999,2749860000.0,4988161,14805.7,1412850000.0
1732838400000,95644.0,98620.0,95365.0,97460.0,27702,1732924799999,2690450000.0,5094070,13840.2,1344150000.0
1732924800000,97460.0,97464.0,96092.0,96408.0,14504,1733011199999,1402670000.0,3354759,7075.92,684285000.0
1733011200000,96408.0,97836.0,95693.9,97185.2,16939,1733097599999,1641330000.0,3342200,8114.9,786489000.0
1733097600000,97185.2,98130.0,94395.0,95840.6,37959,1733183999999,3646640000.0,7560103,18821.9,1808460000.0
1733184000000,95840.6,96305.5,93578.2,95849.7,35827,1733270399999,3414000000.0,5361712,17339.1,1652090000.0
1733270400000,95849.7,99000.0,94587.8,98587.3,43851,1733356799999,4241990000.0,6648724,22033.6,2132660000.0
1733356800000,98587.3,104088.0,90500.0,96945.6,109922,1733443199999,11048000000.0,12012364,56235.1,5657170000.0
1733443200000,96945.6,101899.0,95981.7,99740.8,45050,1733529599999,4456640000.0,6919102,21999.6,2175650000.0
1733529600000,99740.8,100439.0,98844.0,99832.0,14932,1733615999999,1487950000.0,2634566,6776.55,675351000.0
1733616000000,99832.0,101351.0,98657.7,101110.0,14613,1733702399999,1459580000.0,2994709,7152.8,714746000.0
1733702400000,101110.0,101216.0,94150.0,97276.5,53949,1733788799999,5283630000.0,8445872,25472.1,2495720000.0
1733788800000,97276.5,98270.0,94256.5,96593.0,51709,1733875199999,4988660000.0,11556189,24523.1,2367160000.0
1733875200000,96593.0,101888.0,95658.2,101125.0,37754,1733961599999,3745700000.0,8250511,19112.8,1897150000.0
1733961600000,101125.0,102540.0,99311.6,100004.0,29232,1734047999999,2949460000.0,8066322,14175.9,1430980000.0
1734048000000,100004.0,101895.0,99205.0,101424.0,21904,1734134399999,2203900000.0,5481660,10669.1,1073720000.0
1734134400000,101424.0,102650.0,100609.0,101420.0,14192,1734220799999,1441590000.0,3374538,6790.25,689982000.0
1734220800000,101420.0,105250.0,101237.0,104464.0,22229,1734307199999,2290460000.0,3638809,12668.9,1305610000.0
1734307200000,104464.0,107793.0,103333.0,106059.0,41302,1734393599999,4364960000.0,8048054,20349.1,2150550000.0
1734393600000,106059.0,108353.0,105321.0,106134.0,29065,1734479999999,3103830000.0,7212799,14187.3,1515160000.0
1734480000000,106134.0,106525.0,100000.0,100204.0,50308,1734566399999,5194260000.0,8762120,23308.4,2407210000.0
1734566400000,100204.0,102800.0,95700.0,97461.9,55147,1734652799999,5487550000.0,7273941,26898.6,2677640000.0
1734652800000,97461.9,98233.0,92232.5,97805.4,62884,1734739199999,6022850000.0,7429007,29463.2,2822940000.0
1734739200000,97805.4,99540.6,96398.4,97292.0,23484,1734825599999,2296230000.0,3717638,11726.9,1146730000.0
1734825600000,97292.0,97448.1,94250.4,95186.3,19354,1734911999999,1857820000.0,3633551,9293.4,892082000.0
1734912000000,95186.3,96538.9,92520.0,94881.5,32811,1734998399999,3100010000.0,5464919,16339.6,1544710000.0
1734998400000,94881.5,99488.0,93569.0,98663.6,23674,1735084799999,2287210000.0,3421549,11969.3,1156800000.0
1735084800000,98663.6,99569.1,97632.0,99429.6,14474,1735171199999,1426140000.0,3283028,7006.53,690465000.0
1735171200000,99429.6,99963.7,95199.1,95791.6,21192,1735257599999,2049120000.0,5203490,10071.9,973941000.0
1735257600000,95791.6,97544.6,93500.0,94299.0,26501,1735343999999,2528570000.0,5718866,12945.5,1235620000.0
1735344000000,94299.0,95734.0,94135.7,95300.0,8386,1735430399999,794652000.0,2732061,4203.6,398416000.0
1735430400000,95300.0,95340.0,93009.5,93738.2,13576,1735516799999,1278370000.0,2865838,5651.39,532195000.0
1735516800000,93738.2,95024.5,91530.5,92792.0,27619,1735603199999,2573130000.0,5560563,13092.2,1220210000.0
1735603200000,92792.0,96250.0,92033.7,93576.0,19612,1735689599999,1845720000.0,3347847,9687.97,911716000.0
1735689600000,93576.0,95151.1,92888.0,94591.8,10373,1735775999999,975444000.0,1516556,5347.74,502914000.0
1735776000000,94591.8,97839.5,94392.0,96984.8,21970,1735862399999,2118410000.0,3569079,10916.0,1052230000.0
1735862400000,96984.8,98976.9,96100.0,98174.2,15254,1735948799999,1486610000.0,2851164,7468.61,727787000.0
1735948800000,98174.2,98778.4,97514.8,98220.5,8990,1736035199999,881224000.0,1559982,4350.8,426525000.0
1736035200000,98220.5,98836.9,97276.8,98363.6,8096,1736121599999,793932000.0,1685799,3877.91,380355000.0
1736121600000,98363.6,102480.0,97920.0,102236.0,25263,1736207999999,2540560000.0,3853702,12539.6,1260940000.0
1736208000000,102236.0,102724.0,96181.8,96954.6,32060,1736294399999,3170420000.0,4480562,14815.1,1464340000.0
1736294400000,96954.6,97268.6,92500.9,95060.6,33705,1736380799999,3205850000.0,5171208,15803.9,1503790000.0
1736380800000,95060.6,95382.3,91203.7,92552.5,34545,1736467199999,3217670000.0,6027161,15323.6,1427810000.0
1736467200000,92552.5,95836.0,92206.0,94726.1,31483,1736553599999,2962090000.0,5531444,15617.4,1469710000.0
1736553600000,94726.1,95050.9,93831.7,94600.0,7048,1736639999999,665686000.0,1496191,3412.38,322347000.0
1736640000000,94600.0,95450.1,93711.2,94545.1,8607,1736726399999,813279000.0,1658863,4028.33,380692000.0
1736726400000,94545.1,95940.0,89256.7,94536.1,42620,1736812799999,3930670000.0,5740963,19473.9,1797890000.0
1736812800000,94536.1,97371.0,94346.2,96560.9,27847,1736899199999,2676050000.0,4532923,14248.7,1369460000.0
1736899200000,96560.9,100682.0,96500.0,100497.0,30510,1736985599999,3006240000.0,3487945,15494.2,1527730000.0
1736985600000,100497.0,100867.0,97335.1,99987.3,27833,1737071999999,2765160000.0,3762755,13513.5,1342460000.0
1737072000000,99987.3,105865.0,99950.8,104077.0,39172,1737158399999,4040990000.0,3886907,20673.2,2131220000.0
1737158400000,104077.0,104989.0,102278.0,104556.0,24308,1737244799999,2521520000.0,3403162,11607.5,1204170000.0
1737244800000,104556.0,106422.0,99651.6,101332.0,43397,1737331199999,4513420000.0,5271920,21079.5,2193270000.0
1737331200000,101332.0,109588.0,99550.0,102260.0,89529,1737417599999,9398790000.0,11597937,44770.5,4704450000.0
1737417600000,102260.0,107241.0,100119.0,106144.0,45941,1737503999999,4768510000.0,6842980,23227.0,2411850000.0
1737504000000,106144.0,106394.0,103339.0,103707.0,22249,1737590399999,2331140000.0,4364035,10501.6,1100170000.0
1737590400000,103707.0,106850.0,101262.0,103910.0,53953,1737676799999,5610760000.0,6961383,27045.9,2813830000.0
1737676800000,103910.0,107120.0,102750.0,104870.0,23609,1737763199999,2483820000.0,4798886,11893.5,1251600000.0
1737763200000,104871.0,105287.0,104106.0,104747.0,9068,1737849599999,949512000.0,1770765,4462.6,467285000.0
1737849600000,104747.0,105500.0,102520.0,102620.0,9813,1737935999999,1024350000.0,1813011,4642.17,484871000.0
1737936000000,102620.0,103260.0,97777.8,102083.0,50758,1738022399999,5092890000.0,9368910,23529.2,2361570000.0
1738022400000,102083.0,103800.0,100273.0,101336.0,22022,1738108799999,2253980000.0,5428644,10756.6,1101360000.0
1738108800000,101336.0,104783.0,101328.0,103733.0,23155,1738195199999,2380380000.0,5189699,11675.2,1200640000.0
1738195200000,103733.0,106457.0,103279.0,104723.0,19374,1738281599999,2038110000.0,3990075,10140.9,1066930000.0
1738281600000,104723.0,106012.0,101560.0,102430.0,21983,1738367999999,2282170000.0,4331904,10697.4,1111490000.0
1738368000000,102430.0,102784.0,100280.0,100636.0,12291,1738454399999,1250350000.0,2588786,5625.89,572540000.0
1738454400000,100636.0,101457.0,96150.0,97700.6,34619,1738540799999,3412080000.0,7202339,15587.2,1536080000.0
1738540800000,97700.6,102500.0,91231.0,101329.0,75165,1738627199999,7228590000.0,10625262,36736.6,3537850000.0
1738627200000,101329.0,101732.0,96150.0,97763.1,40268,1738713599999,3989700000.0,6618911,19091.6,1891460000.0
1738713600000,97763.1,99149.0,96155.0,96612.4,26233,1738799999999,2562340000.0,4471763,11032.6,1078320000.0
1738800000000,96612.4,99120.0,95676.6,96554.4,23515,1738886399999,2289070000.0,4242807,11261.5,1096610000.0
1738886400000,96554.4,100138.0,95620.3,96506.8,31794,1738972799999,3107590000.0,5012456,15249.4,1491110000.0
1738972800000,96506.8,96880.0,95688.0,96444.7,10147,1739059199999,977040000.0,1757892,4450.53,428453000.0
1739059200000,96444.8,97323.1,94713.0,96462.8,14121,1739145599999,1359500000.0,2293192,6663.73,641796000.0
1739145600000,96462.8,98345.0,95256.0,97430.8,20573,1739231999999,1999110000.0,3475919,9607.62,933666000.0
1739232000000,97430.8,98478.4,94876.9,95778.2,18648,1739318399999,1806530000.0,3716586,8594.5,832320000.0
1739318400000,95778.2,98120.0,94088.2,97870.0,29151,1739404799999,2800140000.0,4992737,13820.7,1328040000.0
1739404800000,97870.0,98083.9,95217.4,96608.1,19922,1739491199999,1916990000.0,3909456,8852.16,851824000.0
1739491200000,96608.1,98826.0,96252.8,97500.5,18173,1739577599999,1768070000.0,3499564,9061.32,881925000.0
1739577600000,97500.5,97972.3,97223.6,97569.7,7349,1739663999999,717245000.0,1694327,3579.14,349323000.0
1739664000000,97569.7,97704.5,96046.2,96118.1,8191,1739750399999,794694000.0,1596701,3719.73,360842000.0
1739750400000,96118.1,97046.6,95205.0,95780.0,16492,1739836799999,1584590000.0,2831237,8010.42,769979000.0
1739836800000,95780.0,96753.9,93388.1,95671.7,23368,1739923199999,2223990000.0,4234248,11432.5,1088320000.0
1739923200000,95671.7,96900.0,95030.0,96644.4,16439,1740009599999,1576820000.0,2784225,7173.62,688587000.0
1740009600000,96644.4,98711.4,96415.1,98305.0,17057,1740095999999,1663390000.0,2386973,8356.43,815057000.0
1740096000000,98305.0,99475.0,94872.0,96182.0,32249,1740182399999,3143980000.0,4528525,15313.6,1493400000.0
1740182400000,96182.0,96980.0,95770.5,96551.0,11268,1740268799999,1087080000.0,1506418,5293.28,510723000.0
1740268800000,96551.0,96650.0,95227.9,96258.0,10885,1740355199999,1044390000.0,1457368,4619.93,443382000.0
1740355200000,96258.0,96500.0,91349.3,91552.9,31550,1740441599999,2981810000.0,4972684,14438.6,1366470000.0
1740441600000,91552.9,92540.7,86051.0,88680.4,78333,1740527999999,6962980000.0,10289145,35822.2,3183980000.0
1740528000000,88680.4,89414.1,82256.0,84250.1,56894,1740614399999,4898430000.0,8490006,28077.2,2417690000.0
1740614400000,84250.1,87078.5,82716.5,84708.6,42505,1740700799999,3618740000.0,6357581,20355.7,1732730000.0
1740700800000,84708.6,85120.0,78258.5,84349.9,83648,1740787199999,6806710000.0,11344216,40224.9,3274290000.0
1740787200000,84350.0,86558.0,83824.8,86064.5,25785,1740873599999,2194000000.0,3700728,11748.1,1000090000.0
1740873600000,86064.5,95000.0,85050.6,94270.0,54889,1740959999999,4972550000.0,7403218,29273.8,2652970000.0
1740960000000,94270.0,94416.5,85117.1,86220.6,59171,1741046399999,5321120000.0,9797860,27915.4,2513460000.0
1741046400000,86221.2,88967.5,81500.0,87282.0,55609,1741132799999,4704900000.0,10326631,27584.7,2335090000.0
1741132800000,87282.0,91000.0,86334.5,90606.0,38264,1741219199999,3400240000.0,8070266,19230.3,1709710000.0
1741219200000,90606.0,92810.6,87836.0,89931.9,34342,1741305599999,3105150000.0,7643526,17284.0,1563430000.0
1741305600000,89931.9,91283.0,84667.0,86801.8,57980,1741391999999,5097550000.0,9510442,28394.4,2497920000.0
1741392000000,86801.7,86897.2,85218.5,86222.5,12989,1741478399999,1119360000.0,2553974,6491.57,559582000.0
1741478400000,86222.5,86500.0,80000.0,80734.4,26115,1741564799999,2173550000.0,5189138,12093.9,1006300000.0
1741564800000,80734.5,84123.5,77459.9,78595.9,47633,1741651199999,3834930000.0,8701538,22898.6,1846610000.0
1741651200000,78595.9,83617.4,76606.0,82933.0,48770,1741737599999,3927000000.0,6983310,24029.2,1935950000.0
1741737600000,82933.0,84539.9,80607.6,83680.1,31934,1741823999999,2638600000.0,5253577,15749.4,1301890000.0
1741824000000,83680.1,84336.3,79939.9,81115.8,27546,1741910399999,2260870000.0,4367093,13013.2,1067950000.0
1741910400000,81115.8,85309.7,80818.8,83983.2,26859,1741996799999,2244730000.0,3290987,14082.9,1177810000.0
1741996800000,83983.2,84676.3,83618.0,84338.4,11325,1742083199999,953446000.0,1329670,5195.29,437551000.0
1742083200000,84338.4,85117.0,81981.1,82574.5,17596,1742169599999,1468060000.0,2767947,8505.95,710037000.0
1742169600000,82574.5,84756.8,82456.0,84010.0,17215,1742255999999,1437720000.0,3014756,8387.89,700505000.0
1742256000000,84010.0,84021.7,81134.7,82715.0,17611,1742342399999,1450810000.0,3126371,8047.23,662809000.0
1742342400000,82715.0,87000.0,82547.2,86845.9,28151,1742428799999,2375810000.0,3774761,13804.2,1166240000.0
1742428800000,86845.9,87453.7,83655.2,84223.4,22090,1742515199999,1885240000.0,3252595,10163.6,867440000.0
1742515200000,84223.4,84850.3,83175.2,84088.8,11957,1742601599999,1005140000.0,2360005,5466.42,459501000.0
1742601600000,84088.8,84539.2,83625.1,83840.6,5420,1742687999999,456235000.0,864481,2284.19,192291000.0
1742688000000,83840.6,86129.6,83809.8,86082.5,8462,1742774399999,718692000.0,1206533,4424.81,376007000.0
1742774400000,86082.5,88765.4,85519.1,87498.2,30116,1742860799999,2636770000.0,2916713,14380.0,1258640000.0
1742860800000,87498.2,88539.6,86310.0,87392.9,22643,1742947199999,1979570000.0,2802815,9440.56,825308000.0
1742947200000,87392.9,88275.0,85860.0,86909.2,18409,1743033599999,1606410000.0,2380154,8590.98,749605000.0
1743033600000,86909.2,87756.4,85800.0,87232.0,17098,1743119999999,1487970000.0,2376381,8185.06,712325000.0
1743120000000,87232.0,87515.7,83585.0,84424.4,27183,1743206399999,2309950000.0,3236085,11274.8,958523000.0
1743206400000,84424.4,84624.7,81644.8,82648.5,11696,1743292799999,970200000.0,2172387,5621.6,466216000.0
1743292800000,82648.5,83534.6,81565.0,82390.0,9864,1743379199999,816585000.0,1907663,4725.07,391214000.0
1743379200000,82390.0,83943.1,81278.5,82550.0,20569,1743465599999,1696010000.0,3964358,9912.88,817876000.0
1743465600000,82550.0,85579.5,82432.7,85158.3,20190,1743551999999,1698900000.0,3328693,10246.4,862303000.0
1743552000000,85158.4,88500.0,82320.0,82516.3,39931,1743638399999,3417280000.0,5338238,20739.7,1777740000.0
1743638400000,82516.3,83998.0,81211.2,83213.1,27338,1743724799999,2259300000.0,4117486,13951.5,1153440000.0
1743724800000,83213.1,84720.0,81659.0,83889.9,32916,1743811199999,2739840000.0,4992586,15896.2,1323830000.0
1743811200000,83889.9,84266.0,82380.0,83538.0,9360,1743897599999,779627000.0,1575750,4029.65,335655000.0
1743897600000,83538.0,83817.6,77153.8,78430.0,27943,1743983999999,2239090000.0,3948493,12493.8,1001460000.0
1743984000000,78430.0,81243.6,74508.0,79163.2,78388,1744070399999,6084610000.0,9736596,39075.8,3034380000.0
1744070400000,79163.2,80868.0,76239.9,76322.4,35317,1744156799999,2775280000.0,5512751,15704.7,1235370000.0
1744156800000,76322.4,83588.0,74620.0,82615.2,75488,1744243199999,5980230000.0,7741252,39491.6,3137000000.0
1744243200000,82615.2,82753.2,78464.4,79607.3,33285,1744329599999,2690290000.0,4529545,16339.9,1321480000.0
1744329600000,79607.3,84300.0,78969.6,83423.8,34435,1744415999999,2830360000.0,4423157,18019.6,1482520000.0
1744416000000,83423.8,85905.0,82793.0,85276.9,18471,1744502399999,1557400000.0,2501196,9526.73,803747000.0
1744502400000,85276.9,86100.0,83034.2,83760.0,24680,1744588799999,2086110000.0,3275879,11658.7,986303000.0
1744588800000,83760.0,85800.0,83678.0,84591.6,28659,1744675199999,2429130000.0,3921522,15196.6,1288820000.0
1744675200000,84591.6,86496.4,83600.0,83644.0,20911,1744761599999,1780970000.0,2910533,10439.4,889896000.0
1744761600000,83644.0,85500.0,83111.6,84030.4,20867,1744847999999,1753910000.0,3264730,10456.8,878940000.0
1744848000000,84030.4,85470.0,83736.3,84947.9,13729,1744934399999,1161660000.0,2003405,6424.42,543727000.0
1744934400000,84947.9,85132.1,84304.0,84474.7,6530,1745020799999,552649000.0,840009,2911.79,246467000.0
1745020800000,84474.7,85678.0,84364.5,85077.0,9667,1745107199999,823223000.0,875226,5416.3,461343000.0
1745107200000,85077.0,85320.8,83949.5,85179.2,8092,1745193599999,685254000.0,944130,3843.48,325483000.0
1745193600000,85179.2,88466.0,85144.8,87516.2,31773,1745279999999,2773300000.0,3041395,17216.4,1502710000.0
1745280000000,87516.2,93888.0,87076.0,93443.0,43873,1745366399999,3967780000.0,3268475,22777.8,2062640000.0
1745366400000,93443.0,94696.0,91935.4,93691.1,27404,1745452799999,2560280000.0,3016536,13128.1,1226990000.0
1745452800000,93691.1,94005.0,91660.0,93980.5,19497,1745539199999,1811120000.0,2797383,8565.18,795787000.0
1745539200000,93980.5,95758.0,92856.0,94638.7,27501,1745625599999,2596880000.0,3331828,13072.2,1234150000.0
1745625600000,94638.7,95199.0,93870.7,94628.0,9415,1745711999999,889627000.0,1475983,4156.22,392757000.0
1745712000000,94628.0,95369.0,93602.6,93749.3,11163,1745798399999,1052330000.0,1918160,5250.09,495112000.0
1745798400000,93749.3,95630.0,92800.0,95011.2,22158,1745884799999,2092530000.0,3424740,11626.8,1098670000.0
1745884800000,95011.2,95461.5,93742.5,94256.8,16955,1745971199999,1607150000.0,3020875,7112.68,674689000.0
1745971200000,94256.8,95228.5,92910.0,94172.0,17661,1746057599999,1664830000.0,3214149,8393.22,791272000.0
1746057600000,94172.0,97424.0,94130.4,96489.9,21380,1746143999999,2053860000.0,2925716,10925.9,1049160000.0
1746144000000,96489.9,97895.7,96350.0,96887.1,14906,1746230399999,1446390000.0,2698263,7440.34,722023000.0
1746230400000,96887.1,96935.7,95753.0,95856.4,9723,1746316799999,935906000.0,1181239,3929.4,378271000.0
1746316800000,95856.4,96304.5,94151.4,94277.6,11036,1746403199999,1053540000.0,1674726,4385.33,418573000.0
1746403200000,94277.6,95199.0,93514.1,94733.7,17251,1746489599999,1627000000.0,2623300,8399.65,792300000.0
1746489600000,94733.7,96920.6,93377.0,96834.0,16123,1746575999999,1526850000.0,2512960,7505.96,711372000.0
1746576000000,96834.0,97732.0,95784.6,97030.5,16645,1746662399999,1611730000.0,2849139,8316.75,805431000.0
1746662400000,97030.5,104146.0,96876.3,103262.0,34962,1746748799999,3508650000.0,4991147,18547.2,1861330000.0
1746748800000,103262.0,104361.0,102315.0,102972.0,27617,1746835199999,2847520000.0,4406929,14525.2,1497830000.0
1746835200000,102972.0,104985.0,102819.0,104810.0,15325,1746921599999,1588390000.0,2227845,8258.23,856095000.0
1746921600000,104810.0,104972.0,103345.0,104118.0,17987,1747007999999,1873380000.0,3100176,9071.96,944903000.0
1747008000000,104118.0,105819.0,100718.0,102791.0,31273,1747094399999,3242350000.0,5298407,16456.0,1707460000.0
1747094400000,102791.0,104976.0,101430.0,104104.0,21253,1747180799999,2197240000.0,3703531,10706.0,1106610000.0
1747180800000,104104.0,104357.0,102602.0,103508.0,16453,1747267199999,1704710000.0,3025221,8026.03,831783000.0
1747267200000,103508.0,104193.0,101383.0,103764.0,17999,1747353599999,1850180000.0,4139477,8475.18,871244000.0
1747353600000,103764.0,104550.0,103100.0,103464.0,15684,1747439999999,1628830000.0,3237442,7555.16,784850000.0
1747440000000,103464.0,103710.0,102612.0,103127.0,11251,1747526399999,1160420000.0,2568597,5335.12,550380000.0
1747526400000,103127.0,106660.0,103105.0,106454.0,21600,1747612799999,2262210000.0,3193300,11664.9,1221910000.0
1747612800000,106454.0,107109.0,102000.0,105574.0,30260,1747699199999,3150320000.0,4881371,14208.3,1480450000.0
1747699200000,105574.0,107320.0,104185.0,106850.0,23705,1747785599999,2509100000.0,3878351,12350.5,1307270000.0
1747785600000,106850.0,110797.0,106100.0,109644.0,45531,1747871999999,4914710000.0,6835279,23661.6,2555530000.0
1747872000000,109644.0,111980.0,109177.0,111696.0,31631,1747958399999,3509430000.0,5794216,16584.6,1840080000.0
1747958400000,111696.0,111800.0,106800.0,107318.0,31738,1748044799999,3469700000.0,5251192,14309.3,1565620000.0
1748044800000,107318.0,109506.0,106875.0,107762.0,16783,1748131199999,1819960000.0,2805418,8786.91,953683000.0
1748131200000,107762.0,109300.0,106601.0,109004.0,17710,1748217599999,1904370000.0,3151168,7867.17,846688000.0
1748217600000,109004.0,110422.0,108671.0,109435.0,14649,1748303999999,1605580000.0,2887863,7301.11,800269000.0
1748304000000,109435.0,110718.0,107517.0,108938.0,21277,1748390399999,2327600000.0,3735509,9969.89,1090550000.0
1748390400000,108938.0,109285.0,106769.0,107782.0,15634,1748476799999,1689140000.0,2933262,6877.27,743283000.0
1748476800000,107782.0,108892.0,105323.0,105590.0,19835,1748563199999,2128640000.0,3774926,9457.49,1015170000.0
1748563200000,105590.0,106313.0,103621.0,103985.0,23706,1748649599999,2493080000.0,4307572,11071.0,1164160000.0
1748649600000,103985.0,104900.0,103069.0,104592.0,11289,1748735999999,1174000000.0,2343787,5278.95,548981000.0
1748736000000,104592.0,105867.0,103752.0,105643.0,9710,1748822399999,1016190000.0,1939359,4640.35,485683000.0
1748822400000,105643.0,105936.0,103660.0,105858.0,13454,1748908799999,1409000000.0,2997656,6494.65,680178000.0
1748908800000,105858.0,106795.0,104872.0,105377.0,13260,1748995199999,1402490000.0,2470698,6260.22,662161000.0
1748995200000,105377.0,106000.0,104179.0,104697.0,14035,1749081599999,1476930000.0,2274464,6979.95,734804000.0
1749081600000,104697.0,105910.0,100372.0,101509.0,22322,1749167999999,2301570000.0,3963295,10005.4,1031670000.0
1749168000000,101509.0,105333.0,101096.0,104288.0,15839,1749254399999,1642380000.0,2709327,7655.61,793576000.0
1749254400000,104288.0,105900.0,103871.0,105552.0,8345,1749340799999,877915000.0,1402494,3970.02,417664000.0
1749340800000,105552.0,106488.0,104964.0,105734.0,8048,1749427199999,850887000.0,1295154,4361.42,461098000.0
1749427200000,105734.0,110530.0,105318.0,110263.0,19975,1749513599999,2154920000.0,2839846,10623.9,1146790000.0
1749513600000,110263.0,110400.0,108331.0,110274.0,17072,1749599999999,1867620000.0,3003420,8009.3,876411000.0
1749600000000,110274.0,110392.0,108064.0,108645.0,13116,1749686399999,1434880000.0,2667014,6030.97,659947000.0
1749686400000,108645.0,108814.0,105672.0,105672.0,17779,1749772799999,1908310000.0,3517420,8291.23,890420000.0
1749772800000,105672.0,106180.0,102664.0,106067.0,26181,1749859199999,2735460000.0,5452577,12793.7,1337300000.0
1749859200000,106067.0,106252.0,104300.0,105415.0,8799,1749945599999,925569000.0,1521776,3848.55,405001000.0
1749945600000,105415.0,106129.0,104495.0,105594.0,7164,1750031999999,754597000.0,1564768,3356.47,353609000.0
1750032000000,105594.0,108952.0,104980.0,106795.0,14923,1750118399999,1599850000.0,2928998,7442.35,797865000.0
1750118400000,106795.0,107771.0,103371.0,104551.0,17866,1750204799999,1883170000.0,3723010,8082.65,852365000.0
1750204800000,104551.0,105550.0,103500.0,104887.0,13969,1750291199999,1461380000.0,3468170,6656.31,696387000.0
1750291200000,104887.0,105226.0,103929.0,104659.0,7679,1750377599999,803403000.0,1718045,3583.2,374871000.0
1750377600000,104659.0,106525.0,102345.0,103298.0,16419,1750463999999,1714410000.0,3029404,7113.97,743649000.0
1750464000000,103298.0,103983.0,100838.0,102120.0,11154,1750550399999,1144830000.0,2172578,4632.94,475271000.0
1750550400000,102120.0,103400.0,98200.0,100964.0,28746,1750636799999,2892700000.0,5121309,13142.0,1322390000.0
1750636800000,100964.0,106074.0,99613.3,105334.0,27667,1750723199999,2836170000.0,4944207,13408.2,1375650000.0
1750723200000,105334.0,106290.0,104622.0,106083.0,14652,1750809599999,1543450000.0,2973481,6848.32,721631000.0
1750809600000,106083.0,108135.0,105808.0,107341.0,16701,1750895999999,1789550000.0,2988892,8576.14,919353000.0
1750896000000,107341.0,108272.0,106562.0,106947.0,10573,1750982399999,1136090000.0,2597742,4983.09,535472000.0
1750982400000,106947.0,107735.0,106357.0,107048.0,12232,1751068799999,1308420000.0,2304499,4862.28,520251000.0
1751068800000,107048.0,107578.0,106812.0,107297.0,3282,1751155199999,352025000.0,653305,1514.42,162441000.0
1751155200000,107297.0,108528.0,107173.0,108357.0,6832,1751241599999,736708000.0,1223202,3771.11,406653000.0
1751241600000,108357.0,108790.0,106733.0,107146.0,9754,1751327999999,1050410000.0,1773485,4331.38,466475000.0
1751328000000,107147.0,107540.0,105251.0,105681.0,10506,1751414399999,1117430000.0,2013289,4648.92,494549000.0
1751414400000,105681.0,109730.0,105100.0,108850.0,17692,1751500799999,1915700000.0,2444708,9248.43,1002260000.0
1751500800000,108850.0,110529.0,108530.0,109585.0,13047,1751587199999,1429460000.0,2568944,6961.9,763022000.0
1751587200000,109585.0,109768.0,107245.0,107984.0,11794,1751673599999,1276220000.0,1975212,4787.8,518313000.0
1751673600000,107984.0,108421.0,107756.0,108198.0,3737,1751759999999,403929000.0,710020,1803.69,194977000.0
1751760000000,108198.0,109700.0,107800.0,109204.0,6448,1751846399999,700733000.0,1256591,3209.36,348781000.0
1751846400000,109204.0,109700.0,107513.0,108263.0,9405,1751932799999,1020850000.0,1961940,3920.92,425664000.0
1751932800000,108263.0,109217.0,107430.0,108923.0,9216,1752019199999,1000110000.0,1723244,4371.99,474674000.0
1752019200000,108923.0,112000.0,108325.0,111234.0,17282,1752105599999,1902050000.0,2328484,8935.7,983406000.0
1752105600000,111234.0,116868.0,110500.0,116010.0,24883,1752191999999,2826460000.0,3227017,12900.1,1465780000.0
1752192000000,116010.0,118870.0,115222.0,117528.0,25874,1752278399999,3039520000.0,3708194,12502.9,1468370000.0
1752278400000,117528.0,118200.0,116900.0,117420.0,8447,1752364799999,993093000.0,1441851,3784.55,444996000.0
1752364800000,117420.0,119488.0,117225.0,119087.0,9551,1752451199999,1132100000.0,1650283,4766.47,565024000.0
1752451200000,119087.0,123218.0,118905.0,119841.0,27269,1752537599999,3299750000.0,4076133,14099.6,1705510000.0
1752537600000,119841.0,119941.0,115737.0,117758.0,32018,1752623999999,3755260000.0,3805374,15667.3,1837580000.0
1752624000000,117758.0,120064.0,117017.0,118630.0,17040,1752710399999,2023850000.0,2429625,8355.97,992431000.0
1752710400000,118630.0,120999.0,117454.0,119178.0,15729,1752796799999,1869110000.0,2347985,7696.18,914659000.0
1752796800000,119178.0,120821.0,116813.0,117925.0,19925,1752883199999,2367360000.0,2805236,8951.38,1063780000.0
1752883200000,117925.0,118500.0,117277.0,117840.0,6636,1752969599999,783328000.0,1133382,2978.38,351626000.0
1752969600000,117840.0,118857.0,116467.0,117265.0,12963,1753055999999,1528860000.0,1615935,6581.33,776457000.0
1753056000000,117265.0,119677.0,116515.0,117380.0,17107,1753142399999,2020780000.0,2509543,8426.32,995117000.0
1753142400000,117380.0,120248.0,116128.0,119954.0,20959,1753228799999,2481250000.0,2778733,10811.5,1280630000.0
1753228800000,119954.0,120090.0,117301.0,118756.0,14559,1753315199999,1722130000.0,2101404,7070.09,836266000.0
1753315200000,118756.0,119450.0,117103.0,118341.0,15807,1753401599999,1873180000.0,2081435,7651.74,906619000.0
1753401600000,118341.0,118452.0,114723.0,117614.0,38406,1753487999999,4456780000.0,3282355,17042.8,1977870000.0
1753488000000,117614.0,118297.0,117138.0,117920.0,6992,1753574399999,823629000.0,790372,3167.88,373290000.0
1753574400000,117920.0,119767.0,117826.0,119416.0,9328,1753660799999,1107880000.0,1095080,5238.3,622262000.0
1753660800000,119416.0,119800.0,117428.0,118062.0,13962,1753747199999,1655880000.0,1824777,7224.92,857128000.0
1753747200000,118062.0,119273.0,116951.0,117951.0,15138,1753833599999,1788680000.0,1956694,7988.94,944163000.0
1753833600000,117951.0,118792.0,115796.0,117840.0,15587,1753919999999,1832700000.0,1997369,7803.61,917633000.0
1753920000000,117840.0,118922.0,115500.0,115764.0,17010,1754006399999,2002870000.0,1859532,8313.52,979519000.0
1754006400000,115764.0,116052.0,112723.0,113298.0,24487,1754092799999,2810270000.0,4160829,11487.2,1318590000.0
1754092800000,113298.0,114063.0,112003.0,112546.0,11507,1754179199999,1301880000.0,2165714,5060.01,572586000.0
1754179200000,112546.0,114800.0,111920.0,114209.0,7398,1754265599999,841090000.0,1419281,3738.18,425246000.0
1754265600000,114209.0,115720.0,114108.0,115055.0,9668,1754351999999,1109940000.0,1954230,4715.29,541443000.0
1754352000000,115055.0,115128.0,112650.0,114130.0,12043,1754438399999,1371860000.0,2581052,5622.67,640571000.0
1754438400000,114130.0,115716.0,113355.0,114992.0,9761,1754524799999,1118030000.0,2026500,4872.25,558193000.0
1754524800000,114992.0,117621.0,114259.0,117472.0,13469,1754611199999,1564450000.0,2314671,7008.74,814089000.0
1754611200000,117472.0,117630.0,115879.0,116675.0,10045,1754697599999,1172200000.0,2095304,4584.91,534971000.0
1754697600000,116675.0,117944.0,116299.0,116462.0,9514,1754783999999,1111840000.0,1390951,4869.85,569228000.0
1754784000000,116462.0,119311.0,116461.0,119294.0,14323,1754870399999,1694200000.0,2317065,8023.44,949082000.0
1754870400000,119294.0,122335.0,118050.0,118686.0,26494,1754956799999,3194610000.0,4021743,13243.4,1596640000.0
1754956800000,118686.0,120324.0,118207.0,120134.0,16720,1755043199999,1992760000.0,2737841,9265.06,1104370000.0
1755043200000,120134.0,123668.0,118921.0,123306.0,23210,1755129599999,2811580000.0,3712817,11931.3,1446050000.0
1755129600000,123306.0,124474.0,117180.0,118295.0,27981,1755215999999,3359130000.0,4350449,13402.1,1608720000.0
1755216000000,118295.0,119217.0,116804.0,117342.0,13623,1755302399999,1607610000.0,2895016,6141.42,724800000.0
1755302400000,117342.0,117899.0,117144.0,117381.0,6394,1755388799999,751719000.0,1179842,2995.23,352159000.0
1755388800000,117381.0,118575.0,117172.0,117405.0,5899,1755475199999,695629000.0,1177563,2804.73,330799000.0
1755475200000,117405.0,117544.0,114640.0,116227.0,17746,1755561599999,2053810000.0,3346280,7647.71,885109000.0
1755561600000,116227.0,116726.0,112733.0,112873.0,18065,1755647999999,2065010000.0,3291182,8609.41,984094000.0
1755648000000,112873.0,114615.0,112380.0,114271.0,15636,1755734399999,1776150000.0,2998370,7209.59,819331000.0
1755734400000,114271.0,114822.0,112016.0,112500.0,10840,1755820799999,1227370000.0,2357380,5346.48,605400000.0
1755820800000,112500.0,117429.0,111685.0,116936.0,23128,1755907199999,2656630000.0,3438518,11843.6,1359910000.0
1755907200000,116936.0,117030.0,114560.0,115438.0,11329,1755993599999,1308830000.0,1559569,5083.35,587274000.0
1755993600000,115438.0,115667.0,110680.0,113494.0,21176,1756079999999,2411280000.0,2573906,9325.07,1061860000.0
1756080000000,113494.0,113667.0,109274.0,110112.0,25183,1756166399999,2805570000.0,4695718,11387.6,1269660000.0
1756166400000,110112.0,112371.0,108667.0,111763.0,18452,1756252799999,2033440000.0,4077474,9863.43,1087470000.0
1756252800000,111763.0,112625.0,110345.0,111262.0,13393,1756339199999,1493770000.0,3111496,6261.85,698586000.0
1756339200000,111262.0,113486.0,110862.0,112567.0,11104,1756425599999,1250790000.0,2066780,5139.47,578866000.0
1756425600000,112567.0,112639.0,107464.0,108377.0,22580,1756511999999,2475490000.0,3606959,10616.4,1164320000.0
1756512000000,108377.0,108926.0,107350.0,108816.0,10708,1756598399999,1160670000.0,1411040,5797.18,628458000.0
1756598400000,108816.0,109480.0,108077.0,108246.0,9490,1756684799999,1031810000.0,1366633,4573.61,497407000.0
1756684800000,108246.0,109912.0,107255.0,109237.0,16054,1756771199999,1742520000.0,2729384,7532.99,817731000.0
1756771200000,109237.0,111772.0,108393.0,111240.0,18510,1756857599999,2042680000.0,2596328,9088.72,1003030000.0
1756857600000,111240.0,112575.0,110529.0,111706.0,11774,1756943999999,1313760000.0,2214249,5539.29,618294000.0
1756944000000,111706.0,112180.0,109329.0,110731.0,12203,1757030399999,1349030000.0,2230255,6070.78,670681000.0
1757030400000,110731.0,113385.0,110207.0,110660.0,21587,1757116799999,2413130000.0,2970419,10787.8,1206070000.0
1757116800000,110660.0,111308.0,109977.0,110188.0,5000,1757203199999,552786000.0,795201,2308.83,255237000.0
1757203200000,110188.0,111600.0,110180.0,111137.0,5681,1757289599999,630448000.0,874961,2570.85,285304000.0
1757289600000,111137.0,112924.0,110622.0,112065.0,11582,1757375999999,1295900000.0,1744598,5531.66,618773000.0
1757376000000,112065.0,113293.0,110767.0,111546.0,15379,1757462399999,1721470000.0,2143242,7597.38,849973000.0
1757462400000,111546.0,114313.0,110917.0,113960.0,17517,1757548799999,1978830000.0,2182534,8274.64,934647000.0
1757548800000,113960.0,115488.0,113430.0,115483.0,13677,1757635199999,1562240000.0,2166359,6744.3,770595000.0
1757635200000,115483.0,116666.0,114741.0,116029.0,15324,1757721599999,1772120000.0,2481491,7995.57,924775000.0
1757721600000,116029.0,116299.0,115127.0,115918.0,8269,1757807999999,957724000.0,1223635,3590.09,415773000.0
1757808000000,115918.0,116165.0,115135.0,115268.0,6708,1757894399999,775762000.0,1237218,3406.91,393977000.0
1757894400000,115268.0,116758.0,114384.0,115350.0,13213,1757980799999,1522650000.0,2857989,6621.36,763139000.0
1757980800000,115350.0,116964.0,114737.0,116789.0,10927,1758067199999,1265780000.0,2047058,5292.18,613183000.0
1758067200000,116789.0,117287.0,114721.0,116448.0,16754,1758153599999,1946080000.0,3227418,7975.0,926282000.0
1758153600000,116448.0,117900.0,116093.0,117074.0,11657,1758239999999,1367510000.0,2252654,5717.35,670701000.0
1758240000000,117074.0,117460.0,115100.0,115632.0,8992,1758326399999,1045790000.0,1732471,4020.81,467346000.0
1758326400000,115632.0,116122.0,115408.0,115686.0,4675,1758412799999,541264000.0,740451,2276.16,263511000.0
1758412800000,115686.0,115819.0,115188.0,115232.0,4512,1758499199999,521300000.0,945965,2016.72,233032000.0
1758499200000,115232.0,115379.0,111800.0,112651.0,20782,1758585599999,2348870000.0,3045876,9312.36,1052680000.0
1758585600000,112651.0,113290.0,111459.0,111999.0,12301,1758671999999,1383870000.0,2455729,5543.36,623666000.0
1758672000000,111999.0,113940.0,111043.0,113307.0,12369,1758758399999,1394470000.0,2229837,6100.69,687826000.0
1758758400000,113307.0,113510.0,108632.0,108994.0,21231,1758844799999,2356640000.0,4409953,9511.08,1055530000.0
1758844800000,108994.0,110300.0,108620.0,109643.0,14243,1758931199999,1557100000.0,3257155,6978.29,762955000.0
1758931200000,109643.0,109744.0,109064.0,109636.0,5502,1759017599999,601948000.0,919594,2523.26,276081000.0
1759017600000,109636.0,112350.0,109190.0,112164.0,7542,1759103999999,832255000.0,1484866,3781.88,417496000.0
1759104000000,112164.0,114400.0,111561.0,114312.0,15541,1759190399999,1755250000.0,2442653,7836.69,884935000.0
1759190400000,114312.0,114792.0,112656.0,114049.0,15044,1759276799999,1710710000.0,3018331,7185.72,817044000.0
1759276800000,114049.0,118649.0,113967.0,118595.0,20036,1759363199999,2332100000.0,3430343,10071.0,1172420000.0
1759363200000,118595.0,121022.0,118279.0,120529.0,19671,1759449599999,2349860000.0,3472073,9753.08,1164990000.0
1759449600000,120529.0,123895.0,119248.0,122232.0,23936,1759535999999,2907380000.0,4246820,11288.6,1372790000.0
1759536000000,122232.0,122800.0,121510.0,122391.0,8208,1759622399999,1002270000.0,1703590,3767.8,460154000.0
1759622400000,122391.0,125708.0,122136.0,123482.0,22043,1759708799999,2730820000.0,3690670,11780.7,1459480000.0
1759708800000,123482.0,126200.0,123084.0,124659.0,19495,1759795199999,2428830000.0,4206167,9963.01,1241630000.0
1759795200000,124659.0,125126.0,120575.0,121333.0,21634,1759881599999,2657410000.0,4390785,9699.35,1191950000.0
1759881600000,121333.0,124197.0,121066.0,123306.0,17013,1759967999999,2084840000.0,4184997,9039.06,1107980000.0
1759968000000,123306.0,123763.0,119651.0,121662.0,21559,1760054399999,2621440000.0,4231167,10144.2,1233880000.0
1760054400000,121662.0,122550.0,102000.0,112774.0,64172,1760140799999,7349750000.0,11404522,30502.1,3493300000.0
1760140800000,112774.0,113322.0,109562.0,110644.0,35449,1760227199999,3961070000.0,6661929,15375.9,1718430000.0
1760227200000,110644.0,115770.0,109565.0,114959.0,32255,1760313599999,3638550000.0,6048575,16915.4,1907680000.0
1760313600000,114959.0,115964.0,113616.0,115166.0,22557,1760399999999,2591830000.0,5739352,10710.9,1230950000.0
1760400000000,115166.0,115410.0,109866.0,113028.0,31870,1760486399999,3578140000.0,7425642,14944.2,1677010000.0
1760486400000,113028.0,113612.0,110164.0,110763.0,22986,1760572799999,2569640000.0,5243141,10499.3,1173680000.0
1760572800000,110763.0,111982.0,107427.0,108194.0,29857,1760659199999,3277600000.0,6127094,13127.0,1441420000.0
1760659200000,108194.0,109240.0,103528.0,106432.0,37921,1760745599999,4022650000.0,7570685,17997.0,1909650000.0
1760745600000,106432.0,107499.0,106322.0,107185.0,11123,1760831999999,1189000000.0,2105450,4845.86,518066000.0
1760832000000,107185.0,109450.0,106103.0,108643.0,15481,1760918399999,1670070000.0,3205640,7100.31,766424000.0
1760918400000,108643.0,111706.0,107403.0,110532.0,19193,1761004799999,2119910000.0,4283542,9280.5,1024930000.0
1761004800000,110532.0,114000.0,107474.0,108298.0,37228,1761091199999,4114480000.0,6004063,17034.1,1881330000.0
1761091200000,108298.0,109164.0,106667.0,107567.0,28611,1761177599999,3090290000.0,5547903,13766.6,1487180000.0
1761177600000,107567.0,111294.0,107500.0,110078.0,17573,1761263999999,1924580000.0,3721614,8575.34,938905000.0
1761264000000,110078.0,112105.0,109700.0,111005.0,15005,1761350399999,1662810000.0,3241022,7511.24,832390000.0
1761350400000,111005.0,111943.0,110673.0,111646.0,6408,1761436799999,714201000.0,1238199,3087.09,344114000.0
1761436800000,111646.0,115467.0,111260.0,114559.0,13454,1761523199999,1525110000.0,2463951,6982.18,791462000.0
1761523200000,114559.0,116400.0,113830.0,114108.0,21450,1761609599999,2470870000.0,3660488,10969.7,1263750000.0
1761609600000,114108.0,116086.0,112211.0,112898.0,15523,1761695999999,1772750000.0,3829845,7765.32,887032000.0
1761696000000,112898.0,113644.0,109200.0,110021.0,21080,1761782399999,2356720000.0,4481480,10407.1,1163990000.0
1761782400000,110021.0,111592.0,106304.0,108323.0,25989,1761868799999,2827220000.0,6373451,12551.1,1365670000.0
1761868800000,108323.0,111190.0,108275.0,109608.0,21518,1761955199999,2361590000.0,5256872,10798.5,1185030000.0
1761955200000,109608.0,110564.0,109395.0,110098.0,7379,1762041599999,812389000.0,1994214,3406.68,375127000.0
1762041600000,110098.0,111250.0,109471.0,110541.0,12107,1762127999999,1336870000.0,2652188,5921.86,654017000.0
1762128000000,110541.0,110750.0,105307.0,106583.0,28681,1762214399999,3076010000.0,7074546,12847.1,1377870000.0
1762214400000,106583.0,107299.0,98944.4,101497.0,50535,1762300799999,5197700000.0,9099609,23389.0,2406190000.0
1762300800000,101497.0,104535.0,98966.8,103885.0,33779,1762387199999,3454270000.0,6500368,18126.8,1854230000.0
1762387200000,103885.0,104200.0,100301.0,101346.0,25815,1762473599999,2641770000.0,5755001,11972.5,1225470000.0
1762473600000,101346.0,104096.0,99260.9,103339.0,32060,1762559999999,3251110000.0,6335759,16056.8,1629560000.0
1762560000000,103339.0,103406.0,101454.0,102313.0,12391,1762646399999,1267170000.0,2743819,5862.66,599611000.0
1762646400000,102313.0,105496.0,101400.0,104723.0,16339,1762732799999,1687020000.0,3404204,8224.95,849621000.0
1762732800000,104723.0,106670.0,104265.0,106011.0,22682,1762819199999,2400140000.0,4710957,11595.8,1226970000.0
1762819200000,106011.0,107500.0,102476.0,103059.0,24197,1762905599999,2532280000.0,5532149,10717.0,1121890000.0
1762905600000,103059.0,105333.0,100814.0,101654.0,20458,1762991999999,2108510000.0,5314132,10155.7,1047210000.0
1762992000000,101654.0,104085.0,98000.4,99692.0,36199,1763078399999,3654700000.0,8125404,17250.2,1742450000.0
1763078400000,99692.0,99866.0,94012.5,94594.0,47288,1763164799999,4566090000.0,9551025,21184.9,2045540000.0
1763164800000,94594.0,96846.7,94558.5,95596.2,15111,1763251199999,1449070000.0,4263558,7115.78,682359000.0
1763251200000,95596.2,96635.1,93005.5,94261.4,23889,1763337599999,2261300000.0,5141394,10828.6,1025540000.0
1763337600000,94261.5,96043.0,91220.0,92215.1,39219,1763423999999,3674560000.0,8134322,18690.2,1750980000.0
1763424000000,92215.1,93836.0,89253.8,92960.8,39835,1763510399999,3641030000.0,8786593,20131.0,1841180000.0
1763510400000,92960.8,92980.2,88608.0,91555.0,32287,1763596799999,2925770000.0,6822174,15060.1,1365200000.0
1763596800000,91555.0,93160.0,86100.0,86637.2,39733,1763683199999,3548950000.0,7841395,18283.8,1634260000.0
1763683200000,86637.2,87498.9,80600.0,85129.4,72256,1763769599999,6061350000.0,11826480,34071.9,2859130000.0
1763769600000,85129.4,85620.0,83500.0,84739.7,14194,1763855999999,1197660000.0,4697593,6688.79,564562000.0
1763856000000,84739.8,88127.6,84667.6,86830.0,19734,1763942399999,1708690000.0,5063493,10406.5,901210000.0
1763942400000,86830.0,89228.0,85272.0,88300.0,24663,1764028799999,2150390000.0,6189156,12438.9,1085490000.0
1764028800000,88300.0,88520.0,86116.0,87370.0,19567,1764115199999,1708990000.0,4838747,9423.18,823124000.0
1764115200000,87370.0,90656.1,86306.8,90484.0,21676,1764201599999,1916850000.0,4668280,10883.6,962765000.0
1764201600000,90484.0,91950.0,90089.9,91334.0,16834,1764287999999,1535780000.0,3920172,8898.36,812006000.0
1764288000000,91333.9,93092.0,90180.6,90890.7,18831,1764374399999,1721420000.0,4229754,8961.65,820316000.0
1764374400000,90890.7,91165.6,90155.5,90802.4,7430,1764460799999,673726000.0,1677860,3359.05,304614000.0
1764460800000,90802.4,92000.0,90336.9,90360.0,9688,1764547199999,884052000.0,2154030,5002.97,456606000.0
1764547200000,90360.0,90417.0,83822.8,86286.0,34509,1764633599999,2977020000.0,7709685,15524.3,1338720000.0
1764633600000,86286.0,92307.6,86184.4,91277.9,28210,1764719999999,2519520000.0,6397299,13512.3,1206200000.0
1764720000000,91277.9,94150.0,90990.2,93430.0,25713,1764806399999,2386220000.0,6733182,12993.2,1206220000.0
1764806400000,93430.0,94080.0,90889.0,92078.1,19804,1764892799999,1836650000.0,5856049,8312.7,770992000.0
1764892800000,92078.1,92692.4,88056.0,89330.0,19793,1764979199999,1788440000.0,5520352,8722.14,787810000.0
1764979200000,89330.0,90290.0,88908.0,89236.8,8410,1765065599999,753421000.0,2482221,4041.73,362233000.0
1765065600000,89236.8,91760.0,87719.3,90395.3,13021,1765151999999,1167870000.0,3953071,6370.57,571547000.0
1765152000000,90395.3,92287.1,89612.0,90634.3,15794,1765238399999,1436920000.0,5458731,7296.74,663655000.0
1765238400000,90634.4,94589.0,89500.0,92678.8,21240,1765324799999,1956260000.0,5940223,10517.8,969426000.0
1765324800000,92678.8,94476.0,91563.1,92015.4,18999,1765411199999,1758770000.0,6025707,9197.33,852012000.0
1765411200000,92015.4,93555.0,89260.6,92513.4,19973,1765497599999,1814320000.0,6250438,9150.9,831530000.0
1765497600000,92513.4,92754.0,89480.0,90268.4,16679,1765583999999,1521680000.0,4956719,7986.68,728724000.0
1765584000000,90268.4,90634.5,89766.4,90240.0,5896,1765670399999,532251000.0,1363754,2237.98,202066000.0
1765670400000,90240.0,90472.4,87577.4,88172.2,9417,1765756799999,839079000.0,3115749,4005.71,356905000.0
1765756800000,88172.2,90052.6,85146.6,86432.1,19779,1765843199999,1732820000.0,6747167,9592.41,840350000.0
1765843200000,86432.1,88176.0,85266.0,87863.4,18456,1765929599999,1604670000.0,6099692,9065.98,788731000.0
1765929600000,87863.4,90365.9,85314.0,86243.2,19834,1766015999999,1733350000.0,6058638,9277.28,810618000.0
1766016000000,86243.2,89477.6,84450.0,85516.4,25405,1766102399999,2204220000.0,6946947,12668.5,1098650000.0
1766102400000,85516.4,89400.0,85110.2,88136.9,21257,1766188799999,1863240000.0,6482253,10880.1,953886000.0
1766188800000,88137.0,88573.1,87795.8,88360.9,5123,1766275199999,451919000.0,1174426,2456.37,216688000.0
1766275200000,88360.9,89081.8,87600.0,88658.9,7133,1766361599999,629721000.0,2030666,3450.39,304712000.0
1766361600000,88658.9,90588.2,87900.0,88620.8,14673,1766447999999,1310240000.0,4847747,7269.61,649187000.0
1766448000000,88620.8,88940.0,86601.9,87486.0,13910,1766534399999,1219900000.0,4465080,6381.77,559905000.0
1766534400000,87486.0,88049.9,86420.0,87669.5,9141,1766620799999,797461000.0,2877239,4543.27,396386000.0
1766620800000,87669.4,88592.7,86934.7,87225.3,7097,1766707199999,622970000.0,1992172,3390.96,297591000.0
1766707200000,87225.3,89567.8,86655.1,87369.6,18345,1766793599999,1616720000.0,4509482,8846.81,780465000.0
1766793600000,87369.6,87984.0,87253.0,87877.0,4470,1766879999999,391274000.0,957536,2065.72,180860000.0
1766880000000,87877.0,88088.8,87435.0,87952.7,4446,1766966399999,390327000.0,1241426,2230.75,195842000.0
1766966400000,87952.7,90406.1,86806.5,87237.1,19895,1767052799999,1762010000.0,4793589,10079.1,892298000.0
1767052800000,87237.1,89400.0,86845.7,88485.5,13106,1767139199999,1155020000.0,3542176,6561.56,578303000.0
1767139200000,88485.5,89200.0,87250.0,87648.2,11559,1767225599999,1019750000.0,2897396,5432.03,479105000.0
1767225600000,87648.2,88919.5,87550.4,88839.0,6280,1767311999999,552992000.0,1449281,3123.65,275090000.0
1767312000000,88839.0,90961.8,88379.9,89995.1,17397,1767398399999,1558960000.0,5010211,8929.35,800380000.0
1767398400000,89995.1,90741.2,89314.0,90628.0,7057,1767484799999,635515000.0,1684214,3791.72,341480000.0
1767484800000,90628.0,91810.0,90628.0,91529.7,10427,1767571199999,952161000.0,2207037,5320.99,485919000.0
1767571200000,91529.7,94789.1,91514.8,93859.7,20674,1767657599999,1927460000.0,5485489,10893.0,1015860000.0
1767657600000,93859.7,94444.4,91262.9,93748.0,18546,1767743999999,1728050000.0,5018686,8108.82,755998000.0
1767744000000,93748.0,93748.0,90675.5,91364.2,14276,1767830399999,1311910000.0,4340252,6714.87,616889000.0
1767830400000,91364.2,91688.0,89311.0,91100.0,16133,1767916799999,1460620000.0,4923472,8192.08,741769000.0
1767916800000,91100.0,92082.5,89694.7,90641.3,15590,1768003199999,1416910000.0,4155703,8512.43,774000000.0
1768003200000,90641.3,90832.0,90404.0,90504.7,3104,1768089599999,281321000.0,766357,1551.97,140665000.0
1768089600000,90504.7,91283.9,90236.0,91013.6,5477,1768175999999,497246000.0,1282029,2868.36,260448000.0
1768176000000,91013.7,92520.0,90128.4,91296.2,16188,1768262399999,1479960000.0,4099509,8092.54,740005000.0
1768262400000,91296.2,96495.0,91042.7,95414.0,23022,1768348799999,2149770000.0,5025071,12405.2,1159070000.0
1768348800000,95414.0,97924.5,94559.3,96951.8,22852,1768435199999,2201540000.0,5346212,11975.0,1154420000.0
1768435200000,96951.8,97193.3,95134.5,95604.8,21726,1768521599999,2093010000.0,4493095,10841.3,1045100000.0
1768521600000,95604.8,95871.5,94293.5,95550.9,11168,1768607999999,1064020000.0,2971559,5055.07,481723000.0
1768608000000,95550.9,95639.5,95021.7,95147.8,4281,1768694399999,408162000.0,1020527,2059.85,196399000.0
1768694400000,95147.8,95531.1,93615.4,93673.1,6895,1768780799999,654774000.0,1488785,3107.36,295218000.0
1768780800000,93673.1,93673.1,91910.2,92631.0,14296,1768867199999,1326770000.0,3359066,6906.84,640981000.0
1768867200000,92631.0,92870.0,87896.0,88427.7,22007,1768953599999,1989680000.0,6064031,9629.2,870936000.0
1768953600000,88427.7,90574.0,87263.5,89454.7,20618,1769039999999,1837710000.0,6419053,10265.2,915532000.0
1769040000000,89454.7,90360.0,88515.4,89559.7,10826,1769126399999,969911000.0,3743412,5529.55,495598000.0
1769126400000,89559.7,91225.0,88578.4,89600.3,13918,1769212799999,1248770000.0,4619907,6911.18,620204000.0
1769212800000,89600.3,89957.4,89162.1,89225.3,4227,1769299199999,378464000.0,959854,1835.97,164401000.0
1769299200000,89225.3,89319.1,86074.7,86670.4,14426,1769385599999,1264230000.0,3720178,6269.28,549305000.0
1769385600000,86670.4,88860.0,86509.6,88347.1,17767,1769471999999,1560140000.0,4798083,9428.94,827914000.0
1769472000000,88347.1,89523.2,87304.3,89250.0,13125,1769558399999,1160030000.0,3787336,6722.87,594389000.0
1769558400000,89250.0,90600.0,88833.6,89300.0,14332,1769644799999,1283920000.0,4385791,7015.44,628761000.0
1769644800000,89300.0,89348.0,83383.3,84650.2,30431,1769731199999,2610380000.0,5598749,12385.6,1062920000.0
1769731200000,84650.2,84735.8,81118.0,84260.5,35196,1769817599999,2918620000.0,8998829,16749.6,1389490000.0
1769817600000,84260.5,84270.0,75719.9,78741.1,39492,1769903999999,3155260000.0,7384976,17959.6,1435120000.0
1769904000000,78741.1,79424.0,75700.0,76968.2,25395,1769990399999,1974920000.0,8001906,12031.7,936096000.0
1769990400000,76968.2,79360.0,74604.0,78738.6,42274,1770076799999,3260750000.0,10085578,21480.5,1658980000.0
1770076800000,78738.6,79186.8,72945.5,75770.2,39120,1770163199999,2986900000.0,9199445,17304.9,1324120000.0
1770163200000,75770.2,76971.5,71888.0,73165.8,38375,1770249599999,2852830000.0,10724002,17274.4,1284660000.0
1770249600000,73165.8,73341.2,62345.0,62909.9,106299,1770335999999,7198750000.0,15364010,49042.6,3325750000.0
1770336000000,62909.9,71751.3,60000.0,70580.3,92539,1770422399999,6134060000.0,13228528,49477.5,3288430000.0
1770422400000,70580.3,71690.1,67300.0,69289.4,44255,1770508799999,3058980000.0,7167427,18766.2,1298990000.0
1770508800000,69289.4,72271.4,68888.0,70330.4,21421,1770595199999,1510000000.0,4870449,11435.8,805899000.0
1770595200000,70330.4,71453.5,68308.0,70138.0,29153,1770681599999,2038960000.0,6644769,13854.6,969002000.0
1770681600000,70138.0,70527.6,67800.0,68841.3,20374,1770767999999,1408620000.0,4558658,9237.21,638740000.0
1770768000000,68841.3,69292.9,65756.0,67082.5,28718,1770854399999,1930510000.0,6956577,14335.5,963904000.0
1770854400000,67082.5,68410.5,65118.0,66272.2,24272,1770940799999,1622160000.0,6778280,12101.7,809419000.0
1770940800000,66272.2,69483.0,65872.5,68854.0,20245,1771027199999,1371290000.0,6450842,10425.2,706767000.0
1771027200000,68854.0,70560.0,68730.1,69823.0,18115,1771113599999,1260260000.0,3803163,7857.93,546756000.0
1771113600000,69822.9,70983.0,68000.0,68832.6,22290,1771199999999,1545090000.0,4598633,8861.59,615733000.0
1771200000000,68832.6,70126.7,67294.1,68892.4,15516,1771286399999,1062800000.0,5233849,8153.43,558909000.0
1771286400000,68892.4,69241.5,66621.1,67503.5,16489,1771372799999,1117990000.0,5994853,7538.45,511426000.0
1771372800000,67503.5,68476.2,65870.0,66461.0,15492,1771459199999,1040490000.0,4548997,7895.06,530458000.0
1771459200000,66461.0,67320.0,65631.8,67003.7,14542,1771545599999,968864000.0,4679351,7106.71,473456000.0
1771545600000,67003.7,68318.4,66280.2,68020.0,35352,1771631999999,2378080000.0,5044912,15001.5,1010970000.0
1771632000000,68020.0,68698.7,67534.7,67975.9,8033,1771718399999,547592000.0,1593539,4003.46,272920000.0
1771718400000,67975.9,68245.0,67190.0,67643.4,8175,1771804799999,553613000.0,2160900,3974.29,269081000.0
1771804800000,67643.4,67684.9,63888.8,64656.0,33076,1771891199999,2158160000.0,8268695,16388.6,1069330000.0
1771891200000,64656.0,65026.8,62510.3,64058.1,23103,1771977599999,1469510000.0,7553629,11150.6,709235000.0
1771977600000,64058.1,69988.8,63913.3,67988.0,30750,1772063999999,2064090000.0,7096715,16382.9,1098900000.0
1772064000000,67988.0,68860.0,66500.0,67485.2,20738,1772150399999,1404770000.0,5426137,10172.5,689304000.0
1772150400000,67485.2,68216.8,64914.5,65872.1,21229,1772236799999,1412030000.0,3856064,10107.2,671986000.0
1772236800000,65872.1,67760.0,63030.0,66973.3,22549,1772323199999,1462860000.0,5268514,11531.1,748190000.0
1772323200000,66973.3,68200.0,65056.0,65776.5,23202,1772409599999,1545780000.0,5312013,11209.8,747162000.0
1772409600000,65776.5,70096.0,65259.2,68830.1,32010,1772495999999,2164580000.0,8397526,15335.9,1037870000.0
1772496000000,68830.1,69258.1,66158.0,68338.0,24972,1772582399999,1691850000.0,7648119,12331.6,835461000.0
1772582400000,68338.0,74050.0,67400.0,72666.8,44919,1772668799999,3202860000.0,8618302,23641.4,1685100000.0
1772668800000,72666.8,73558.1,70645.5,70890.7,26591,1772755199999,1917510000.0,6709160,12299.5,886773000.0
1772755200000,70891.0,71420.0,67744.8,68114.0,22630,1772841599999,1574600000.0,5302899,10464.1,728092000.0
1772841600000,68114.0,68551.0,66915.3,67262.9,12720,1772927999999,861730000.0,2067476,5910.77,400478000.0
1772928000000,67262.9,68200.0,65618.5,65971.2,21594,1773014399999,1447520000.0,3028392,11268.6,755732000.0
1773014400000,65971.2,69516.6,65822.0,68432.2,28897,1773100799999,1967620000.0,5093667,14101.5,960196000.0
1773100800000,68432.2,71777.0,68391.4,69948.6,32603,1773187199999,2292530000.0,5176064,16453.8,1157240000.0
1773187200000,69948.6,71321.0,68977.9,70191.9,27249,1773273599999,1911300000.0,4759855,14015.3,982972000.0
1773273600000,70191.9,70800.0,69205.9,70541.3,21997,1773359999999,1540750000.0,4344059,10545.0,738758000.0
1773360000000,70541.3,73913.7,70386.0,70930.0,35997,1773446399999,2591770000.0,5312490,18310.3,1319530000.0
1773446400000,70930.0,71307.9,70317.0,71212.0,13017,1773532799999,921309000.0,1661739,6242.1,441895000.0
1773532800000,71212.0,73199.0,70858.8,72815.2,14037,1773619199999,1007330000.0,2509013,7307.02,524441000.0
1773619200000,72815.2,74909.1,72270.4,74884.7,28410,1773705599999,2095860000.0,5396482,15204.2,1122050000.0
1773705600000,74884.7,76000.0,73399.2,73909.4,24521,1773791999999,1825980000.0,4863187,11791.3,878397000.0
1773792000000,73909.4,74672.3,70500.0,71246.5,23393,1773878399999,1692950000.0,4733897,11709.2,847905000.0
1773878400000,71246.5,71613.8,68793.4,69930.0,22365,1773964799999,1566570000.0,4972526,10489.1,734635000.0
1773964800000,69930.0,71367.0,69388.0,70510.7,18121,1774051199999,1273810000.0,4369971,8801.41,618782000.0
1774051200000,70510.7,71100.9,68571.4,68918.1,13397,1774137599999,942694000.0,1640086,6379.69,449156000.0
1774137600000,68918.1,69588.8,67360.7,67859.0,14844,1774223999999,1018930000.0,3269152,7292.32,500700000.0
1774224000000,67859.0,71817.1,67445.2,70906.5,28335,1774310399999,1980760000.0,6509730,14641.0,1022970000.0
1774310400000,70906.5,71400.0,68923.1,70556.7,20702,1774396799999,1455360000.0,4191328,9731.85,684254000.0
1774396800000,70556.7,72026.1,70408.0,71336.5,17720,1774483199999,1261020000.0,3298902,8819.78,627875000.0
1774483200000,71336.5,71436.8,68153.0,68820.3,20820,1774569599999,1447700000.0,3597702,10116.4,703650000.0
1774569600000,68820.3,69179.0,65548.2,66407.3,28604,1774655999999,1917320000.0,4159306,14568.6,976680000.0
1774656000000,66407.3,67288.9,65932.1,66377.0,11462,1774742399999,762676000.0,1687368,5753.04,382921000.0
1774742400000,66377.0,67130.5,65000.0,66010.9,10053,1774828799999,667004000.0,2146177,4769.43,316674000.0
1774828800000,66010.9,68169.6,65800.6,66797.4,18353,1774915199999,1234620000.0,3902849,9155.92,615748000.0
1774915200000,66797.4,68589.5,65998.0,68284.5,22105,1775001599999,1490170000.0,4846820,10726.2,723379000.0
1775001600000,68284.5,69310.0,67578.8,68113.9,19020,1775087999999,1301710000.0,3741910,9702.5,664126000.0
1775088000000,68113.9,68653.4,65712.1,66902.0,20203,1775174399999,1349220000.0,4189133,10090.7,673815000.0
1775174400000,66902.0,67370.4,66282.0,66964.3,11429,1775260799999,763536000.0,2023104,5535.27,369859000.0
1775260800000,66964.3,67562.9,66775.9,67300.4,7374,1775347199999,494932000.0,1356179,3701.33,248490000.0
1775347200000,67300.4,69136.2,66611.7,69034.2,11733,1775433599999,791662000.0,2106257,5791.56,391091000.0
1775433600000,69034.2,70351.5,68300.0,68853.7,20282,1775519999999,1408020000.0,4695523,10149.8,704798000.0
1775520000000,68853.7,72761.0,67732.0,71924.2,23750,1775606399999,1649640000.0,4871706,12465.2,866730000.0
1775606400000,71924.2,72857.0,70707.2,71069.9,19803,1775692799999,1418480000.0,3843988,9570.2,685666000.0
1775692800000,71069.9,73145.0,70466.0,71788.0,18158,1775779199999,1300320000.0,3773025,9604.32,687990000.0
1775779200000,71788.0,73434.0,71426.1,72962.7,17373,1775865599999,1259200000.0,3176308,8819.75,639706000.0
1775865600000,72962.7,73790.0,72513.1,73043.2,9071,1775951999999,662437000.0,1472041,4673.48,341269000.0
1775952000000,73043.2,73137.2,70505.9,70741.0,13472,1776038399999,962826000.0,2068779,6326.31,451854000.0
1776038400000,70741.6,74900.0,70567.0,74418.0,24230,1776124799999,1753370000.0,3673539,12639.8,914784000.0
1776124800000,74418.0,76038.0,73795.5,74131.5,26533,1776211199999,1982730000.0,4033448,13313.9,995694000.0
1776211200000,74131.5,75425.0,73514.0,74810.0,14425,1776297599999,1071450000.0,3187792,7014.02,521112000.0
1776297600000,74810.0,75534.8,73309.9,75154.3,17089,1776383999999,1274890000.0,3581890,8601.7,641950000.0
1776384000000,75154.3,78333.0,74529.4,77072.0,25941,1776470399999,1987340000.0,4931167,14435.5,1106590000.0
1776470400000,77072.0,77420.1,75445.2,75691.8,9142,1776556799999,698009000.0,1941112,4333.78,330918000.0
1776556800000,75691.8,76240.7,73762.9,73801.8,11370,1776643199999,854915000.0,2739751,5458.62,410654000.0
1776643200000,73801.8,76558.6,73724.3,75841.0,16993,1776729599999,1280500000.0,3563591,8812.7,664069000.0
1776729600000,75841.0,76927.6,74821.6,76336.1,14913,1776815999999,1132120000.0,3616213,7672.96,582660000.0
1776816000000,76336.1,79472.8,76133.0,78178.2,19738,1776902399999,1543730000.0,3757077,10376.1,811313000.0
1776902400000,78178.2,78662.5,76960.0,78257.5,16971,1776988799999,1321350000.0,3571796,7760.76,604322000.0
1776988800000,78257.5,78581.9,77264.1,77437.1,12675,1777075199999,986933000.0,2581973,6148.06,478779000.0
1777075200000,77437.1,77885.4,77140.2,77625.0,5685,1777161599999,440684000.0,806542,2999.85,232568000.0
1777161600000,77625.0,78961.0,77326.5,78657.5,7964,1777247999999,621992000.0,1476971,3981.87,311150000.0
1777248000000,78657.5,79485.7,76459.6,77371.3,16047,1777334399999,1247830000.0,2982889,7712.53,600122000.0
1777334400000,77371.3,77478.0,75666.6,76342.8,13211,1777420799999,1010410000.0,2352446,6518.95,498681000.0
1777420800000,76342.8,77904.9,74937.5,75780.0,18280,1777507199999,1399740000.0,3032890,9680.02,741280000.0
1777507200000,75780.0,76669.1,75323.6,76346.6,10382,1777593599999,790585000.0,2569480,5585.19,425311000.0
1777593600000,76346.6,78914.1,76320.4,78231.1,17315,1777679999999,1347840000.0,2388458,8322.98,647850000.0
1777680000000,78231.1,79199.5,78040.0,78686.9,6151,1777766399999,482238000.0,936143,3297.04,258534000.0
1777766400000,78686.8,79447.0,78084.1,78568.6,7426,1777852799999,584294000.0,1352474,3464.91,272683000.0
1777852800000,78568.6,80777.0,78202.0,79861.0,26043,1777939199999,2074170000.0,3734604,13351.6,1063050000.0
1777939200000,79861.0,81791.5,79808.7,80905.5,16947,1778025599999,1374320000.0,2490930,8628.15,699850000.0
1778025600000,80905.5,82850.0,80731.1,81447.0,18799,1778111999999,1535650000.0,2794707,9976.69,815009000.0
1778112000000,81447.0,81708.3,79500.0,80006.0,16155,1778198399999,1300770000.0,2540329,7625.15,614219000.0
1778198400000,80006.0,80500.0,79181.5,80193.2,16001,1778284799999,1278570000.0,2265372,8328.39,665600000.0
1778284800000,80193.2,81080.0,80129.9,80678.4,7548,1778371199999,607596000.0,1002373,4032.73,324555000.0
1778371200000,80678.4,82479.3,80279.8,82210.1,12034,1778457599999,977224000.0,1801608,6395.9,519505000.0
1778457600000,82210.1,82380.0,80463.0,81745.6,12952,1778543999999,1053190000.0,2576396,6132.37,498861000.0
1778544000000,81745.7,81788.0,79843.6,80504.5,12386,1778630399999,1000180000.0,2345137,5716.2,461740000.0
1778630400000,80504.5,81324.6,78754.6,79313.6,14810,1778716799999,1184930000.0,2350570,7161.64,573130000.0
1778716800000,79313.6,82048.1,78922.0,81090.0,19728,1778803199999,1590660000.0,3101046,10750.2,867205000.0
1778803200000,81090.0,81664.5,78659.0,79113.2,17351,1778889599999,1387150000.0,3184114,8333.18,666666000.0
1778889600000,79113.2,79227.8,77640.0,78148.0,12133,1778975999999,949891000.0,1597661,5776.31,452258000.0
1778976000000,78148.0,78600.0,76735.2,77457.7,8443,1779062399999,658062000.0,1570433,3897.87,303859000.0
1779062400000,77457.7,77800.0,76051.0,77001.9,18746,1779148799999,1439860000.0,3529328,8916.46,684999000.0
1779148800000,77001.9,77414.6,76144.7,76834.4,11025,1779235199999,846904000.0,2315121,5680.77,436435000.0
1779235200000,76834.4,77853.0,76516.7,77552.2,11296,1779321599999,873091000.0,2437754,5606.16,433402000.0
1779321600000,77552.2,78200.0,76719.5,77615.5,11318,1779407999999,878169000.0,2473146,5765.01,447291000.0
1779408000000,77615.5,77900.0,75359.2,75539.5,11272,1779494399999,866200000.0,2370783,5204.99,400375000.0
1779494400000,75539.5,77404.2,74289.6,76752.0,15087,1779580799999,1139000000.0,2103536,7738.59,584407000.0
1779580800000,76752.0,77543.1,76108.0,77065.0,8398,1779667199999,644926000.0,1612969,4513.13,346628000.0
1779667200000,77065.0,77905.5,76914.2,77322.0,7672,1779753599999,593868000.0,1778509,3644.38,282126000.0
1779753600000,77322.0,78080.0,75678.0,75930.0,16953,1779839999999,1299610000.0,3360745,7867.04,603376000.0
1779840000000,75930.0,76174.1,74244.0,74449.3,16878,1779926399999,1270680000.0,3367068,7990.82,601881000.0
1779926400000,74449.3,74590.8,72582.8,73617.5,21274,1780012799999,1560810000.0,3799713,11285.4,828071000.0
1780012800000,73617.5,74514.1,72512.5,73460.8,18687,1780099199999,1376110000.0,2897318,10668.4,786122000.0
1780099200000,73460.8,74143.8,73216.0,73884.4,7515,1780185599999,553989000.0,1124406,4118.11,303592000.0
1780185600000,73884.4,74275.7,73400.0,73674.4,6986,1780271999999,515908000.0,1363437,3407.47,251630000.0
1780272000000,73674.4,74092.0,70686.7,71408.9,23921,1780358399999,1723960000.0,4237773,11600.3,835109000.0
1780358400000,71408.9,71408.9,66193.0,66760.8,32858,1780444799999,2253350000.0,6250677,15675.5,1074440000.0
1780444800000,66760.8,67516.0,64092.5,64142.8,30138,1780531199999,1998350000.0,6676358,14567.3,967368000.0
1780531200000,64142.8,64764.3,61383.6,63886.0,43577,1780617599999,2759350000.0,9057976,20172.8,1278140000.0
1780617600000,63886.0,63978.0,59130.9,61056.5,55027,1780703999999,3379020000.0,11658856,24879.5,1529680000.0
1780704000000,61056.5,61530.1,59500.0,60884.6,19796,1780790399999,1202330000.0,5000874,9473.56,575481000.0
1780790400000,60884.6,64234.7,60746.0,63332.0,26612,1780876799999,1656650000.0,4752461,14156.3,882491000.0
1780876800000,63332.0,64200.0,62408.0,63086.0,23053,1780963199999,1462560000.0,4887564,11228.0,712684000.0
1780963200000,63086.0,63526.0,60780.0,61730.0,21636,1781049599999,1347320000.0,4347332,10357.2,645037000.0
1781049600000,61730.0,62858.0,60755.0,61511.0,15999,1781135999999,986711000.0,4655686,7714.59,475909000.0
1781136000000,61511.0,63933.0,61511.0,63626.0,17381,1781222399999,1093210000.0,3446803,8975.49,564559000.0
1781222400000,63626.0,64394.4,62829.8,63580.0,16397,1781308799999,1042660000.0,3154052,8373.87,532498000.0
1781308800000,63580.0,64762.8,63418.7,64458.0,9961,1781395199999,637302000.0,1489009,5326.35,340833000.0
1781395200000,64458.0,65800.0,63678.8,65746.5,13203,1781481599999,853655000.0,2060901,6966.05,450844000.0
1781481600000,65746.5,67292.1,65354.0,66328.7,18560,1781567999999,1230680000.0,3140494,8827.32,585353000.0
1781568000000,66328.7,66992.0,65360.9,65675.0,14302,1781654399999,945125000.0,2964629,6709.6,443519000.0
1781654400000,65675.0,66445.9,63915.8,64509.4,19049,1781740799999,1242900000.0,3933123,9344.31,609796000.0
1781740800000,64509.4,64806.0,62272.1,62958.0,16936,1781827199999,1076020000.0,3573931,8148.66,517694000.0
1781827200000,62958.0,63666.0,62316.4,63543.9,14247,1781913599999,896103000.0,2671918,6709.21,421982000.0
1781913600000,63543.9,64388.0,63184.2,64298.0,9522,1781999999999,607077000.0,1970081,4669.86,297797000.0
1782000000000,64298.0,64588.0,63270.0,63312.0,8035,1782086399999,514862000.0,1768294,3833.13,245703000.0
1782086400000,63312.0,65622.8,63312.0,64020.0,15423,1782172799999,995035000.0,3521337,7677.53,495355000.0
1782172800000,64020.0,64275.4,61938.0,62734.6,20223,1782259199999,1268090000.0,3626190,9113.27,571634000.0
1782259200000,62734.6,63239.1,59102.7,61078.0,30678,1782345599999,1871890000.0,5367531,14451.5,882414000.0
1782345600000,61078.0,61962.4,58115.0,59794.0,30386,1782431999999,1822850000.0,5683275,14406.2,865170000.0
1782432000000,59794.6,60760.0,58337.0,60097.3,27404,1782518399999,1636100000.0,6019134,13907.5,831253000.0
1782518400000,60097.3,60941.2,59855.2,60029.0,9587,1782604799999,578765000.0,1763416,5067.93,305951000.0
1782604800000,60029.0,60545.0,58905.0,59577.0,8907,1782691199999,533333000.0,2299232,4290.65,257042000.0
1782691200000,59577.0,60780.6,58900.0,60260.2,20203,1782777599999,1210650000.0,4884336,10334.2,619595000.0
1782777600000,60260.2,60276.5,58201.0,58624.7,19640,1782863999999,1157910000.0,3804809,8879.55,523472000.0
1782864000000,58624.7,61334.0,57800.2,60024.0,25093,1782950399999,1491050000.0,4166849,12936.1,769788000.0
1782950400000,60024.0,62200.0,59588.0,61560.0,21382,1783036799999,1308160000.0,3883096,11394.9,697154000.0
1783036800000,61560.0,62979.9,61248.9,62583.3,14049,1783123199999,870360000.0,2571531,7249.99,449357000.0
1783123200000,62583.3,63462.0,62328.2,63144.0,9140,1783209599999,574234000.0,1643288,4753.54,298757000.0
1783209600000,63144.0,63999.0,62436.6,63650.0,9172,1783295999999,577866000.0,1790183,4565.94,287772000.0
1783296000000,63650.0,64700.0,61306.8,64042.0,21435,1783382399999,1347960000.0,3777895,11556.6,725800000.0
1783382400000,64042.9,64314.0,62671.4,63364.0,16834,1783468799999,1069270000.0,3282102,8128.2,516256000.0
1783468800000,63364.0,63762.0,61544.6,62290.0,18620,1783555199999,1160090000.0,3598487,8338.57,519457000.0
1783555200000,62290.0,63500.0,61705.3,63230.0,16743,1783641599999,1050850000.0,3176050,7922.48,497503000.0
1783641600000,63230.0,64692.8,62926.0,64161.7,17589,1783727999999,1126100000.0,2927425,8727.5,558839000.0
1783728000000,64161.7,64504.1,63819.0,63819.0,9152,1783814399999,587470000.0,1406178,3908.29,250875000.0
1783814400000,63819.0,64290.1,63640.8,63780.0,13915,1783900799999,889939000.0,1919605,6757.01,432157000.0
1783900800000,63780.0,64425.0,61825.0,62334.5,21683,1783987199999,1361100000.0,3349712,9861.44,618891000.0
1783987200000,62334.5,65100.0,62272.2,65044.0,20552,1784073599999,1310850000.0,3080945,10847.5,692544000.0
1784073600000,65044.0,65600.0,64485.0,64756.3,18402,1784159999999,1195650000.0,2668919,9009.48,585448000.0
1784160000000,64756.3,64997.5,63748.7,63830.2,18765,1784246399999,1206500000.0,2813481,9007.31,579112000.0
1784246400000,63830.2,64388.0,62537.6,63931.7,18190,1784332799999,1152550000.0,3239296,8618.44,545927000.0
1784332800000,63931.7,64865.0,63886.6,64834.2,8031,1784419199999,515955000.0,1088701,4100.21,263413000.0
1784419200000,64834.2,64967.2,64280.0,64722.5,8380,1784505599999,541559000.0,1464337,4281.97,276729000.0
1784505600000,64722.6,65799.0,63100.0,65255.5,21323,1784591999999,1379180000.0,3606847,10104.8,654547000.0
1784592000000,65255.5,66956.1,65148.8,66556.2,18618,1784678399999,1232800000.0,3005241,9545.81,632017000.0
1784678400000,66556.1,66739.9,65553.7,66114.5,18075,1784764799999,1193960000.0,3381825,8854.47,585012000.0
1784764800000,66114.5,66313.1,64650.0,65099.0,14698,1784851199999,959991000.0,2557299,7036.32,459603000.0
1784851200000,65099.0,65808.6,63739.8,64140.0,16821,1784937599999,1086880000.0,2467691,8133.22,525536000.0
1784937600000,64140.0,64475.3,63810.0,64375.0,8863,1785023999999,568282000.0,1005338,4621.5,296312000.0
1785024000000,64375.0,65577.0,64293.8,65400.0,7933,1785110399999,513834000.0,1138023,4091.48,265047000.0
1785110400000,65400.0,65744.6,63605.6,63755.9,14792,1785196799999,961311000.0,2921636,6694.83,435157000.0
1785196800000,63755.9,64100.0,62742.5,63915.0,13890,1785283199999,881902000.0,2679943,7070.03,449032000.0
1785283200000,63915.0,64744.8,63267.3,63984.3,16780,1785369599999,1075620000.0,3615294,8931.62,572492000.0
1785369600000,63984.3,65176.6,63603.9,64780.0,17132,1785455999999,1104860000.0,3246691,8996.19,580227000.0
1785456000000,64780.0,65409.6,62466.0,62887.9,20476,1785542399999,1302020000.0,2740238,9659.56,614196000.0
1785542400000,62887.9,63150.0,62275.0,62823.6,7563,1785628799999,475812000.0,831983,3772.24,237337000.0
1785628800000,62823.6,63796.3,62806.6,63570.0,8387,1785715199999,531238000.0,1286064,4566.33,289282000.0
1785715200000,63570.0,64080.0,62300.0,63520.0,15543,1785801599999,983698000.0,2494364,7987.9,505558000.0
1785801600000,63520.0,64549.2,63322.0,64106.6,13690,1785887999999,875058000.0,2388039,7360.46,470520000.0
1785888000000,64106.6,65025.2,63880.0,64665.2,12743,1785974399999,820930000.0,2402227,6522.48,420181000.0
1785974400000,64665.2,64999.0,64172.0,64323.6,9864,1786060799999,637367000.0,2087951,4666.15,301531000.0
1786060800000,64323.6,65391.0,64166.0,64923.2,11807,1786147199999,765604000.0,2283383,5639.27,365760000.0
1786147200000,64923.2,65192.5,64784.2,64962.6,5760,1786233599999,374451000.0,540447,2810.01,182668000.0
1786233600000,64962.6,65474.5,64730.1,64901.6,7031,1786319999999,457366000.0,803981,3207.33,208617000.0
1786320000000,64901.6,65391.1,63806.3,63970.0,13638,1786406399999,880503000.0,2054347,6946.63,448395000.0
1786406400000,63970.0,64515.4,63238.0,63600.0,12892,1786492799999,823992000.0,1660517,6363.01,406581000.0
1786492800000,63600.0,64500.0,63310.3,63480.0,13627,1786579199999,868963000.0,1990499,6993.83,445814000.0
1786579200000,63480.0,64010.0,62802.3,63490.9,10794,1786665599999,685845000.0,2078777,5588.3,355148000.0
1786665600000,63490.9,63617.4,62535.2,63043.6,12341,1786751999999,777409000.0,2184530,6678.28,420633000.0
1786752000000,63043.6,63188.0,62920.0,63086.0,5405,1786838399999,340891000.0,540313,3110.52,196180000.0
1786838400000,63086.0,63390.0,62716.0,62900.0,4737,1786924799999,298698000.0,640294,2498.04,157498000.0
1786924800000,62900.0,64610.0,62751.1,64532.1,14256,1787011199999,909366000.0,2111256,7186.91,458508000.0
1787011200000,64532.1,65058.8,64027.9,64725.4,11790,1787097599999,759405000.0,1608019,5759.25,370988000.0
1787097600000,64725.4,70000.0,64166.0,69334.8,29054,1787183999999,1954770000.0,4160596,15646.9,1052900000.0
1787184000000,69334.8,73400.0,68902.2,73025.1,35905,1787270399999,2562050000.0,6249114,18144.9,1294800000.0
1787270400000,73027.0,79500.0,73027.0,78338.0,44340,1787356799999,3401670000.0,8928944,23033.9,1766190000.0
1787356800000,78338.0,78828.1,76500.0,77074.9,18525,1787443199999,1433770000.0,3950045,9413.19,728651000.0
1787443200000,77074.9,78052.9,75545.7,77734.0,15367,1787529599999,1182630000.0,3627829,8207.35,631902000.0
1787529600000,77734.0,80000.0,76670.0,78992.8,30179,1787615999999,2367960000.0,6334409,15034.0,1180080000.0
1787616000000,78992.8,81272.6,77851.0,78539.1,24773,1787702399999,1972170000.0,6360202,12633.4,1006290000.0
1787702400000,78539.1,79251.6,77632.6,79023.8,14614,1787788799999,1148240000.0,4284527,7299.27,573666000.0
1787788800000,79023.8,80848.7,78546.1,80249.6,16266,1787875199999,1297370000.0,4932285,7358.5,587134000.0
1787875200000,80249.6,81478.9,76888.0,77845.9,19756,1787961599999,1560930000.0,4822157,9300.41,735228000.0
1787961600000,77845.9,78330.0,77382.4,78230.0,7016,1788047999999,545868000.0,1519886,3594.9,279676000.0
1788048000000,78230.0,79400.0,77000.0,77682.0,9085,1788134399999,712507000.0,2404922,4314.34,338433000.0
1788134400000,77682.0,79250.0,77392.0,78581.3,15304,1788220799999,1198160000.0,4354737,8150.64,638245000.0
1788220800000,78581.3,79220.6,76420.0,77439.0,14131,1788307199999,1101390000.0,3662805,7128.15,555982000.0
1788307200000,77439.0,77792.0,76264.0,77340.0,13071,1788393599999,1008330000.0,3312492,6647.38,512773000.0
1788393600000,77340.0,82300.0,76968.0,81270.4,19806,1788479999999,1579640000.0,4460645,10841.4,864605000.0
1788480000000,81270.4,81427.8,78660.0,79660.8,19199,1788566399999,1538390000.0,3417900,9282.36,744029000.0
1788566400000,79660.8,80200.0,79442.0,79831.8,9117,1788652799999,727162000.0,1276050,4255.28,339348000.0
1788652800000,79831.8,80560.0,79233.0,80341.8,8855,1788739199999,707422000.0,1658245,4212.19,336600000.0
1788739200000,80341.8,80444.0,78680.0,79112.0,10572,1788825599999,839883000.0,2464603,5180.16,411564000.0
1788825600000,79112.0,79485.0,77620.0,78455.8,19235,1788911999999,1510080000.0,4339646,8541.12,670839000.0
1788912000000,78455.8,79760.0,77770.0,78306.4,14130,1788998399999,1114730000.0,3338369,6620.08,522307000.0
1788998400000,78306.4,78564.4,76464.0,76568.7,15320,1789084799999,1188120000.0,3080707,6426.97,498398000.0
1789084800000,76568.7,79890.0,76046.6,77225.7,19713,1789171199999,1528810000.0,3614263,9852.15,764153000.0
1789171200000,77225.7,77505.7,77059.8,77278.7,8060,1789257599999,622849000.0,748574,4312.77,333248000.0
1789257600000,77278.7,77450.0,76500.0,76842.0,6960,1789343999999,536092000.0,1275503,3615.73,278537000.0
1789344000000,76842.0,79600.0,76388.7,78189.2,15413,1789430399999,1204560000.0,3225517,8203.7,641079000.0
1789430400000,78189.2,78250.5,74968.0,75644.5,21683,1789516799999,1658730000.0,3419940,10645.0,814766000.0
1789516800000,75644.5,76560.8,75064.8,76206.0,14888,1789603199999,1129240000.0,3057694,7531.01,571340000.0
1789603200000,76206.0,77179.5,76000.0,76417.0,10925,1789689599999,836426000.0,2014558,5842.32,447318000.0
1789689600000,76417.0,81400.0,76296.0,80883.9,23908,1789775999999,1897720000.0,3193109,12932.8,1025410000.0
1789776000000,80883.9,81951.0,80844.6,81250.0,10664,1789862399999,867622000.0,1648389,5134.66,417901000.0
1789862400000,81250.0,81497.3,80126.0,81178.0,10994,1789948799999,887778000.0,1941278,6011.33,485416000.0
1789948800000,81178.0,87395.7,80850.2,86620.0,31963,1790035199999,2702560000.0,4461004,16545.2,1398320000.0
1790035200000,86620.0,86717.6,85114.0,86208.6,21328,1790121599999,1834040000.0,3386775,9485.29,815538000.0
1790121600000,86208.6,87278.5,83500.0,84397.6,22151,1790207999999,1887740000.0,3301896,10334.7,881465000.0
1790208000000,84397.6,84942.5,82874.9,84410.2,18704,1790294399999,1572040000.0,3293051,8797.51,739744000.0
1790294400000,84410.2,85255.0,83183.0,84100.0,18056,1790380799999,1520260000.0,2848596,8541.13,719546000.0
1790380800000,84100.0,84473.6,83798.0,84433.1,8058,1790467199999,677578000.0,946697,3902.91,328189000.0
